DefaultA-ContA	DefaultA-ContB	DefaultA-ContC	DefaultA-DefaultB	DefaultA-DefaultC	DefaultA-DorsAttnA	DefaultA-DorsAttnB	DefaultA-LimbicA	DefaultA-LimbicB	DefaultA-SalVentAttnA	DefaultA-SalVentAttnB	DefaultA-SomMotA	DefaultA-SomMotB	DefaultA-TempPar	DefaultA-VisCent	DefaultA-VisPeri
4.353129	3.143643	21.997898	10.57846	5.395417	10.38146	1.382623	9.787251	3.732395	2.164852	0.578435	0.61578	2.763992	0.610587	2.428265	4.131788
0.077092	3.708769	22.230048	2.205934	0.710365	0.525939	0.314843	3.485077	9.810535	1.782979	4.973548	0.271529	0.251621	0.55972	1.694701	3.193602
1.768895	7.427679	7.824214	2.349521	6.41421	0.617711	1.093745	0.221971	14.304583	1.746545	1.51605	1.338032	1.26212	4.008045	0.522446	1.125368
2.193315	3.138724	24.351872	7.072883	5.260125	1.931118	1.439229	0.677036	7.542214	1.626317	1.918372	10.153504	2.967585	1.046137	2.523382	8.688745
8.75937	2.543367	9.11675	8.177295	1.417548	8.322272	0.835856	4.133758	10.655571	1.584839	1.881514	8.177076	9.995269	1.743039	1.090251	2.730609
9.824197	0.600296	16.382373	6.645816	0.261702	1.392357	0.700222	11.828034	20.333459	2.445504	10.41119	7.66001	0.210977	3.294141	2.151551	9.244543
9.092568	8.339233	9.697683	21.386989	2.157601	6.087606	1.791859	7.789036	25.467661	2.879852	12.944935	18.377769	12.274565	1.162607	7.560787	8.251313
5.17428	2.388233	28.334977	3.319813	0.38141	7.705862	0.269753	3.033417	7.278424	9.861353	8.739185	0.575029	5.388037	0.283498	2.437477	0.849126
0.148657	1.989074	7.600286	0.158667	0.372987	0.29052	0.389286	2.674118	0.746788	2.003895	14.144393	3.945494	0.865298	1.97716	1.925233	1.466885
0.587186	2.82329	16.500754	6.625469	2.305994	5.192815	1.300525	0.055077	6.997079	3.685761	3.383525	2.378546	0.987472	1.4422	3.846908	0.456357
2.403365	0.404324	6.44535	4.58449	0.704875	0.271686	0.059012	0.326353	8.234533	0.818792	0.979917	0.915604	1.448385	1.185938	0.033821	0.259296
0.065714	2.701224	22.841606	5.804537	0.192489	1.97852	1.207371	0.767439	4.103965	6.943547	4.500222	7.032575	2.638467	0.081712	0.532877	8.616433
1.399242	0.381338	33.740631	0.406528	2.025514	1.045991	2.794202	6.851896	12.888878	2.115338	11.649397	3.874089	0.709081	4.451719	0.029036	1.351405
0.787523	0.830488	21.131994	1.729515	1.796096	0.797374	5.885375	0.607731	3.988207	1.327854	0.769877	0.571588	0.802022	2.860266	3.52815	2.862152
0.86098	0.157163	11.683103	11.465974	1.68598	2.026665	0.747095	1.071552	3.8117	1.106393	1.445549	1.403785	1.473075	1.381113	0.379121	0.117927
1.884596	3.906521	25.349562	3.169582	0.730113	1.649521	0.035034	0.26427	1.405873	0.229002	1.708834	3.485107	0.125783	0.159036	0.840944	1.363362
0.222779	1.458098	12.222254	18.840294	1.999877	5.033038	1.40635	0.457149	5.061511	1.830284	5.50026	11.151918	9.009852	0.372407	3.57058	4.140201
1.287298	2.202936	13.598381	2.06941	2.726384	4.666332	4.328126	1.700225	3.685163	3.219342	1.173024	3.089028	3.315126	2.906114	2.347235	0.993512
0.082636	1.141462	1.86082	1.238108	2.450675	3.815633	0.733813	1.300686	2.479131	1.563476	0.32318	0.90207	0.928042	0.803712	1.541467	0.200345
6.154229	1.032632	24.891188	8.005526	9.11364	1.682649	0.368985	4.208205	11.268485	2.513902	5.814059	8.813743	3.968575	2.276284	1.989655	17.74811
1.199032	3.543976	46.31276	4.720022	3.953254	7.977676	1.519709	6.477028	19.511024	2.134941	9.034447	1.001251	3.311607	10.800493	1.324944	0.600769
5.676899	10.942953	30.667674	38.483406	2.140523	2.16596	2.761286	8.737326	10.80358	4.026512	3.537761	4.494687	5.01424	4.876589	0.728658	6.205891
15.277384	3.119334	54.642011	15.03562	3.234132	2.224809	8.065293	36.052798	35.105554	16.588024	33.522994	2.319414	8.205508	23.005301	9.63176	1.512566
0.414996	0.188542	10.780544	10.952682	2.96957	5.797407	5.47617	3.781799	10.213122	1.271475	8.086406	5.443918	1.234235	0.120891	0.151173	5.903264
26.8842	30.690268	23.894584	36.693913	8.243424	7.333689	3.298636	27.100526	31.22526	2.501389	5.571451	9.635885	33.184604	4.315072	1.383016	1.766696
0.833884	1.072303	0.121314	1.758933	2.581918	11.238024	1.141727	1.981926	18.459601	4.716006	1.026669	8.984898	7.69813	1.70842	0.359648	4.546027
2.031218	5.152248	22.29017	25.373615	4.140745	1.902276	1.406768	5.09864	5.796564	0.1498	1.522527	6.320791	0.156993	5.814791	2.003966	1.593006
4.913468	11.6443	32.028585	24.588687	0.894448	5.020024	1.989581	4.775003	11.578436	0.764134	1.734718	8.420997	12.134187	0.326318	1.856571	4.48834
0.501514	2.076342	20.871994	6.537374	2.438384	10.779469	0.542821	8.723641	12.826	1.169419	0.494394	6.740605	2.534494	15.149049	1.833847	15.384615
0.097382	2.897933	19.771749	9.82632	2.018245	5.312726	0.154359	1.240799	25.50589	2.750335	5.727719	0.207013	0.125363	4.780158	1.102578	0.71807
4.034741	2.131225	26.020055	21.340797	0.528525	11.245596	14.302637	18.293287	22.25045	40.493325	12.261625	7.696827	37.695093	19.526586	15.735929	9.159044
18.633433	14.767199	41.977131	21.768497	5.11497	2.185157	1.11301	19.203763	21.403235	2.124596	3.341026	3.6166	6.789209	4.377661	4.889431	4.258228
3.694936	3.605819	12.367428	6.37864	5.518008	1.291447	1.320614	2.508951	3.160139	3.63406	0.524621	3.622417	2.767391	10.446485	3.769307	0.718892
0.553893	2.216189	8.070236	11.810856	0.806221	8.21076	2.792407	4.468959	9.426871	0.383897	6.496239	5.36697	2.404143	6.799859	2.716685	3.362272
4.733448	9.808643	42.68787	18.519559	0.54682	15.01305	1.405672	5.816479	18.145862	3.035278	4.134803	15.20161	8.223903	3.487779	1.758276	15.037125
13.386443	2.482935	32.67946	6.640582	2.714554	0.192698	0.411426	13.808818	12.945246	3.523663	7.962144	5.544647	0.892986	7.947077	0.231887	4.13132
3.682996	0.656759	10.423156	26.879265	1.818866	1.922005	0.583213	8.425617	6.775216	0.148854	0.506231	4.409198	7.517307	0.925064	3.664417	2.032167
4.170419	0.150253	11.589175	18.339003	0.090702	10.195955	6.78962	2.764524	8.485725	9.086961	6.632615	2.310475	2.161939	0.387105	1.913042	0.258702
1.935872	0.023206	22.937295	1.751881	0.015053	0.257159	0.993713	0.572738	3.92463	0.221559	2.725607	1.179491	0.776472	0.031749	4.371722	0.708952
0.434862	5.396164	19.997822	19.644282	0.209947	1.682761	7.414325	7.974465	13.200105	1.090151	1.681406	2.134801	4.70607	0.688563	3.239408	0.860862
1.865578	2.639828	8.365272	3.396918	18.388833	4.089455	2.566927	0.204182	7.87882	2.408505	1.296393	2.543702	2.290176	2.909392	3.200454	3.312497
2.768927	0.458726	9.471063	6.067157	1.50969	2.026788	0.617555	1.095014	1.121007	5.599193	0.191159	0.517266	0.607428	2.752078	2.746255	2.675598
2.178805	0.551125	18.754012	6.57757	5.216347	4.81179	0.800176	4.920068	0.106583	3.301343	1.757392	5.166855	0.444632	5.868295	0.093279	1.028453
9.007824	6.582702	29.149782	23.857638	9.417276	5.661888	0.541285	12.562092	21.847351	3.522831	6.115351	8.078882	4.179831	14.351159	1.137149	7.393787
7.570247	1.489455	28.034958	11.267772	0.636876	0.101156	0.643512	14.493602	34.476783	3.399805	16.791936	3.253361	3.097955	1.464327	0.778914	2.209518
0.094717	0.798951	7.891106	5.63883	1.624786	7.406641	1.408343	2.920056	1.003062	1.239479	0.288407	0.195641	1.778186	1.558049	2.676129	0.560179
3.383849	0.144762	15.25427	5.912444	3.472065	2.282427	2.388674	9.482094	10.323046	3.795979	8.517796	3.938272	3.58873	5.877934	0.593891	0.543823
5.087152	0.336345	6.284203	2.389028	2.284913	0.972542	1.006924	5.744819	10.932674	2.60423	0.962542	0.563561	0.07711	3.541677	0.379158	0.913498
5.245322	8.043998	8.304248	9.438219	9.154579	4.01618	1.594057	5.3599	9.916012	3.620315	8.961903	2.452548	1.964337	6.620044	4.326366	7.859265
1.333804	0.237876	31.676333	4.684128	1.139171	1.511182	0.497433	2.9089	4.004876	2.107533	1.101722	7.880805	1.491647	0.703169	3.782712	2.202979
4.385248	0.24092	44.034903	7.350372	1.370709	5.332892	1.841841	5.667799	30.616474	3.897172	6.766697	1.041615	0.671236	4.992844	3.962138	0.841394
3.560911	4.217905	14.856051	6.377802	6.433879	2.73091	1.73023	2.448584	11.536393	2.751973	3.140485	9.255337	1.416717	3.945198	1.071856	0.509154
5.547745	7.720813	20.168209	6.236209	0.344822	2.794381	3.330343	6.557434	12.234689	1.027588	6.412815	3.951471	3.940892	3.919005	2.016944	1.619486
0.003137	0.488654	5.705878	0.253061	2.20361	2.825318	0.222511	1.462456	3.45733	1.91049	0.360021	1.377146	0.873703	4.138256	1.899817	2.263957
0.150112	1.356882	13.708601	2.085425	3.978382	3.41721	0.411961	9.340729	1.977788	0.182402	4.156981	0.260122	3.187854	0.423379	1.721547	0.207452
6.993566	0.435719	17.656714	5.431812	2.099391	10.310338	0.942494	19.690734	23.452032	1.291462	13.155395	1.118219	10.94337	3.304277	3.795178	0.155626
0.684196	0.165561	5.187351	7.999526	0.060253	0.422633	0.440971	2.538296	2.336195	3.889003	4.723272	2.128868	1.079514	0.289718	4.09326	5.465319
5.986493	1.89994	28.575768	0.732505	7.613569	3.62427	2.213023	5.471401	17.066246	5.349578	11.037623	3.863398	0.422602	1.944739	0.059291	1.316913
2.467135	1.099864	30.994313	17.576889	1.294064	7.325221	2.602954	2.67909	11.11147	3.080079	10.983931	8.417315	1.55942	3.770303	2.167445	8.032964
0.247068	3.404131	10.706143	13.779658	1.270768	3.742069	2.310674	2.657149	8.001659	2.168532	5.378737	2.176542	2.368338	0.47014	1.470734	3.515016
0.961041	1.460744	13.770579	7.866271	1.693176	0.935597	3.626884	10.069209	19.053289	8.803516	12.249911	0.907776	1.498218	7.225378	3.424889	2.527935
9.548199	11.479392	35.519852	11.938332	0.315696	0.420724	0.994599	4.634696	0.474999	3.36186	1.271867	0.530623	2.314309	2.385607	0.248622	1.070841
2.731211	0.130212	7.793619	9.815704	0.246782	2.300759	1.034387	6.218802	4.962778	1.838392	3.327509	2.672999	0.984914	0.22356	2.97248	1.622786
1.444432	1.398026	13.933815	5.499424	0.063793	0.497899	7.878704	1.680514	12.815402	1.053181	9.875895	4.029001	1.02354	6.576665	0.255562	9.12268
0.774131	11.966648	33.032075	16.050097	2.986993	0.712321	1.458303	8.375945	10.564619	5.316512	0.344023	0.983597	3.063884	1.701832	1.619663	1.20094
0.285962	1.575799	1.923768	6.538157	4.182003	2.695311	0.620535	0.693132	5.765458	0.681501	4.295362	2.048859	0.710425	4.15564	3.495175	1.017281
2.545578	1.40838	15.883555	3.882484	0.134647	4.064437	0.616682	4.076677	2.090306	1.174432	7.360492	5.226426	1.168501	0.724684	2.862438	2.857243
9.573547	10.307826	27.590451	29.874332	0.658056	6.489409	4.457425	7.052021	11.820803	0.582462	3.704715	7.6635	4.617567	1.654224	1.94731	4.339081
7.480151	0.541295	0.011294	12.897131	0.490094	4.271701	1.275448	3.777103	16.294709	6.491208	4.201668	7.007425	1.274665	1.896507	2.356264	4.246263
1.002796	0.010631	35.959541	8.982171	1.284588	2.511575	0.34702	1.594435	13.853829	0.686035	3.750256	3.421122	1.817442	1.581319	4.337518	2.953114
0.404862	1.505272	8.832808	9.906522	6.192808	9.649607	6.22218	3.134757	7.026516	1.859292	0.486132	2.494285	6.660893	0.854711	4.77923	4.063501
1.460336	1.017658	14.745359	7.619392	3.298927	4.367389	4.723392	3.290255	18.749354	0.323118	1.361685	1.646727	1.06406	4.734126	0.913708	2.000928
6.679738	10.045903	22.351939	7.491388	0.014341	3.780602	0.05633	6.742421	11.719235	6.971946	4.749483	5.456217	10.279246	1.488083	4.311825	7.399285
6.807666	1.368509	22.116198	1.303025	0.438517	0.991818	0.061393	8.625801	8.75619	0.308669	3.710398	1.809743	1.212994	0.486364	0.702602	1.049421
0.763958	1.885036	20.388134	1.539352	5.489856	3.698152	0.59419	0.345785	10.676832	0.553641	2.856195	1.391548	0.479343	12.014051	6.022323	4.790659
0.074319	0.311444	2.575723	4.046862	1.445152	2.545003	2.861403	3.548308	3.971505	1.096551	1.34548	5.457068	2.563968	3.414422	1.508734	4.672912
1.564645	4.467752	22.141449	1.95518	1.416463	6.510295	0.495945	3.331308	13.96171	3.227908	4.631293	0.523095	1.38189	3.681701	2.604946	1.254747
5.480563	0.338412	18.636839	9.067221	3.892531	9.851862	3.152116	2.995253	15.663266	2.836466	1.945268	0.563669	1.337665	1.017373	1.389488	2.139973
2.751774	2.773916	27.680792	0.576256	2.230722	7.852597	3.941303	1.579167	14.542854	0.301062	4.16557	3.040364	6.120072	0.834094	3.014212	6.887184
0.106832	1.465593	16.629456	9.148403	0.164625	1.130583	0.832157	1.116499	7.479536	0.394552	0.569909	0.330177	2.376022	1.234631	1.836892	1.398019
14.51404	3.062171	20.650222	16.61081	1.216829	2.752395	0.246267	9.606235	11.303901	7.299696	8.268162	8.729004	2.262636	1.969807	4.411063	7.108794
0.444656	0.491883	9.544836	1.579924	10.719257	0.785344	0.170332	0.114899	2.80061	2.267738	0.164055	4.58142	2.360096	4.52222	0.557025	3.802507
3.727409	0.109255	2.130114	6.249271	1.188111	6.462194	5.044295	1.461365	1.026949	1.324291	4.732289	20.130511	1.463661	5.817918	6.735991	1.35361
4.835653	4.779392	37.209412	21.298606	6.086079	1.485708	3.483162	13.834179	26.399099	0.88829	5.098789	0.317034	3.657851	1.480443	5.298048	0.443196
6.650333	7.632603	29.79779	53.595335	9.509776	4.572037	0.246457	7.93874	12.909764	5.93847	6.407982	2.100748	4.907645	4.604879	2.94877	3.48344
9.57259	0.685284	31.81415	25.791187	1.172805	0.277229	0.543584	18.286512	21.687331	1.344906	5.630367	3.635662	5.801815	7.102511	0.376422	4.427684
12.265915	5.283447	21.893739	18.035155	7.100789	1.256364	2.758426	19.253198	13.931226	4.042272	3.156941	2.04508	6.638947	0.015464	4.572237	4.372204
24.959967	17.155065	51.183879	7.545418	9.932638	0.348712	9.480712	25.790283	17.677435	6.888943	8.803728	4.646217	2.731024	3.270948	6.314916	3.895965
5.811227	4.902969	23.801666	5.964328	0.447125	0.596675	1.986556	9.136988	8.919126	3.5139	4.114997	2.743501	1.959484	0.707226	0.840466	3.097771
1.72115	2.923306	9.568049	12.006732	3.329451	3.658632	0.294654	3.618313	8.099002	2.054523	7.071002	10.148694	3.15209	2.957435	7.640681	7.470837
15.618811	7.279892	15.844241	14.981912	0.521961	6.751742	4.208767	14.798004	17.291958	2.172662	10.248192	4.410374	1.211326	0.598845	1.265397	3.4449
5.300647	5.236138	14.461321	6.070765	0.673026	2.828671	1.629588	11.227615	7.039585	3.429612	3.463954	3.302181	0.383429	0.044837	0.223512	2.490897
14.392923	2.054983	35.514965	16.510383	2.970231	5.078397	4.751202	19.899764	42.114047	1.747594	27.020065	2.867921	1.895647	2.464444	6.878455	2.283852
4.174322	8.559408	14.110635	16.01202	4.889789	2.795444	1.92202	8.171065	8.292901	1.072331	3.943939	3.677452	1.182115	1.095935	1.995273	1.635405
5.594251	5.513882	48.094322	8.069858	1.460335	3.261331	6.008917	10.054445	13.565438	0.291433	6.322466	6.155238	4.00459	0.486547	1.952818	0.508519
4.187111	1.742984	11.336386	8.553101	4.775117	2.503702	4.368136	3.448937	13.413831	10.437323	1.843274	10.448429	2.115596	7.514288	1.059092	3.459203
2.576903	4.674105	31.050959	29.992207	3.636711	6.400325	0.274433	7.91054	4.305858	0.121427	2.19091	2.736646	2.619228	1.400571	1.087978	7.663153
10.543378	9.296483	22.387691	11.647562	12.693359	1.261622	2.758865	14.142689	12.032494	2.437419	7.157314	1.05329	5.199268	4.111341	1.311209	3.863817
4.391731	3.855912	84.200918	26.777821	0.681487	7.211893	7.641729	9.164282	19.475195	5.567199	3.421705	3.702058	4.106931	0.268715	4.717074	6.329148
0.867773	0.15286	2.393283	20.822086	3.884771	5.270551	1.67461	0.688813	12.904591	1.744221	3.400066	2.525147	0.280552	8.879453	0.191633	7.959755
36.331067	11.781194	13.220057	16.316603	3.886998	8.127936	1.989829	32.669548	34.150351	4.411181	7.229801	16.376308	17.736362	0.337206	1.862314	14.557353
2.646099	0.617749	1.696702	1.239893	2.232592	0.334509	2.479563	2.650884	14.125311	1.0053	2.290087	1.69969	0.570152	4.005542	1.524974	0.004398
14.231825	13.53674	23.451228	18.347835	1.697622	9.415553	1.317912	23.972111	14.79194	0.175725	2.56433	0.816844	8.548209	1.042389	0.731431	0.686176
7.525269	1.597614	7.938606	0.901022	0.273054	3.845213	0.359823	1.492752	9.285705	1.752494	0.745612	1.325213	3.086359	11.182407	2.700487	1.003111
1.480787	2.464914	6.523102	4.001782	1.512988	0.942723	0.015626	3.143893	1.649365	3.348463	2.068201	9.378622	0.363576	0.097567	2.946303	1.872281
5.000682	2.554728	23.446963	10.530142	1.575747	4.960907	4.669253	6.32342	17.577373	1.102543	10.729391	0.246015	1.543072	0.860415	8.950221	0.768088
5.596609	3.312852	4.235777	8.596431	1.067192	8.129055	1.287965	2.112849	5.748855	2.512362	0.177691	4.218793	4.09689	0.08693	1.125435	9.668595
0.678237	2.753229	15.81078	13.208587	9.098363	1.285947	2.935735	1.071611	6.3514	0.080291	0.399641	1.852142	0.461191	11.45222	1.490547	0.592359
6.430927	0.563496	9.718458	1.358142	0.41044	1.199297	1.444058	21.774412	8.181137	0.258531	8.168763	8.096433	2.903206	0.190899	1.301784	6.575865
8.500955	2.534001	8.971012	3.414526	0.353891	0.121482	4.28156	19.307078	24.814074	2.829184	18.284464	8.615876	2.047845	3.759977	2.2383	6.652142
16.689266	11.882218	6.531603	27.774861	12.635967	0.923482	5.617866	20.434184	16.610928	1.474382	9.472957	1.861955	2.470019	3.565317	20.537268	2.020321
6.779989	4.530527	27.136017	26.007212	2.298349	2.391757	0.896455	14.963427	22.456347	4.120952	1.63199	14.969342	9.031378	2.181637	0.409608	5.724259
0.13335	2.538868	3.027665	2.692524	4.975614	4.996016	0.32837	9.884994	22.086809	1.692717	5.093339	2.376622	1.312116	11.838739	1.399212	0.339369
0.099442	0.649691	23.937202	2.527353	2.715563	0.961368	3.975306	0.297438	2.665193	0.456241	1.718785	2.770819	2.357224	3.889706	1.311591	2.197325
4.810191	0.552733	23.875581	24.63794	0.0225	3.716565	0.055627	14.307055	12.044381	0.834635	2.877548	0.364956	2.232489	1.398227	1.15262	0.125975
3.29756	0.931305	7.378741	0.71972	0.304582	6.54915	2.121342	3.212608	9.304409	3.980027	7.722694	2.03024	2.039852	1.143186	0.532802	1.653784
0.131096	0.788537	24.053144	5.710705	2.499484	3.38626	4.392776	5.84667	24.831902	0.05375	6.631348	1.521707	2.390256	3.317877	0.663869	0.955175
0.233425	0.065082	7.87149	5.285532	0.752677	0.898223	0.337711	1.908725	1.533299	3.174603	0.048545	2.554155	4.60869	1.100918	0.186782	1.114074
1.576449	1.762075	15.972178	13.827168	0.728417	9.157876	4.162633	1.166567	18.355926	4.368648	12.260973	8.440654	9.964787	0.402899	8.662489	4.598276
0.341571	0.467865	22.298217	18.861174	7.007126	2.09823	1.422444	2.559403	12.701085	2.946621	4.780538	10.415071	8.109681	6.827059	4.042675	11.199787
2.247779	3.230292	20.272792	8.106479	5.940458	2.184737	3.057218	10.767342	7.168168	1.220793	2.044603	0.565435	1.279515	0.270031	3.650837	0.710664
5.587837	1.547457	19.168376	2.999461	0.159866	5.715124	2.318631	4.398914	8.450016	3.149648	5.330379	3.537571	1.211658	9.76671	1.672517	1.232227
15.152227	11.931755	36.489058	30.68594	6.417711	6.281712	7.370854	41.390192	34.80563	0.263465	11.106894	0.52017	1.900815	3.235112	13.501268	0.051893
1.03748	0.490163	3.266382	5.446264	2.026718	5.038758	0.141045	4.526681	6.192396	0.083207	2.034031	1.229908	2.959842	1.295743	0.20797	2.66863
6.920973	0.871144	21.721102	4.641734	3.761861	5.513215	4.65928	5.881482	6.74031	1.164469	0.988224	8.973487	2.302599	1.561531	0.118089	2.969262
2.974876	1.205216	0.62739	8.62855	2.036953	6.526678	1.354306	0.954711	13.608984	3.356311	3.392303	7.482002	7.09049	0.029529	1.088394	5.956235
3.356165	1.558769	5.818071	5.824191	3.642856	4.304516	9.336437	2.6262	3.924586	2.658106	0.169851	3.061882	0.479251	8.113418	0.236703	3.097142
0.30314	1.080809	27.760001	1.953908	1.793784	9.202729	0.838674	3.09131	4.762574	1.31109	5.132761	3.512426	1.945066	1.147129	1.044298	0.905715
1.296247	1.208564	3.242361	5.534696	0.834852	1.029865	2.8911	7.051018	13.216459	1.042622	2.758708	3.124047	3.16027	1.220223	2.553513	5.481361
2.098916	11.63359	50.790673	12.26322	0.173909	4.005599	1.066588	4.78533	39.269733	2.799259	11.923943	0.411328	5.822215	6.442711	0.13268	4.075584
17.521662	24.795505	36.77521	50.294743	35.658853	10.707819	2.746099	28.093598	31.894406	12.042355	1.598535	18.441228	2.366123	6.05808	4.149428	10.617269
0.85454	5.465552	20.545159	15.861743	0.633651	0.274575	0.741364	0.961544	12.105232	0.63086	4.741674	5.219895	1.496609	0.292509	2.366989	0.466572
5.637206	5.381734	35.220782	3.137851	1.283289	0.848142	5.703565	13.178344	23.37578	11.908562	9.447464	2.445312	2.006706	1.174061	16.329097	3.276465
1.775763	0.23358	18.166834	13.45879	0.278212	0.549619	0.580902	5.149341	6.18224	0.331332	4.276252	3.75563	0.084503	0.561101	1.59557	2.932897
5.798274	2.471037	31.769494	14.776119	0.399448	2.86202	0.393065	6.804585	7.461038	1.546403	3.72041	3.978477	5.758687	0.150279	0.265695	1.806609
15.010175	24.340976	5.823551	17.250385	14.834221	2.145216	6.082764	17.167176	19.476562	0.144698	2.602237	14.804505	5.287235	1.268788	0.412041	8.005381
0.094807	4.173865	11.299407	2.231134	0.717046	1.05608	0.629302	16.335469	30.362277	2.164886	8.662809	0.739059	1.638389	9.499299	7.283489	4.620908
1.273511	1.747248	3.661432	7.596773	6.814565	5.009973	0.689926	5.325597	3.595296	6.749985	3.618763	4.366114	6.193955	3.047284	0.094357	0.971321
1.893601	7.201325	17.054485	3.449267	0.946624	1.186522	0.374553	1.584447	11.708442	3.070845	3.138233	3.57655	0.127064	0.1322	3.438808	0.54121
8.488064	13.332297	37.497611	27.779649	2.167191	1.80251	11.800052	19.097874	49.005417	17.681285	23.698478	1.183911	0.600283	3.853737	18.359682	4.735817
8.480701	5.02105	12.424995	17.554606	0.33072	4.976909	4.703152	3.591484	20.801647	1.965568	2.867489	0.796631	2.082786	0.505311	2.689934	4.749359
2.448252	0.775849	48.25453	21.088071	4.238028	1.424523	4.45813	6.517866	20.539688	7.166385	2.966301	1.805679	3.973864	0.060462	1.465569	0.700959
3.789459	4.471121	18.499374	4.891051	0.754812	7.531128	0.820706	4.331217	13.692786	0.778565	7.136988	1.09289	2.893412	2.02174	0.582558	0.299191
2.965127	1.566055	2.850942	2.974351	0.470688	0.018743	0.314957	2.080546	11.646573	0.141858	0.571762	0.010007	1.830038	0.459643	0.705463	0.027391
0.83069	3.844159	15.090482	0.45793	7.969797	0.030531	0.066336	1.67995	8.710317	1.300941	5.503574	2.660483	0.735152	1.566662	1.160051	8.804102
9.766797	0.567941	7.809015	26.36974	4.917841	2.133765	2.241399	6.388471	16.839102	12.257595	3.99615	2.119259	2.829502	1.29681	2.49561	2.633184
0.140546	0.449572	14.603945	0.104313	0.150356	4.386713	0.475582	3.627509	10.300591	12.423268	1.693262	4.574824	0.433011	2.082822	1.018069	4.47093
1.094328	1.72762	12.192727	5.550694	3.158243	8.647422	2.537703	3.009053	14.707353	1.382026	10.134266	3.072606	5.176323	1.409625	2.115053	2.043753
4.447858	0.591672	22.746882	1.94494	2.259471	4.057465	0.081052	9.807243	7.673835	1.807141	4.105409	3.004893	2.206852	4.857078	4.406387	0.62545
6.805646	4.298028	23.867313	13.039398	8.787273	13.787484	7.049787	11.335764	11.220389	0.71453	8.481775	1.644963	0.689655	2.262985	9.315295	2.122513
16.393569	4.494193	49.302649	25.320783	0.3714	12.787222	2.687505	31.954831	24.32494	7.389221	0.590135	3.231555	5.081766	0.448265	2.435835	5.970201
3.055868	0.205961	16.065698	1.790181	0.306848	0.490519	0.372003	4.791524	7.710062	1.465048	8.683731	3.020209	0.564598	6.903951	1.130389	4.230702
2.196177	3.279645	11.939735	10.110689	4.730292	1.968193	3.934486	10.248301	23.558756	1.293103	8.707639	4.306849	13.45946	3.996939	3.247023	2.578785
6.164896	0.468735	14.526726	3.975345	0.943179	2.229788	0.740902	9.453053	13.77335	0.124315	12.220182	0.432904	1.121272	2.686076	1.636856	0.42781
4.03179	2.622169	5.001693	4.440713	5.674355	0.428417	7.31526	14.412858	11.629565	0.866392	2.072636	0.878969	2.235236	0.836737	0.703051	4.032488
0.155117	2.741869	2.367331	2.32258	1.649703	3.280582	5.09142	1.01609	10.723758	2.706569	1.210651	1.652437	0.653734	6.305193	6.815487	3.741919
2.02839	1.825339	16.837167	4.638886	6.485673	4.940805	0.551379	1.976663	7.355139	0.128816	1.233547	5.710076	0.48415	5.322611	2.629667	4.933499
6.161977	0.205968	2.195003	5.220516	0.072714	1.491604	0.000603	8.977642	15.462072	0.062293	12.508995	0.508258	1.8528	0.04017	1.115904	1.696147
8.310139	1.4703	30.680672	9.108793	0.298226	4.758145	0.302533	9.474123	9.540927	1.229785	5.871374	7.3729	5.496743	0.91349	0.232956	1.151839
5.791287	1.24153	19.890774	15.273905	0.27174	1.489115	1.678244	6.897824	19.474426	6.144856	8.927824	3.337563	0.548663	2.042537	0.19606	5.163544
5.199349	0.921559	5.91356	8.547811	10.179615	10.614718	1.240282	5.965836	21.558955	5.390027	10.49643	2.913671	2.104818	8.453548	0.308346	0.3509
1.170143	1.821926	14.57787	13.075047	0.108967	2.943822	2.822712	1.993696	5.475686	1.159881	1.571493	0.821497	0.782562	1.660065	0.889531	0.278702
2.018408	22.590436	42.986371	27.496708	2.237585	1.318846	0.18569	4.20592	15.386912	5.553125	4.186304	0.236111	8.928213	9.667366	1.013398	0.055494
1.431583	0.006009	10.969591	14.919737	2.052708	7.817177	0.659797	6.767858	7.481256	0.129458	3.572054	2.888579	2.431339	0.060426	2.024543	2.087544
13.840597	12.35986	39.739271	37.912703	4.455498	7.538258	6.297895	15.674304	15.16765	3.129918	3.658751	9.228451	5.072563	0.20897	3.712718	2.736359
1.77478	1.932765	7.240719	4.656402	0.439055	3.682731	2.475822	4.03605	0.178833	0.068867	0.355112	1.091498	1.893511	0.973008	3.683996	3.405323
0.413316	2.578817	4.783212	0.37469	0.013818	0.93658	0.360015	2.189801	5.539832	6.428101	3.346055	0.396527	2.722766	1.144383	0.093473	0.754469
2.740905	3.936788	12.479235	0.454557	0.536927	2.663237	1.923324	2.627545	6.261685	1.745046	1.340001	0.746283	1.194826	1.441145	0.889336	0.933101
3.627609	1.13685	20.117171	16.844602	6.527251	13.560803	1.410577	8.496771	11.944087	0.98141	4.225828	5.398448	4.812053	4.749479	3.19121	2.96284
1.978725	3.097897	35.109391	14.007405	0.013944	3.501563	6.070481	5.714219	17.61885	1.179521	1.426539	2.49532	3.445821	2.022458	0.752467	2.103587
1.656238	4.34976	17.472568	11.361391	4.05256	0.724973	2.728391	2.145175	4.414413	0.89087	1.229585	1.20942	1.424276	0.952605	2.169065	1.710954
2.62073	2.59774	13.1448	2.78547	2.002524	4.542335	1.744022	8.087067	10.419722	0.095231	14.806037	3.713581	0.435945	2.330652	6.621332	3.347269
7.051424	7.330794	16.371649	26.834413	5.537808	5.692485	11.19061	6.073164	6.050866	7.822683	0.766389	11.673888	8.262142	1.598359	3.610918	2.959269
15.828106	9.860282	31.970824	9.443506	0.751137	2.226	4.764762	24.052644	14.072422	4.750502	4.834281	2.857405	1.657568	6.722873	0.117563	3.277631
1.716819	0.417681	25.801325	25.189313	7.021534	8.809824	4.798335	3.414418	6.266602	11.496628	2.741701	1.297822	2.195283	6.360076	2.02935	2.112242
4.042634	3.428492	11.527612	5.600527	0.575366	2.126762	0.026759	7.340962	5.130649	0.86787	4.153446	1.341518	0.140103	0.122751	3.531264	0.979924
6.203173	0.674013	42.969242	0.757197	0.946807	0.583325	0.616018	1.740358	2.772358	0.150161	3.638466	1.233134	2.872312	0.038398	2.941948	3.900812
3.457952	2.664761	31.479199	6.10056	1.496693	0.162511	1.269058	22.525616	14.578045	0.658912	5.781655	2.615079	1.827808	2.460768	0.517169	2.123041
1.091478	1.827143	65.284203	13.3201	2.440836	8.547065	4.45417	1.215086	13.73282	0.548855	1.110274	0.183173	2.049897	0.545822	2.08887	0.935751
5.617591	0.978118	19.483735	3.250255	2.155943	1.51389	3.082505	6.144046	13.869342	3.857625	11.540918	0.240617	1.653575	2.354693	0.636462	1.522132
6.353933	1.456792	28.896562	11.204261	1.344422	0.183411	6.829657	8.253143	16.940214	3.056139	4.878275	4.029605	2.143889	0.753589	1.626014	4.702157
2.147087	2.903058	8.510181	6.312458	4.535	6.895645	0.743072	7.085934	9.92306	2.004848	8.033136	1.301457	4.602948	0.649147	3.423626	0.317332
14.375831	19.964462	47.879648	31.796393	6.719869	5.575779	3.217099	25.074633	32.15804	11.700134	1.855358	14.964222	19.207085	1.821235	0.162111	6.687627
1.611027	2.378474	15.285009	4.938429	1.738331	2.540073	1.65499	1.089889	10.882196	0.716517	2.418439	2.067463	1.447714	2.704835	0.023004	5.084405
14.598991	7.87266	23.25536	16.189339	3.860514	1.755188	0.52018	11.44442	1.258263	1.110267	0.016859	5.933034	1.105336	5.408093	14.693771	2.960123
9.381256	3.08352	42.033752	7.496129	5.594997	6.57292	0.207601	13.636715	20.638487	8.929833	5.816402	1.459631	1.586031	10.583824	0.599921	1.496963
2.493889	0.587634	7.719671	0.526178	2.908127	0.5784	0.783579	5.178563	4.06765	0.077063	5.151003	0.790881	1.094929	3.86628	0.129114	0.419549
5.935683	0.421255	18.245746	3.91782	4.351062	9.316317	1.09068	17.24586	22.336224	0.177869	11.647902	0.354895	9.559268	5.304671	4.68233	0.36281
4.319801	0.64612	20.446322	12.98031	2.969601	5.856188	0.307528	2.642073	10.327225	3.753881	6.040055	17.584355	1.313333	5.004683	2.353539	9.097758
5.687109	2.568794	20.878838	6.634601	0.893209	2.471877	1.617226	9.53284	12.84556	0.656332	9.483645	14.678829	1.972919	2.822603	1.176527	4.740087
0.064991	0.206372	30.098826	6.093898	0.35451	0.586406	0.829291	5.48292	17.946056	8.555856	4.999932	0.557881	0.96311	0.321704	2.520353	0.001475
8.416873	9.900421	35.755747	28.277663	9.285231	2.408287	0.075733	12.593125	9.874646	0.760942	9.221748	3.910913	0.430758	3.23025	3.181069	2.165666
1.716189	1.149873	4.295415	7.353917	7.259684	2.078667	0.934426	1.848477	5.89869	2.548234	1.524968	5.068663	3.587208	0.27957	0.098617	0.027204
0.766637	0.615958	11.466713	7.095969	0.844404	1.717337	5.183336	5.516311	5.909066	1.633799	4.142772	2.166389	1.578243	2.406423	3.408461	3.370844
1.510865	1.466605	24.835353	12.430373	1.458559	2.460588	0.364673	7.006482	6.10943	0.17266	2.048191	1.233324	0.287201	1.024181	1.225457	1.472701
0.837327	0.4412	12.019392	5.186286	1.272642	2.575251	0.11934	1.507513	0.745059	0.040145	0.406408	0.582219	0.845001	4.958838	0.856431	0.020135
2.905223	1.27857	9.511487	9.17267	3.770688	5.486401	5.302182	5.322224	25.199499	8.34957	16.431686	15.621407	2.009517	16.265943	0.450751	6.276942
2.281507	1.530823	19.157951	4.20373	3.226703	4.536543	2.846233	9.085221	5.770981	2.704766	3.296604	6.511907	1.927838	3.932839	0.791932	3.170058
0.77542	8.286684	8.983963	7.408231	4.186096	4.19875	0.77196	1.159965	4.974305	0.708075	1.707984	2.493337	2.304727	1.969391	3.315226	1.153581
8.5146	12.677198	18.285037	31.936641	3.860267	8.709054	0.663635	8.219057	4.441409	15.281318	2.269655	6.632807	1.702746	0.485221	0.720813	2.269142
3.535325	3.038248	30.137441	10.552654	1.440711	0.459736	2.913449	18.877335	29.401783	0.321317	5.894777	5.056891	0.416932	6.348053	6.916933	6.87222
3.47852	4.945868	29.863634	26.232162	5.294465	18.027278	1.561437	3.63409	12.057284	1.931541	14.729532	0.549154	6.085002	3.572833	1.821511	0.617441
1.996785	0.389601	17.464041	6.302805	0.435546	1.478519	0.282386	1.653714	9.486093	8.535354	9.503867	1.441417	0.519025	0.156292	6.304867	2.190057
7.510493	5.556443	32.915919	8.021296	1.400415	5.020591	0.292898	3.21513	15.830033	3.547555	3.276862	5.145397	2.373476	1.287945	0.391948	7.319782
0.436869	2.953618	19.227689	10.761701	0.776899	0.016423	0.560873	0.034565	3.745514	2.84877	2.551785	0.839591	1.307797	0.153818	0.220723	0.148832
2.952143	1.77568	4.606895	1.977406	1.060998	6.484358	8.189608	0.171702	13.310968	0.046368	2.869132	10.246117	1.606899	16.800514	8.643713	4.344907
8.206903	0.346747	32.546918	15.954632	0.427863	4.039041	0.854503	11.15495	7.690847	0.462491	0.691982	0.907977	1.875681	0.295227	1.721755	0.67105
3.750356	1.206596	15.501342	4.924087	1.039106	1.425291	0.13008	0.291427	0.406861	0.596592	1.062268	0.047542	0.59074	0.345859	4.111674	0.514742
0.563386	0.411721	10.174259	1.993512	1.305446	4.004173	1.108354	3.362426	9.326631	0.408085	2.626312	2.597948	1.580663	0.335081	0.679919	0.376412
3.708603	0.859845	8.910939	1.70037	2.0608	0.017725	0.335991	5.67381	19.787096	1.375988	5.722493	1.929737	0.241042	2.806277	1.492973	1.237975
1.42906	1.626671	6.560614	0.420645	10.972094	1.562395	2.038301	2.638112	6.555909	2.916041	5.063315	0.602397	0.927348	8.754699	3.131484	5.113472
0.174333	1.940957	2.474516	0.044166	7.280009	0.004709	0.610715	0.570737	2.92497	0.952123	0.635963	3.804091	0.95012	1.401606	2.641356	4.982058
6.505405	3.9645	5.705144	11.85286	2.664522	3.11479	2.72113	4.040469	4.126359	4.439804	0.903163	6.35075	0.647354	3.436555	1.111009	4.114068
0.939177	2.714285	19.137033	3.493432	0.182333	4.901214	0.654168	1.232239	12.5811	4.729327	5.728433	0.386665	0.593163	0.779677	0.645667	0.636753
3.153202	0.329323	33.01859	11.43997	1.541544	15.755096	0.098295	3.495451	8.220142	3.281053	3.656522	2.737312	4.111368	1.750723	4.050565	0.936727
1.86804	1.534893	6.656943	0.815437	3.703825	2.812817	0.564465	2.928064	4.718901	1.965878	6.061231	0.687487	0.507677	5.089497	3.12427	2.329266
11.131969	28.604939	47.774798	51.176126	5.096697	7.408693	3.480038	30.05406	18.732825	0.443263	9.121848	5.673987	6.485458	5.719093	6.178102	6.243151
1.142195	1.89463	31.082456	8.050744	3.837339	0.4317	3.213665	1.530754	2.530679	1.832788	2.393988	1.347291	0.674305	1.510071	2.646651	2.770566
6.022513	3.711942	6.468726	7.601309	4.976821	2.985302	3.982347	4.729324	7.146416	0.971897	3.554116	9.589446	1.235177	7.341181	0.946259	5.222236
5.959516	1.610011	27.091322	6.448387	0.011628	3.6061	0.294983	7.820895	12.171467	1.084976	2.112403	3.075799	3.413325	0.490593	2.42605	0.622455
0.872448	2.130599	9.957427	19.044925	2.243143	6.13362	3.634088	6.49738	8.51507	1.075287	1.398448	0.925838	7.965671	3.940346	1.446838	2.614911
1.394991	1.804729	18.574114	18.944605	5.972512	0.346976	1.444412	0.62782	9.597164	3.086644	3.768142	6.414425	2.10726	6.530546	1.428347	3.585705
