SalVentAttnA-ContA	SalVentAttnA-ContB	SalVentAttnA-ContC	SalVentAttnA-DefaultA	SalVentAttnA-DefaultB	SalVentAttnA-DefaultC	SalVentAttnA-DorsAttnA	SalVentAttnA-DorsAttnB	SalVentAttnA-LimbicA	SalVentAttnA-LimbicB	SalVentAttnA-SalVentAttnB	SalVentAttnA-SomMotA	SalVentAttnA-SomMotB	SalVentAttnA-TempPar	SalVentAttnA-VisCent	SalVentAttnA-VisPeri
1.716033	0.75237	7.52145	8.280189	21.384909	11.564994	7.240353	1.962468	2.016461	0.616183	4.21081	3.399674	1.600835	10.59285	0.11001	10.651481
2.672194	0.837421	0.610669	3.191308	1.325096	1.995127	0.689111	0.197554	2.235896	3.415988	0.854452	0.063581	2.752873	1.226364	1.020724	0.801092
0.54818	2.926921	2.769243	1.338283	0.137537	0.760412	2.605418	0.963917	0.277005	2.77835	0.389496	2.405167	0.748684	1.803266	0.342168	1.295748
0.01124	2.360621	2.427455	2.379894	1.824796	3.216535	1.852067	0.606901	0.802861	1.352058	1.425032	2.308671	4.214766	0.177362	1.394599	0.961087
0.398641	0.860383	0.177637	1.426267	0.968121	0.148517	0.216684	1.221591	0.162721	1.377263	0.801659	2.21026	2.257368	0.244472	0.40691	0.864951
0.783437	0.753035	0.407869	0.068245	0.231404	3.399719	1.139335	1.525965	1.680112	0.498482	0.718523	5.298428	0.281223	3.385036	0.410342	0.852236
0.238785	0.419039	4.804047	3.931305	4.90837	1.001158	3.632566	1.808655	1.068298	7.850712	3.842363	3.222012	3.675097	0.445167	1.445938	0.2023
0.297599	0.293624	0.012012	0.260171	1.356589	0.963523	1.580056	0.293217	1.207268	1.637526	0.612681	0.468012	1.012504	1.731578	0.777966	0.591291
0.688396	1.963136	6.742061	2.87994	2.268229	0.30497	10.107288	10.739685	0.000812	2.633594	4.083997	4.587461	10.435876	1.691605	6.754515	2.226571
0.932869	0.365184	0.227583	0.997354	1.794711	1.11012	2.509171	2.232112	1.817239	13.037055	3.86996	2.049226	0.026469	2.693482	1.664221	0.61116
0.017921	3.95355	0.453414	1.014246	1.181611	2.599976	2.308688	1.32444	0.062526	0.263871	0.157615	1.855463	3.057622	2.259926	0.585886	0.998402
2.639635	1.46578	1.733815	0.28405	4.77038	0.657614	0.560337	0.36718	2.667788	1.314472	2.02577	0.411226	1.766683	0.622013	0.847583	0.049521
1.415827	2.444533	1.844158	0.376036	2.450097	1.949604	0.883625	0.982502	1.87148	2.878982	3.35602	0.273073	1.332298	0.411824	2.256025	0.051706
2.088248	5.69499	3.242671	1.905161	4.053584	5.67711	4.474523	4.637078	3.629791	3.631827	2.420329	3.083901	1.419124	1.003655	0.65492	2.305307
2.281721	3.56381	0.519447	0.674186	0.260931	0.381079	0.063485	4.200754	3.084599	2.073563	1.51756	3.18609	7.034476	0.492433	1.554614	1.007438
0.731028	0.540006	0.640471	0.534475	2.821902	0.110175	1.465603	1.142793	0.598929	1.098752	0.001676	2.082869	2.449005	4.374472	0.267755	3.404592
2.920095	0.173905	2.223387	3.824312	3.328623	0.083876	1.014077	0.393632	2.689834	3.802116	0.995061	0.962166	0.175739	2.889252	1.039383	1.459755
0.555795	2.782285	0.833854	5.063786	3.508504	2.362566	2.539292	1.84846	1.275498	2.128113	8.92283	0.220505	7.04226	2.675647	0.674173	0.317705
2.160319	0.135675	1.294513	0.08257	0.484212	1.182273	0.021949	2.334752	2.628136	2.616218	0.753114	0.876386	1.62916	0.440256	1.542743	1.00576
0.340969	0.90172	1.258211	0.236802	1.722306	2.253429	9.329741	3.432196	0.338735	2.885479	0.617159	2.560072	3.068591	0.239081	2.372286	1.795655
5.728179	6.217191	6.974065	6.428997	2.318675	1.279489	0.873649	1.494593	1.346701	1.758737	6.541902	3.055139	2.328379	2.520304	2.979131	1.171876
1.684601	0.619085	3.700699	2.433417	1.032765	0.107194	1.891237	1.142665	6.586177	0.237888	4.927453	5.224319	4.097614	0.135954	4.189829	1.936041
3.466443	1.582647	8.683191	8.814913	16.127315	4.061252	1.03595	0.912973	5.420262	12.664631	2.628907	3.76485	1.933288	3.055971	1.601761	0.187688
4.175258	1.340408	0.379983	0.153874	0.045241	0.338823	1.124813	0.642874	0.369845	2.877527	4.319031	2.035047	0.172406	0.647957	0.416122	0.847509
0.277952	0.191062	1.505038	1.74924	0.32048	3.042057	4.113087	3.536387	0.608853	0.50625	0.687135	0.519496	4.011122	3.932651	3.102596	2.215948
1.786824	1.397683	0.680234	3.115864	3.609949	1.024019	7.975157	0.660854	1.74859	1.722744	1.106564	1.450381	6.009581	1.321913	0.443529	3.627633
1.503141	0.583898	1.800665	0.557212	0.107563	0.154274	0.259683	0.159669	1.533743	2.762926	1.269983	0.29233	3.138493	2.242935	0.357316	0.874918
1.078156	0.60057	3.673113	0.411413	0.734142	0.147192	0.187487	0.364628	0.469142	2.045927	3.254893	3.52743	1.963988	2.869271	2.678018	1.14905
1.005109	2.199173	1.165918	0.460598	1.286829	0.670632	9.345136	1.266403	3.912749	1.289125	0.902454	0.27477	0.199818	0.802648	0.326042	3.665222
1.469001	1.362891	5.549176	3.782423	4.234241	0.419016	3.41553	5.571004	0.637661	15.020836	6.122118	0.295099	0.295206	0.781101	2.54804	0.974814
2.03411	1.64099	14.974967	10.002593	9.748446	1.054146	4.988312	6.680771	18.007571	18.479983	7.268425	2.536569	19.46769	14.08293	3.452922	1.287006
0.593009	0.151359	1.669017	1.776973	2.338312	0.175682	2.577511	5.071186	5.500316	1.886924	0.001749	3.287141	1.399351	3.732077	1.305566	4.241854
3.03516	1.362813	0.92004	1.215858	0.196046	7.365963	0.816841	0.213784	1.935624	1.655065	3.602135	0.298012	0.10304	4.145382	0.510645	0.573562
3.676605	0.868465	1.198603	2.295379	7.018222	4.525973	3.287702	5.994133	1.644573	0.086959	0.446556	14.018221	2.944235	2.153898	3.462267	15.914814
0.154954	5.734655	0.627198	1.080311	6.559818	1.261605	2.919123	1.591998	1.580108	0.218068	2.427042	1.943991	0.38214	5.032425	1.090425	1.167798
6.372921	0.119919	3.371443	0.740289	0.283906	1.33943	1.19414	2.742677	5.350974	3.587089	2.807937	4.964673	0.205572	1.442838	1.840722	1.323248
1.087303	1.511237	0.679498	0.977738	1.77291	0.339565	0.610009	1.441165	0.423166	7.862086	3.936674	0.574197	0.857457	1.365778	0.987024	0.24742
0.609749	0.456012	3.609403	1.206716	1.71138	0.318241	1.168088	1.620502	0.283572	0.519887	6.542716	0.777966	0.16969	0.06987	0.977774	0.387898
1.456979	0.572936	1.476169	1.538979	0.862964	0.903289	0.886476	1.56982	0.131275	1.792021	0.825074	1.162849	2.135001	0.52178	2.994929	0.053369
0.582523	2.108769	0.49301	4.473647	3.238079	6.162181	8.723422	3.439763	0.171181	0.527832	0.866321	7.148095	1.875101	5.125994	0.340405	4.510187
6.153623	4.384777	0.583398	3.752306	6.322353	17.691765	4.234607	0.896387	4.107962	3.975251	3.146246	1.217949	4.405397	3.217951	0.794094	0.845578
1.92281	4.622431	0.683662	1.479581	0.469027	3.53958	0.663549	3.633124	1.212442	0.724148	0.553153	1.815945	0.92531	0.141012	0.407368	0.06443
0.26445	0.878947	1.867059	1.955753	1.174382	2.850301	3.414593	4.714083	1.631524	3.359863	0.008068	8.306044	1.06319	0.998295	2.950035	9.587967
1.020528	0.491232	6.961137	4.652157	0.995315	0.173937	1.174329	2.493271	0.399741	0.788435	0.121462	0.212427	0.534948	1.099997	1.182387	1.520153
0.00464	0.024328	0.126023	0.911223	1.963603	2.147853	1.5595	0.194329	0.59999	1.193541	2.669826	0.770265	7.325344	2.04737	0.992921	0.50219
0.664009	1.188024	2.380752	1.017058	0.649771	5.82588	1.143709	1.32413	0.477066	0.846068	2.923353	2.65524	0.930539	6.940806	0.339479	1.774149
0.977198	0.990965	2.076422	3.163192	0.093614	2.646724	0.160337	2.416596	0.172799	0.000811	1.292392	0.230845	0.07273	0.328876	0.213733	0.269748
0.337005	1.757628	1.630136	0.579345	5.201379	0.537288	0.304063	0.211306	0.212324	1.353959	1.546311	0.448737	0.138384	0.825966	1.449954	2.567784
0.178303	2.161083	0.455233	0.682765	0.01815	0.251418	2.840991	0.901206	3.812308	2.851803	0.34949	2.751918	0.070581	0.036009	0.619712	2.859453
0.655366	0.353407	1.737202	0.099039	0.306972	1.090231	0.762172	1.172886	0.697574	4.785869	1.338137	0.384162	0.984704	0.277324	0.043236	0.025735
0.022787	0.151788	4.025553	0.002995	2.310163	1.33111	0.244194	0.243022	2.030481	1.462717	0.419126	6.758792	5.586519	0.27118	4.649135	5.503327
0.021054	1.5865	0.563717	0.514892	1.052517	2.090715	0.812214	1.076929	1.276751	1.380244	0.28402	0.427742	0.869126	0.340603	0.154713	0.165079
0.42123	1.365415	1.096163	1.2247	0.99278	5.202473	0.033876	1.958878	0.314063	1.03796	2.196117	6.343196	0.576117	2.259758	0.757428	0.978283
0.577481	1.93973	1.571238	1.278351	0.716068	3.807556	1.826775	0.16953	1.591031	0.483811	1.327963	0.160726	1.717705	2.037581	4.274558	1.381722
0.979685	1.047385	4.049114	9.251772	1.774908	0.050649	0.320023	2.54039	7.647435	11.865	12.344298	2.051934	0.135965	1.680217	1.39228	0.503713
0.125436	2.655125	1.141544	0.210994	2.072097	2.289217	0.247749	0.87125	1.527302	1.094026	0.063458	2.36714	1.741874	2.254049	0.686446	0.794372
0.943001	0.621173	0.016038	4.517373	0.160936	0.349371	0.452116	1.470803	0.432854	0.170217	0.063003	1.844712	9.496693	1.935434	13.778021	5.312014
1.199983	3.883153	1.377736	0.858059	5.810148	2.456228	0.927354	0.564519	0.676188	3.127221	1.180195	1.613325	2.826306	1.90943	1.74493	3.069616
1.093594	0.542128	2.63046	0.313291	1.382396	0.313925	2.142777	2.166112	1.017941	0.097617	0.113897	0.011446	0.86346	1.27457	6.288651	1.797134
1.374477	2.019698	1.12425	2.643496	0.160746	0.0744	0.069626	0.219623	3.036401	4.815235	2.115753	0.136445	3.034436	1.497795	0.077103	0.319013
0.49135	1.058426	2.791631	1.573689	1.926082	9.62633	4.942096	4.579285	0.128374	3.404217	2.858182	8.629892	3.426607	0.109208	1.011409	3.563002
2.479269	0.636689	4.904882	1.804737	3.566801	1.998379	0.330955	4.315604	1.537314	0.812519	1.256102	0.792613	1.195273	0.307789	0.6887	1.745047
2.92233	1.091079	4.058381	3.201043	1.633593	1.644848	1.993732	9.472578	8.485587	8.904399	12.209591	4.72584	1.129517	0.599933	0.482403	1.487914
0.345141	0.230824	0.263307	4.157796	1.268428	1.013045	0.244294	0.165507	0.684728	3.711953	2.9995	0.256449	0.680751	0.216682	1.606891	0.195991
0.872558	0.578709	6.437389	1.116245	1.222	0.281233	4.391597	1.16864	1.571642	0.477723	1.644787	4.182968	1.08712	1.349908	5.601587	4.115894
2.090909	7.380761	2.909311	1.757067	2.492711	1.60374	3.115209	0.832405	1.820224	1.117605	0.629372	3.488184	0.881915	10.012912	3.52928	1.441046
2.489432	0.803255	1.413596	0.286155	0.654535	0.904887	0.509138	1.159893	2.885632	6.023822	1.729916	2.407437	0.592681	0.186346	1.923326	4.226554
1.804096	2.721932	1.924965	2.386347	0.555578	1.087262	0.021991	2.985646	1.379535	5.357534	0.43626	1.551126	0.541578	2.55248	0.893552	0.915852
13.325818	1.48904	0.12801	12.559703	10.880419	3.121433	1.094689	5.545258	2.145408	0.758186	1.804541	3.936096	4.2474	0.355359	1.188674	8.125506
0.333128	0.148781	0.198673	0.044448	0.234413	2.22441	1.07591	0.084885	0.576709	1.714081	0.882916	2.945614	0.32305	1.346753	0.648317	0.098372
0.087359	0.11433	0.197603	0.199201	3.169207	2.164382	3.244437	4.445927	1.070945	4.497163	0.297985	0.392147	2.126684	0.722317	0.15405	2.035824
3.959194	0.6459	0.212928	0.046743	0.447867	1.474522	1.603594	0.668909	2.145529	0.294047	0.027903	0.649099	2.55252	1.959668	1.634808	2.090446
3.313193	1.748621	1.366191	2.931433	4.365323	3.691425	4.924994	3.140323	0.124068	0.00118	0.497932	0.190089	0.664637	3.797782	0.001697	0.283607
0.29437	1.853073	1.165348	1.389669	0.552092	0.380708	0.008637	0.256233	3.754567	0.084608	0.86268	0.345375	2.052945	0.387817	1.352282	0.585328
0.873115	1.112527	2.139481	0.358787	0.386356	0.28759	4.887204	0.917239	0.70511	1.274217	0.678812	0.485174	0.013734	1.071577	1.605329	0.741599
3.170925	0.376021	0.573772	0.29058	0.48893	0.014742	0.969678	4.171692	2.848909	0.675628	0.338545	0.430853	0.375263	0.536256	1.40482	0.851183
1.422249	0.250873	0.089342	1.025481	1.69621	0.016243	3.743924	2.654723	2.870712	1.745777	0.91608	2.216755	0.294705	0.13767	0.811077	4.185069
0.283764	0.428727	3.722501	0.277919	0.334339	2.044811	0.1228	0.658321	0.018468	2.042106	0.06664	0.315754	0.73346	0.981298	0.725924	0.792555
2.855401	2.545889	0.003632	1.528267	1.422832	0.141218	0.656958	0.262705	1.337327	3.470373	1.549911	1.991958	1.151259	0.661574	0.085839	1.527897
3.422768	1.689023	2.281061	0.954735	2.184973	4.278772	2.686161	2.040014	3.247674	4.021581	4.517648	4.466289	0.192554	0.931636	0.92004	6.018774
1.773439	10.56689	3.056181	0.6416	4.254088	7.443054	5.276507	6.03443	1.419666	4.53208	2.177076	1.439582	3.276175	3.70508	6.63306	0.315043
4.76512	0.966947	1.559444	2.262025	2.49905	5.909119	4.621947	13.916933	3.720712	3.391147	2.820942	6.880961	3.28005	3.752306	1.709134	3.075498
1.981874	0.627208	0.155485	1.047079	0.806084	1.456834	2.243187	0.522465	0.465201	0.309907	0.477546	2.402301	0.612248	0.766668	1.11979	0.430975
4.046749	8.54329	1.413894	2.301254	2.358474	3.508059	0.143093	0.355689	1.381892	0.060174	0.104983	1.368138	0.6408	1.303035	0.083	2.92687
3.112485	0.164495	3.091001	0.583061	0.153328	0.861742	2.557667	1.04962	0.022378	0.082799	0.326722	0.710152	0.535691	4.444526	2.815757	0.337021
4.038018	1.885774	3.712725	3.584037	2.312487	2.192421	0.346721	1.870162	1.945967	5.092587	8.383603	0.512442	1.157016	0.460171	3.906679	2.567959
0.116999	4.082898	4.621621	8.854026	5.537679	2.803686	8.46258	3.45179	0.699825	0.028331	0.384499	0.568108	0.686447	4.160057	1.09985	0.67325
1.701477	1.284538	2.701788	0.128069	1.499317	0.056204	3.374808	17.762301	2.878771	2.953879	1.176233	2.417148	2.974933	0.060236	4.119134	1.524952
1.520824	0.567836	0.427705	1.156792	0.155102	2.124932	0.297921	2.646845	2.382255	0.594464	0.82332	7.45923	2.707636	2.315103	4.019798	0.167523
0.638747	0.205279	1.696282	0.292377	0.751847	0.380399	1.857267	0.327636	0.368189	1.878859	0.413537	0.230742	0.039052	0.366039	0.650959	0.304666
6.915125	7.320837	2.335874	4.268422	5.5752	1.271422	0.011772	3.258035	7.293686	5.118159	1.788523	1.19003	0.193863	0.117099	4.306888	5.088624
3.084895	0.467269	0.074011	0.145007	1.252812	0.427511	3.552944	9.508891	4.28361	1.139613	1.019967	0.323784	0.536494	1.605982	0.327937	0.751516
2.756958	0.339247	1.516537	2.084318	4.412395	1.586919	2.241457	0.633795	3.40193	5.016474	0.61188	0.634038	6.147054	5.220343	0.867688	0.83682
0.348526	0.923618	0.540257	0.107612	1.251546	2.680634	0.317207	0.476516	1.395093	1.978563	4.708983	4.910573	0.815943	0.187205	3.000445	3.721851
1.713748	0.421487	8.034096	4.538385	1.530158	0.420256	0.808435	0.289474	1.650567	4.658951	2.27397	2.093395	2.123596	0.759106	2.19048	0.52831
3.647784	0.645309	2.165129	3.777829	1.11746	1.16563	1.465616	1.112821	7.484923	6.634962	4.995183	1.376081	1.121469	0.054053	0.222728	5.298672
2.229008	0.215653	0.747895	0.779052	1.340181	3.663568	0.04223	1.503155	2.227643	3.816982	0.930972	5.027372	0.483402	0.754728	0.077047	6.820856
0.949642	2.035882	1.60766	1.081477	1.515038	0.455355	0.378803	0.376285	0.508367	0.199129	3.153434	0.502386	0.190419	0.958261	4.54533	0.15564
6.257311	3.76991	1.116441	0.881655	0.723445	0.757089	0.815262	0.392869	1.388029	0.798837	1.690732	0.701986	0.294033	0.035236	2.147093	0.214284
2.491701	3.705277	0.115287	0.954652	1.039015	0.14677	0.758065	2.139571	3.157562	1.851239	2.186805	4.49407	0.769883	1.762409	0.252834	4.954341
1.672246	0.245637	1.338236	1.773451	1.85963	0.529019	4.702003	1.162751	1.432495	1.572421	1.542452	1.211013	6.442167	0.247102	1.592114	0.645949
1.799104	0.382494	0.475817	1.092737	2.121289	2.623898	0.299024	3.55056	0.598933	0.586882	0.660056	0.565221	0.5729	6.15528	1.220194	1.213461
0.144745	2.944572	2.869821	5.627126	7.424887	8.951595	1.767749	3.123067	1.324436	2.077098	1.384529	1.100589	1.037445	8.526972	2.092666	1.521282
0.158577	5.552425	0.409834	0.895474	0.147865	1.852878	2.657045	0.63603	0.710919	2.271022	4.356393	0.75814	1.13496	5.971931	1.487216	1.246238
0.385237	1.317367	0.110147	0.539406	1.604849	0.418527	0.501989	2.812243	0.086535	0.855908	3.669149	1.577853	3.153695	0.043678	0.421416	0.589742
2.554695	0.341523	4.110524	1.959948	0.348193	1.977125	1.370739	0.135212	3.655661	3.637819	1.249081	1.059624	0.552872	0.093769	0.920783	2.674283
1.96775	0.553819	4.298909	4.327354	1.543014	0.43475	0.90068	0.183281	1.90633	1.717034	0.046348	1.264804	3.190418	0.018989	1.791859	5.11337
0.443027	1.204773	2.446859	0.943148	1.292597	0.397815	2.140548	0.49358	1.596508	2.075697	0.49002	0.740078	2.379487	0.966244	1.882518	1.528607
0.604645	3.07725	0.548426	0.085873	2.101463	0.966094	0.351848	0.677764	1.187204	4.299429	3.438644	4.473519	1.328682	1.216712	0.175889	0.287736
1.392743	4.20964	0.790089	0.328337	1.308895	0.812782	0.324057	4.443462	0.795915	1.478046	2.046041	3.890262	1.518822	0.318806	2.143603	2.701022
3.838905	13.66598	1.750636	3.449194	9.031584	4.309166	3.574775	0.030715	1.933373	1.590027	3.328486	2.584076	0.703218	7.079375	4.708959	1.385986
2.159786	0.523946	0.151783	0.102386	0.13201	0.449557	0.507676	6.25309	3.308194	2.323546	0.382901	4.525212	4.449766	0.838607	2.927901	1.953568
7.279517	6.736802	1.110646	1.23905	3.006984	0.267971	4.904943	8.169304	4.888768	0.760428	0.57416	4.860271	4.085761	4.701493	14.72942	4.214691
2.557426	2.136504	2.836952	3.059372	1.210613	2.07618	0.222968	0.295262	1.303417	4.397947	0.521962	0.929836	0.053366	0.429666	0.10518	0.673075
2.087907	2.728253	12.009534	13.394297	13.048093	2.054565	1.994494	2.82851	1.553264	3.171582	3.036073	1.582055	0.621556	1.029408	1.647437	0.740777
2.531561	2.961335	0.390582	1.803322	1.558575	1.278314	1.169383	0.638637	0.470535	1.036687	1.204233	0.031555	1.508176	1.187488	1.03842	0.712668
6.880648	1.102579	0.196463	0.808169	2.009169	1.313075	3.037759	0.131237	3.172863	2.107876	0.981904	0.168104	1.312121	1.901678	0.567511	0.634511
1.720943	0.531557	1.547261	1.402137	1.284861	2.199704	2.900483	1.507916	0.640471	2.637149	0.641321	0.056437	3.291131	0.401532	0.497239	3.466498
3.433356	4.597415	0.994693	2.1735	2.62399	0.129036	0.492292	7.975693	5.583658	3.138838	3.641158	7.418768	0.729812	4.512553	0.810437	2.733501
0.676562	0.080792	0.048712	2.738704	0.807145	0.496322	3.907481	0.489669	1.682436	3.96752	6.337842	0.202786	2.913845	1.056573	2.290471	0.947728
0.05287	0.128311	0.860755	2.349532	2.012883	4.717518	0.65744	2.097022	2.332799	2.213615	4.911071	1.030891	0.29631	0.830324	1.55547	1.541055
5.940285	0.45812	0.497977	1.61346	0.580886	1.131232	0.105738	0.018676	5.613486	6.677191	6.010594	2.504687	1.641634	0.01598	1.391681	3.520098
1.046369	0.018174	0.198316	1.639898	1.709987	2.075922	0.158473	0.512171	0.517453	1.607372	1.553538	0.662334	0.792627	0.101602	0.216716	0.214079
1.991483	0.933352	3.515858	2.515818	0.246094	2.240303	1.998748	0.966194	0.154721	2.54679	1.815059	1.194647	4.831995	1.55633	2.24102	1.284312
1.5818	0.719091	1.598312	0.231381	0.284276	0.163214	4.064379	5.780705	3.286239	2.001289	0.425947	0.433001	0.983922	0.852625	0.579893	0.785187
0.621104	0.269853	0.934724	3.417882	1.715608	0.064112	3.222592	0.125306	2.472629	0.667551	0.551702	1.610183	1.570539	0.372631	0.644482	0.405131
0.083264	0.837033	0.060097	0.553599	0.309213	0.490648	3.481033	2.448206	0.13514	2.817649	0.275168	1.122049	1.496444	6.236088	0.120892	0.060302
0.855696	2.364815	0.333618	1.020182	0.107954	0.632654	1.849171	7.054943	1.2714	4.763826	4.272799	0.940987	1.528969	0.333024	2.245037	0.023928
2.196011	0.085618	1.891482	5.36676	6.243309	1.961303	0.782746	6.336098	0.231811	3.359063	0.639623	0.155961	0.741397	0.20165	0.228754	1.529749
2.911639	1.047456	4.213614	3.0069	3.685013	0.778325	4.49005	0.255686	0.414585	1.011423	1.420694	0.859658	0.932444	2.720792	4.876029	0.805303
1.611108	0.216563	0.355465	0.489607	0.004272	1.553961	0.123991	0.481969	3.993701	1.498405	1.9852	1.39516	0.5536	0.006774	1.191893	4.287481
0.230724	5.999788	1.009511	0.816498	1.841817	0.093093	1.349921	0.919134	1.495234	0.917075	2.835418	4.500665	0.571374	2.306252	0.485875	2.786446
0.542563	2.823105	5.606689	8.83975	0.764311	0.696334	1.240733	5.972373	5.690689	19.297564	7.556631	1.555141	1.479096	2.779219	10.95669	1.787055
1.286846	1.909595	0.013519	1.76858	0.534969	1.598038	3.197358	1.056551	0.702042	1.985709	0.568585	2.586313	1.145263	0.610746	0.681673	1.372211
0.642811	1.009628	0.220024	0.205489	1.660347	0.316509	1.809051	2.043642	0.427496	0.510079	0.807033	2.921328	1.04648	0.837144	2.102993	3.876007
4.909207	0.368295	3.6855	4.846066	3.778059	3.842329	0.267921	0.118218	1.267531	2.740918	1.982135	0.088371	0.128849	4.27571	0.161565	0.136959
1.010858	3.509572	3.291773	0.648124	0.018321	1.639854	2.429891	2.523044	2.315294	5.386802	7.059583	3.600593	7.853601	0.854057	5.238493	2.647345
0.886072	2.021633	2.368358	2.416796	6.260176	1.902217	0.009001	3.495138	2.341001	1.136955	1.535919	5.017146	0.589562	1.231545	2.019889	7.226954
1.009648	1.028414	0.676627	0.044799	0.215434	0.25367	0.262651	0.16203	0.428754	0.007792	0.082855	1.951347	0.140767	0.323811	0.467431	0.526435
5.480804	9.449353	1.786396	1.706135	5.277627	0.319472	5.501313	4.48561	4.266426	4.14267	1.62663	2.829245	6.932519	2.494769	5.338487	6.344285
0.258667	1.064794	2.701066	8.051973	4.657044	4.851826	0.279827	2.376399	2.075284	4.12066	2.647083	0.853945	0.885009	6.933987	1.212145	0.313899
2.480765	0.89357	3.311795	5.810788	3.271308	4.915142	4.634724	0.781016	7.458557	9.606626	4.910375	1.96769	2.018651	1.416983	0.707967	1.863921
0.166913	1.319486	0.091789	0.174435	3.661419	2.533344	2.198289	5.600759	0.908864	1.771425	2.262468	4.633597	1.747524	0.232791	0.262349	4.991832
1.219166	1.299454	0.872994	2.595478	0.414516	1.171732	0.031003	5.721071	0.9178	0.114171	2.034172	0.395202	2.720106	3.037931	0.714758	0.99522
0.582132	0.746531	0.331235	1.955865	0.600575	3.730685	0.103682	3.017055	0.946327	2.875991	1.500256	2.57479	4.74926	0.608681	1.327458	5.611079
0.166905	1.002473	2.767878	4.584152	5.204512	0.811675	0.593203	0.049434	1.929278	4.780749	3.428361	0.280292	0.242215	0.286436	0.847561	0.377681
0.596866	0.121132	10.857807	11.047179	1.280255	1.71294	0.119759	1.363614	2.469881	2.726832	2.949265	4.16393	1.013698	2.704092	1.230977	2.425049
0.296868	1.244173	0.199487	0.012343	0.136304	1.42533	0.188359	2.312168	2.321027	0.718805	0.742855	1.925504	2.311039	0.729752	5.650346	3.03073
1.088616	0.179529	3.997588	0.781824	2.239884	2.495674	0.745859	1.94396	0.220981	1.58265	1.48172	0.526985	0.3164	3.10889	8.411606	0.244783
0.15762	0.877023	4.007029	1.625751	2.611502	1.481366	1.481069	0.030491	0.311417	1.081648	1.312147	4.898852	0.760734	2.229911	0.676262	2.489067
0.94544	1.624822	6.249392	5.262693	7.556656	3.698807	2.124988	6.354125	2.213914	1.245474	2.993723	0.219733	1.427022	6.391496	0.428905	1.568147
0.860287	0.711522	4.643904	0.480547	0.219811	1.714138	0.513928	1.224125	2.683619	9.111476	3.529907	2.265861	4.927296	0.293164	1.832995	0.004664
5.813024	0.160834	1.170191	0.523199	0.073056	0.485003	1.161618	0.136122	4.632877	3.008948	1.807884	1.356458	0.813179	5.606598	0.289264	0.708675
3.319481	5.475988	1.729693	0.435093	0.392149	2.899807	4.919495	1.142208	5.734664	0.90343	1.475	1.99349	0.468176	3.754951	0.408691	1.304997
0.178421	0.668896	2.07439	0.184217	0.025593	1.594298	5.382217	1.920922	0.713507	2.161786	0.522802	0.656594	0.25942	0.817863	0.437696	0.834934
10.320762	3.640141	3.681285	7.43722	1.498409	2.962477	1.59065	2.939679	11.227925	10.217738	7.02004	1.695336	4.743661	1.127171	2.805428	2.231231
4.264518	0.731865	0.392565	1.521192	0.506055	0.250264	1.895792	4.331581	1.780583	1.546517	2.329162	2.502383	1.863393	0.776821	0.384274	3.895366
0.308532	0.471646	4.411293	2.600182	0.378776	1.572471	1.851683	1.886751	0.07659	2.769521	3.166783	0.074536	0.404782	0.717831	0.989452	0.075108
0.090284	0.248631	0.062689	0.0145	0.421038	1.09528	1.019284	0.099642	0.500631	0.235316	0.44007	2.284576	0.00366	1.062444	3.713658	0.282194
0.439134	0.368373	2.756852	3.514206	2.489675	1.088249	0.29472	0.223834	0.211462	5.245198	2.546172	2.1701	0.768076	1.198005	1.161215	3.01108
0.118942	0.65773	0.385641	2.189358	0.591552	1.611085	1.68216	1.256278	0.064	1.645771	1.804109	0.320847	1.757068	4.33212	0.5081	1.146188
1.557684	3.028448	0.982905	0.71024	0.967166	3.044617	0.152699	0.850072	2.189587	2.125644	0.96733	1.8223	0.021483	5.787661	1.119584	0.15184
0.154975	0.595622	0.411184	0.949366	0.827667	0.212518	1.609878	1.439899	3.481528	0.741322	2.645372	2.742724	3.84842	0.283924	1.358165	2.454576
2.119309	0.269601	0.220291	2.786543	3.146483	1.091058	1.282895	5.44072	1.504286	0.19779	0.842908	0.532374	1.362336	4.253726	1.29699	1.367071
3.291196	2.121928	1.318557	1.621778	0.826171	0.840839	2.855842	0.290692	5.069588	1.076183	0.825077	2.94574	2.304917	1.076967	1.440559	5.750604
0.305032	0.116988	1.833062	0.308322	0.007715	0.030987	0.073613	0.846158	0.155449	1.669471	1.862936	1.158412	0.708599	2.779546	0.957618	1.373068
1.746933	2.353864	0.365744	3.004502	0.385673	4.629415	0.917653	0.709099	1.43263	4.481853	1.879438	9.462528	1.547381	0.232207	0.989756	6.591967
0.401846	1.93326	0.557473	1.077935	2.626242	1.122063	0.589871	0.088202	0.671596	2.001247	0.395071	0.696079	0.826748	0.600256	0.463455	0.324845
0.992837	0.658169	0.007288	0.872839	0.745307	2.343371	0.047359	2.282285	0.077013	2.183654	2.074359	0.737458	0.181031	1.572542	0.771576	1.221673
0.375131	0.790688	1.570818	0.875831	0.434857	0.015007	2.409648	2.419166	0.472825	2.315774	1.638883	1.822204	6.667152	0.402532	1.43898	0.562734
1.008381	0.836652	0.374901	0.765001	2.316222	2.005165	0.946818	0.930026	0.354243	3.41988	1.897404	2.690253	1.440743	1.304712	2.162651	4.269241
0.456226	1.800101	0.864117	0.250562	3.359538	1.396234	1.449869	0.397449	0.594861	3.560362	1.72287	2.280011	0.190468	0.421762	0.378109	1.317039
0.794647	0.755529	0.200167	6.183379	2.981379	6.474203	1.541166	1.937656	0.400371	0.677724	0.772988	0.457018	1.986667	2.164501	1.958656	3.113447
1.263044	1.262291	7.349895	5.840516	6.165162	0.60689	1.089862	0.010773	2.401928	2.640682	1.210228	0.572614	0.661016	2.758784	1.070377	0.934981
0.626184	0.937279	0.579787	0.436627	0.1571	3.107374	0.618333	0.000136	0.544717	0.7138	0.13396	0.54219	0.198469	1.65483	0.516734	0.056716
4.386603	1.517866	1.276498	1.789697	0.959771	0.047073	1.410467	2.728041	7.344156	6.067769	0.942405	1.893603	0.234299	0.245483	1.450386	3.208416
0.006656	0.007321	0.736076	3.8252	0.129849	0.711573	0.452663	0.02991	0.065383	0.139038	1.22407	0.27295	0.094376	1.7801	0.438655	1.768576
0.091758	1.643938	2.74049	0.922123	2.149898	0.068328	1.662625	1.314793	1.513134	2.181183	3.702789	0.625479	7.135203	0.180925	0.76301	1.666784
1.821001	0.219602	0.544711	1.81662	0.819896	1.76412	0.049498	0.219297	0.103031	1.388019	4.737937	3.744426	1.932408	0.585262	0.481648	0.600309
7.106465	2.484415	1.510456	1.832753	4.844353	0.114211	1.453307	0.438274	3.659591	2.91323	2.383073	0.23059	1.335223	2.163725	2.917802	2.422736
0.539305	1.240757	9.617173	3.620597	1.260685	1.030107	1.04534	1.942146	2.854235	3.319428	1.538436	2.279172	1.203355	0.68815	0.866389	1.467917
0.066998	0.525784	0.389728	0.327682	3.226635	0.498921	1.64585	2.559547	0.412984	3.22527	1.452293	2.269612	0.589619	0.462336	1.143886	1.903142
2.225963	4.605079	10.74656	7.046792	7.035557	3.453815	1.725226	0.256808	6.743031	5.376185	2.325241	2.976785	1.668865	1.819342	0.968324	3.822084
0.124241	0.929761	1.001876	0.314243	0.429193	0.661912	4.371035	0.067083	2.883434	0.57577	0.922799	0.623582	2.057254	1.788849	5.326432	0.42159
7.074012	8.15372	0.690178	2.104157	5.855547	5.374091	3.598887	0.258118	3.753992	6.787481	1.944767	0.223451	3.999709	1.570377	2.16536	0.712768
2.818162	2.839004	2.547558	0.44977	0.627957	5.740095	0.036672	2.569843	2.051066	0.55501	1.949982	0.037583	6.796723	6.825111	2.11389	0.357927
0.190571	1.674818	1.702848	1.09774	2.072769	1.557411	1.029426	1.289023	0.247275	0.051335	1.989276	0.805167	0.56203	0.498973	1.453571	1.70838
0.036823	1.190592	1.533982	0.172183	2.680431	2.393639	0.099311	0.976917	1.212927	0.779184	0.234667	2.00617	2.601936	4.167614	1.739227	1.001549
0.100099	0.238778	0.550391	0.562644	0.036703	0.14533	0.518411	0.131204	0.624379	2.17841	0.036941	2.663874	3.656162	2.003504	4.091244	1.068353
0.065226	1.27849	2.246175	6.404977	2.189732	1.007554	1.351466	0.48675	0.099713	3.840556	1.792516	3.873778	0.659079	1.121294	3.442215	1.214362
2.550138	1.284176	6.653563	1.266734	1.260657	0.04701	1.001025	4.591657	4.438405	3.414426	4.944674	0.091534	1.043284	0.126408	1.831791	0.101071
2.291499	1.721845	0.169751	0.057593	0.208351	0.73095	2.677364	0.361641	5.87079	1.634889	0.060847	1.860296	0.020896	0.315208	0.208739	1.322036
0.627072	3.741329	0.32207	0.1519	2.378395	0.343548	3.842385	0.296143	0.040876	1.373386	0.434399	3.941249	1.09485	0.049415	2.351343	8.144202
2.942011	1.095028	0.029471	1.237062	0.12983	0.527905	4.827796	0.21067	5.651069	7.371506	8.828515	0.076908	4.918487	0.582368	3.593436	1.361844
4.274478	1.375921	0.015686	2.190828	0.057997	0.17123	0.932603	0.369034	5.57159	6.648337	5.494736	3.636923	2.701236	0.182662	0.031457	1.15562
7.776927	2.323024	0.922382	0.726534	1.12378	1.433555	0.173217	1.318693	5.069769	6.085326	2.073872	10.460192	4.611693	1.981414	3.363142	4.444249
4.427921	5.282244	3.751449	2.670412	5.178148	3.849639	8.266096	2.119523	3.905693	5.567142	0.961177	5.283818	7.916873	2.485122	2.447314	0.109377
0.862625	0.063303	0.510127	0.551692	0.371062	4.522605	0.215227	0.967313	1.286248	1.359547	0.106544	1.140329	2.223106	2.957899	0.393689	0.337007
4.99552	5.810592	3.690997	3.537124	0.247448	0.521364	1.192079	2.607603	4.163014	8.002893	2.728215	4.707898	3.259882	1.544251	0.110749	7.571379
0.336249	0.16763	0.902987	0.988947	0.912517	0.005756	0.044879	0.197025	0.15733	1.914655	0.879361	1.100848	5.800988	0.533212	0.011837	1.046876
1.033434	2.1962	0.799864	2.059586	1.181765	1.405907	5.543387	0.481333	1.728557	0.140029	0.936649	0.145084	1.022221	0.715391	2.655129	1.09696
5.021347	1.154589	1.063704	0.488877	1.040541	0.765959	1.975676	0.966308	0.65945	3.094712	5.019458	0.157931	1.182656	3.522087	0.489151	1.460067
4.819881	3.71793	1.110235	0.617244	4.619275	2.778363	0.17308	3.453781	7.578734	4.500284	6.29665	5.419273	2.416224	0.694596	6.222995	4.499613
3.436312	3.845652	6.497329	1.733325	3.120049	1.355559	1.137795	1.342386	2.690498	2.672718	4.476159	5.35512	2.075005	1.437269	4.074054	6.028304
0.967714	2.628509	1.288475	0.410652	1.355978	1.575538	0.000281	0.79207	0.505537	5.547949	4.196538	1.288295	1.054845	3.432138	0.068985	1.65594
2.667574	1.940864	2.602194	0.502076	0.928726	0.789007	3.219711	0.362249	0.265625	1.470826	4.715329	0.067405	0.299757	1.52991	0.283473	1.252896
1.951388	0.059374	0.010257	0.975271	1.462742	0.628333	1.818863	0.338122	2.078288	1.53466	3.299471	3.399492	1.423419	1.686357	4.186277	5.365403
2.616754	3.443736	1.067043	1.30617	0.038358	3.450743	1.354083	3.625321	1.729673	6.538316	3.087981	3.838765	0.741585	5.359146	2.723548	7.424932
0.124162	0.215482	1.706127	0.41162	0.711636	0.864449	0.817617	0.914457	0.524077	1.217406	4.785488	0.815795	0.975536	0.069713	1.785689	0.755916
2.807708	0.781271	2.275037	0.278363	0.449832	0.245497	2.530029	1.873352	3.002465	0.865933	1.403578	3.130092	0.255203	1.193384	2.265348	6.10358
0.407648	1.269445	0.725155	2.489882	1.200128	1.322235	0.112935	1.599647	2.158671	4.459451	3.960217	1.246814	1.863784	3.971429	0.772428	0.649068
0.052658	0.113202	1.532917	0.907514	0.677171	0.767561	0.453052	0.15501	0.482914	0.190094	2.227724	1.352504	0.06133	0.328359	1.201541	2.483232
1.368689	1.15533	1.850011	2.777498	0.014791	2.236103	3.110409	3.120908	2.862617	0.268009	0.523832	2.829173	0.647777	1.066101	0.612457	1.88836
0.333434	5.207728	2.456254	2.166513	0.189128	2.297697	0.318639	0.936355	0.017943	2.110957	1.590393	3.89841	4.369803	0.639016	0.876198	4.57414
0.869661	0.406046	5.049992	0.651058	0.63206	1.452102	0.647621	0.405036	4.7001	3.528795	0.199829	0.203458	1.510069	0.99869	0.346091	0.621447
0.30596	1.464725	3.718262	0.012643	0.078265	0.25503	0.701989	0.082323	0.064761	1.345551	0.21623	0.986051	0.513392	0.340491	1.269823	0.422241
2.117139	0.832306	2.133819	1.762578	2.081547	0.517499	3.04078	6.847557	0.435419	1.352888	0.073654	0.926536	7.550546	1.5666	0.520222	0.220831
4.153132	0.370627	3.37429	3.471445	0.10386	0.273885	0.62384	1.725592	3.115306	2.227378	3.709939	1.526941	2.069458	0.247571	1.107288	0.318487
1.916182	0.211189	0.020958	1.517934	0.279798	0.453238	0.080511	0.1297	1.088108	0.056675	2.021085	2.852164	2.02841	0.450403	1.472965	0.404429
0.280694	0.381756	1.17709	0.674468	0.048648	3.985	1.089342	0.659248	0.946777	0.278168	2.262535	1.000448	1.140673	7.854028	3.063544	1.060051
2.170252	0.087009	3.028857	3.338757	0.70116	0.104102	1.740316	0.269824	1.296065	3.454583	0.838167	1.696106	3.464336	4.799189	3.753105	1.553021
0.292998	0.898666	4.546497	1.109955	2.18146	1.538243	1.770903	0.568498	0.092052	0.807907	0.115739	0.459462	0.261677	0.189173	0.532946	2.296864
