VisPeri-ContA	VisPeri-ContB	VisPeri-ContC	VisPeri-DefaultA	VisPeri-DefaultB	VisPeri-DefaultC	VisPeri-DorsAttnA	VisPeri-DorsAttnB	VisPeri-LimbicA	VisPeri-LimbicB	VisPeri-SalVentAttnA	VisPeri-SalVentAttnB	VisPeri-SomMotA	VisPeri-SomMotB	VisPeri-TempPar	VisPeri-VisCent
2.014155	0.665513	0.350372	0.687955	0.476996	1.165257	0.176104	0.545148	0.23197	0.618514	1.538575	0.371767	3.409749	0.829709	0.088384	2.627308
4.32973	6.688884	0.947386	1.184446	5.167897	2.738743	0.217759	1.371647	5.719418	6.158357	3.589014	5.208942	9.851125	1.338866	0.327987	15.989912
0.270024	1.404606	1.182563	4.164882	1.818224	3.918734	1.858168	1.985962	3.220648	11.782981	3.348368	6.094772	4.584951	0.378668	4.123639	0.018488
1.247076	4.272174	4.71307	7.917879	3.105057	4.970579	8.309879	3.423337	0.630351	1.032278	0.257214	0.158526	12.402927	1.009856	1.936831	3.489373
12.978842	15.040379	5.092347	7.707127	10.145625	2.954171	0.472401	1.168089	9.486333	4.185144	0.137063	3.795498	1.646019	5.422836	1.560261	4.341814
2.566996	10.668518	0.941187	2.526853	9.745957	4.283129	0.106059	1.644758	2.609974	2.986682	6.633868	3.509458	5.629676	2.716988	0.489737	0.393021
10.820359	26.030344	4.581769	16.662698	10.952249	0.528245	4.268881	6.242155	13.181471	21.996736	0.373073	14.236343	10.326351	6.058687	0.988174	7.40787
12.554343	11.249701	9.169834	2.693948	3.296046	4.370767	0.842259	4.282373	8.030306	6.162766	0.253533	8.449761	4.845336	0.056535	0.626379	14.780385
3.297667	1.645535	0.567707	0.175724	2.138947	1.31366	3.514289	5.400622	4.690586	1.254141	2.592496	0.622531	1.961682	0.473092	2.119553	2.939788
7.114108	9.816918	0.490464	0.787051	10.62071	2.917756	0.219037	3.963427	14.74896	1.329666	0.282205	2.951633	13.627272	0.079327	0.794478	3.952522
0.812604	3.93035	1.050981	1.889081	2.105997	7.744788	0.564542	2.807112	1.768612	0.577594	9.147633	0.143962	5.385344	0.962185	7.782323	10.096862
2.344573	8.911944	6.26766	7.889063	10.314454	3.829347	3.506267	6.409197	5.270895	3.234625	5.275364	7.962486	13.148845	1.058503	0.643731	12.185809
4.47548	13.21394	1.962309	2.708572	6.092546	8.294645	6.697363	2.683954	5.138615	5.502483	3.654912	6.857381	34.174589	4.234265	4.850396	4.756565
8.218597	11.937985	19.431486	19.814083	8.373761	0.259399	4.851605	8.06835	6.581873	4.270817	16.438813	4.520529	8.246297	1.372363	1.516492	6.794877
8.879179	6.834357	3.120189	1.297782	5.162351	5.214733	17.370656	4.933358	11.447036	4.070048	2.152833	11.472616	13.859746	0.563805	2.789192	0.542458
0.981601	2.897468	5.554263	4.844736	3.112124	1.368043	0.807609	2.173364	3.164141	3.317639	0.13259	0.652462	1.826048	2.880453	0.583841	0.255045
0.474438	0.629889	2.038709	9.206913	2.926067	0.141462	2.195655	2.316048	3.263648	7.870475	1.527178	3.891125	4.224942	0.008981	2.687698	4.273394
5.716083	5.922698	1.988702	0.583149	0.207127	2.893609	4.783892	2.881875	5.505712	0.470178	0.737646	4.559634	8.757899	0.231536	5.959712	4.303633
2.828747	3.848848	0.579467	7.717714	5.691214	0.955919	0.207136	0.745615	7.08375	4.244693	5.614856	6.074739	7.891951	1.348759	0.593169	4.130532
1.777136	6.175007	0.26938	0.623417	2.267839	2.560993	0.806709	0.766018	1.020429	7.147994	2.414837	1.57917	5.354022	2.21574	4.993394	11.51984
13.388615	8.669836	0.548839	0.222306	0.260257	3.734398	1.753116	1.502445	5.560619	1.96053	0.621856	3.373351	19.813849	0.290412	4.443416	10.824898
9.906716	17.675973	0.345413	2.249143	6.768759	0.258524	2.441413	18.926007	15.710365	13.067634	0.376654	5.290192	19.518654	0.163826	1.854363	3.869821
1.927417	6.145429	0.140188	0.181236	0.862684	5.316514	1.034012	1.958306	0.497236	0.245263	1.068975	0.602344	13.741844	3.711424	2.383645	19.859074
2.980219	4.505289	2.897589	4.945765	11.482316	2.749125	0.282543	2.993792	6.754953	6.254216	0.506195	3.139446	11.541192	1.728165	0.131666	2.400536
1.543065	1.823544	2.672569	5.281499	3.412677	5.320374	11.645844	2.829304	1.326789	1.928342	4.55525	2.02443	10.065372	2.252029	5.016813	15.996134
0.956059	2.467142	4.309455	4.738755	1.047709	0.108758	2.157961	0.011961	6.01778	10.215717	0.932693	9.631759	9.273635	0.350157	2.810217	3.608315
8.459637	18.270088	6.043275	5.862585	5.621306	2.828545	2.039648	2.564019	3.458771	4.311048	0.83089	2.155677	13.529398	0.813507	2.305619	5.269655
4.43788	7.720176	6.150778	4.182085	5.271979	1.38191	2.106247	1.426732	7.844888	8.119329	4.810412	0.701779	5.617897	0.724742	1.454577	2.936917
0.925188	0.239066	0.367705	2.030299	0.232304	6.299188	3.202772	4.105119	0.955733	1.359704	0.43172	0.355617	21.994236	2.995143	0.115688	8.375537
3.987223	6.354682	1.465244	2.812257	3.495844	5.876976	0.514327	0.273889	2.851935	1.259103	5.885948	1.113756	24.755102	12.256801	10.989701	11.900568
0.878171	4.261556	25.434369	14.746118	6.520197	2.341859	2.423527	3.726613	8.832366	15.291452	25.010396	9.459511	27.075862	11.492669	24.383154	31.323434
0.238684	4.485232	2.474777	0.957563	2.093301	0.970193	9.782374	3.910948	2.121467	2.530333	14.296088	5.22311	13.91636	3.648754	2.333568	24.99963
23.448014	28.602324	0.760793	5.194129	9.071138	12.014048	5.379283	6.265668	18.530284	8.259389	5.983137	3.952226	14.143895	4.678571	8.357912	2.469029
18.381084	3.964013	8.332083	7.008554	7.013433	4.63901	8.284672	1.542926	21.175613	7.499147	6.611774	11.496102	4.270221	1.682579	1.616337	4.541816
8.048005	7.951967	9.488877	5.064572	4.563947	0.793227	1.342161	0.130672	18.339925	7.952128	1.155173	5.767295	18.739398	0.040061	0.422838	11.540631
3.729008	1.773345	1.161112	1.255537	1.120637	2.891445	1.861293	2.510928	4.254216	5.892352	4.433344	3.756946	4.681989	0.674325	0.473564	1.041444
5.125182	5.479411	1e-06	0.312572	0.504173	0.176501	0.57194	0.253134	0.963561	2.516974	0.913218	2.125078	9.766381	1.269223	2.750194	4.527783
11.074616	11.349402	0.302235	1.406506	0.736329	0.909044	3.024504	0.374713	7.783327	2.015485	0.115762	1.501972	6.197555	2.094715	1.839082	3.463398
11.354577	17.274956	1.674218	3.579088	24.0157	10.423469	0.265974	0.761631	5.766501	17.306968	3.652465	3.741717	20.954309	4.71765	1.082454	0.107074
1.048238	0.83639	0.651297	0.913653	1.578337	0.433488	5.924959	0.307816	0.434442	1.070365	17.106268	10.065654	5.617146	2.644541	0.552729	14.582114
0.294277	6.017541	3.971416	0.932149	0.343027	0.036393	1.267771	1.1088	0.960857	12.647067	2.213884	1.935347	11.795949	0.633648	0.317517	6.184997
14.561942	17.517915	4.027072	1.319758	6.300333	2.004891	4.304471	3.959412	9.396314	4.74937	2.620125	4.247547	19.516617	1.757072	2.183695	12.35862
1.82229	3.988875	8.435724	5.300059	0.24345	4.341245	8.671982	0.902043	2.265998	3.176147	4.483347	2.886601	9.336104	0.193548	11.476272	8.957349
6.900574	14.385453	1.327919	0.007124	6.496403	6.681282	1.514409	1.743632	5.880407	2.379659	0.960542	3.18421	10.253513	0.648482	4.715267	0.443965
2.106025	3.01338	2.470599	1.701262	2.226494	1.555807	1.925062	1.211361	3.468175	1.535172	1.974839	0.008669	6.018941	1.171543	0.416132	0.685324
2.068939	2.781466	2.236221	1.508151	7.032257	3.488092	2.322827	6.334388	4.290747	11.364113	3.496791	8.723579	13.16777	1.888851	1.721999	3.952977
2.232924	0.500275	0.481033	1.477541	0.595562	0.486837	3.547229	1.295755	2.269379	3.306562	2.148352	2.922289	10.832275	2.350883	0.805111	5.039813
14.064635	9.471294	0.14779	7.100609	9.190712	3.660868	2.278392	3.638255	9.654706	5.082024	0.094887	2.624488	23.410051	1.99127	0.327835	0.462313
2.025882	0.764169	11.652956	5.686223	1.327645	6.363073	2.288126	5.70866	1.785176	3.952645	0.798366	7.327024	11.113354	1.588492	0.594751	24.824282
14.906406	19.069348	0.465614	0.503333	1.935007	5.470882	1.000021	2.593006	19.845562	7.710993	2.865605	16.645874	18.235675	14.958321	5.139686	11.147501
1.693189	6.107436	1.233128	0.518755	1.164824	2.564306	0.584475	3.629768	6.299704	6.405943	1.231822	10.028524	9.952327	1.228974	0.610148	24.012966
10.334718	14.281397	6.669394	6.414583	11.031723	6.250756	9.534335	2.29966	8.395232	3.34806	1.27267	2.037194	32.676074	0.591224	1.810323	17.496158
2.133415	0.735474	1.420193	0.845804	3.954141	3.684655	1.698546	1.338423	11.214496	0.31742	1.89362	0.702212	5.775877	5.838971	0.204241	16.072388
1.459904	9.920786	1.860213	11.966026	6.646631	3.058758	1.477433	6.330013	3.138411	7.020309	3.962771	7.067759	7.031466	5.41522	12.614517	6.720583
12.48693	7.49775	0.054525	0.090095	0.678278	0.497639	8.225409	9.648427	18.503672	4.150242	0.571428	4.51392	7.338711	0.972705	0.672388	4.269247
1.855132	1.521306	1.066119	0.837237	0.292885	1.337666	1.489643	0.247557	0.422213	0.691218	0.521742	0.825557	6.224081	2.125457	0.129712	4.263408
10.008881	5.162672	3.010867	1.301435	2.952819	1.970928	1.699941	2.020517	9.382869	3.695509	2.48258	4.416443	1.769469	2.043435	1.744434	7.670652
16.444269	8.487504	7.487465	7.153529	5.498013	1.530623	0.73451	1.295251	16.543329	13.063848	0.689284	9.339044	21.503507	1.257013	0.365783	3.29283
3.665656	19.325468	12.133609	16.161705	15.881277	2.146315	1.022942	0.10428	11.456356	17.268624	7.793752	17.685407	6.219558	0.826281	0.70492	2.608435
8.324816	5.859849	6.142587	12.89803	13.907242	3.717289	0.390857	1.429113	4.490428	5.188138	1.02326	2.552376	11.922511	2.674435	1.797159	6.547743
0.512851	1.029352	1.230077	1.908365	4.646625	2.684485	7.047331	0.4362	2.380025	2.70954	10.199696	3.511122	3.254452	0.529495	4.70536	9.573504
3.152255	4.903156	0.379834	1.262185	1.034513	4.003536	0.632213	6.617546	7.614368	2.166571	6.825472	7.138526	17.456192	2.598795	1.160541	2.389876
5.56546	6.613486	1.455649	3.44888	2.275906	2.334628	1.47147	3.29605	7.568584	7.678926	3.886867	8.349873	5.688642	2.504194	0.238196	8.660738
8.335945	13.5402	0.727141	1.350301	6.012535	0.503202	3.757972	1.775054	6.832376	3.198998	0.740321	1.748776	8.830708	6.348872	2.565339	4.451975
11.811419	9.370682	2.918209	2.642202	2.68656	2.358584	7.819817	2.222999	8.94339	8.631613	2.609894	8.724614	28.920633	0.163441	8.338545	11.990647
14.590327	5.038793	0.807258	0.915098	0.036975	1.33269	6.829471	0.900986	10.616249	5.870182	2.945279	9.71105	14.731754	0.677575	8.888833	7.483115
3.217119	9.636108	1.802647	0.591838	2.877828	1.633703	4.060277	0.262177	3.457079	1.493807	3.701365	1.413909	7.089425	2.205664	12.285717	7.130721
3.840244	1.246352	7.798903	5.992077	7.846702	8.399197	1.159159	8.308506	10.335314	4.290201	1.174507	4.577746	11.829156	0.686564	1.355352	2.233421
2.808861	8.277504	0.417284	11.126373	9.949302	0.690969	0.723402	1.278919	5.406566	2.814229	5.63894	2.058439	2.021269	0.542304	0.418256	4.419165
11.692287	14.682136	1.95575	2.761167	13.087255	12.075211	2.85189	2.204847	14.737523	7.619153	0.561468	7.145306	9.502623	4.86732	4.681654	4.521042
2.180114	2.119938	3.346509	2.132239	7.011783	6.367323	5.356159	0.206347	0.162159	6.969837	6.195592	6.031727	9.836337	1.440331	3.277455	24.857071
5.335666	0.094327	0.290455	0.455398	5.144406	4.122721	0.097026	1.911185	4.460836	3.015338	0.302865	4.601398	10.345737	1.394759	3.297081	10.511272
17.821055	7.132667	3.257285	3.93824	5.289226	0.142721	3.696157	3.302909	12.397263	22.533058	1.613882	7.947296	7.676976	3.551735	3.630168	13.210518
8.731208	13.637206	1.990345	3.623587	6.401794	1.330558	2.3875	0.498818	8.36013	8.013882	0.38956	3.128965	11.421033	1.648853	0.507435	13.651137
13.765651	14.734612	1.099678	10.942978	19.111892	11.136365	6.813251	8.881985	11.313476	9.424058	0.641367	11.344202	28.760714	2.213432	2.866044	8.269073
5.514836	13.829603	15.715156	12.973145	1.778326	2.149956	0.981935	1.837012	8.118943	3.710185	0.199857	3.734326	22.762127	8.156762	0.354193	30.006991
5.726175	18.753042	9.619778	13.771153	13.012577	5.349555	5.220951	2.769435	9.001619	6.088532	0.084083	3.014866	16.915265	1.465922	6.078486	12.002556
30.570961	13.166182	4.959055	1.106247	6.059053	7.49337	1.238042	7.758467	17.059442	16.252417	0.450469	1.097001	19.980057	5.611186	4.459944	2.439782
8.945698	11.348494	9.784698	6.368093	11.471148	2.484724	2.925312	0.711678	11.17925	6.756012	0.405686	4.351247	15.856758	3.924288	2.619624	10.032186
9.647145	24.601329	5.131227	7.010581	4.781944	6.407259	4.412154	4.336584	13.807733	6.75505	0.303066	5.708406	20.734252	3.584209	6.389012	4.08162
21.586729	28.540669	10.974925	30.104651	29.30612	21.476122	12.77114	18.751702	21.21572	17.141054	0.401652	33.007536	24.72975	2.038415	12.732307	6.648177
4.66763	2.497638	3.06101	2.745578	3.742042	6.540055	0.808768	7.837702	3.918892	4.579582	2.529207	3.548088	2.143739	0.839919	2.064719	2.88517
21.301672	8.411166	4.417162	16.297069	6.304637	1.111602	7.456191	1.628136	17.277605	5.752669	0.546519	8.781646	2.72129	0.129224	2.689094	2.879621
11.049949	2.774014	7.21615	10.47796	10.604681	0.314522	6.961844	1.205276	6.292459	3.498939	5.68413	2.855214	9.381487	0.076667	0.172256	19.727251
1.335554	0.34256	0.194968	1.622011	6.210479	1.590551	1.684015	2.28036	0.321005	3.11945	0.187104	5.082424	8.38021	1.039036	0.338787	1.030653
11.159447	19.017869	1.49045	0.81082	0.771962	6.911003	6.397318	15.593744	4.185399	1.986803	0.972735	1.038096	15.924373	5.121979	8.281687	9.70903
3.287656	1.80823	0.202467	0.252908	3.595686	4.954447	1.804914	0.421084	3.892571	1.583496	1.11394	0.769517	10.167262	2.612411	0.358266	1.008255
6.304502	13.004514	6.955362	4.822326	11.967543	20.005728	0.625462	0.280467	2.376282	1.879116	2.45289	1.156369	22.628731	3.002314	13.447901	9.063219
7.655935	21.691709	5.526349	11.095715	12.102387	1.651701	1.544489	0.247745	4.600805	2.840807	4.605235	2.064387	25.717308	0.657976	2.218459	12.435376
13.958152	22.461882	3.347027	12.836214	19.991675	5.916993	4.072013	2.563557	12.713142	5.267703	1.397206	7.550624	20.500159	2.006022	3.556467	13.743658
2.919523	4.420801	1.132211	0.914843	3.699728	1.87307	1.041195	4.15587	2.352493	0.344247	4.533399	4.068315	12.570592	0.674624	7.635907	17.368439
4.556879	12.205635	2.76561	2.120204	4.6374	0.36915	3.425566	2.841112	4.783817	6.40079	2.551896	1.155901	2.73466	0.194108	2.015203	2.639762
1.997891	3.601212	5.964223	8.375213	6.02266	2.597443	0.452953	0.442417	9.050541	12.976793	0.532997	5.06619	9.932592	2.161229	1.024157	1.987717
3.495171	11.559032	0.845586	1.213907	11.198204	7.689573	0.139238	0.178141	4.260644	2.476627	0.876334	1.970189	22.039194	2.213306	2.079865	5.50893
15.845608	40.277133	12.873096	15.475978	13.164297	7.563088	5.401843	5.595777	23.282041	17.571534	6.153303	13.619745	16.309366	3.306174	2.96185	0.332174
3.450869	2.842738	0.39116	0.241814	3.430032	1.203251	1.267013	1.362571	5.2649	6.912799	1.220677	3.140335	5.992024	0.599346	0.222181	2.602321
15.380143	6.772751	3.361136	1.091959	8.764529	5.840368	1.859977	3.903736	7.542571	12.847476	0.328227	13.435747	25.114635	0.759706	15.750608	4.537773
5.223378	2.876568	1.054899	0.265748	1.095068	4.114176	2.663797	0.852796	8.46304	6.337226	1.924372	6.052573	0.257532	1.257671	1.951531	6.986156
6.148944	2.634503	1.291049	1.538174	5.185104	4.260478	0.901794	3.120729	17.845402	8.273101	0.390208	12.622153	5.017667	1.704931	0.528324	2.744342
15.138764	13.660244	6.05733	18.107916	11.156207	2.296905	0.951985	1.994575	22.582898	23.330807	2.939071	10.183309	12.634705	0.304261	2.999468	0.407506
1.413142	2.278338	0.306383	2.718728	2.521492	4.318026	3.07278	2.219145	2.184738	7.77266	7.386208	12.092229	3.154018	0.07014	0.425967	5.868966
5.406668	1.706627	1.816664	0.977984	2.064166	0.056111	3.91935	4.236469	3.251243	1.139714	0.156642	1.983244	12.033071	2.1548	0.044796	9.60287
0.562563	3.857085	5.960191	8.400726	4.105272	8.34433	4.553883	4.359535	0.594372	0.55814	2.692493	0.11006	19.092362	6.462848	4.473538	14.303066
2.269765	2.296947	1.302884	1.086474	2.532341	3.381211	2.64083	2.017039	2.824036	3.078967	5.213962	2.223462	2.887305	0.2241	0.006474	2.445957
7.478116	9.658614	2.938869	8.465873	3.955156	1.362275	3.766565	0.392508	5.053415	4.00903	0.974812	6.543771	26.415283	0.168993	0.69136	11.643014
2.195743	1.75049	15.86255	15.882906	6.833036	1.410039	2.301252	2.737104	8.332576	6.527709	3.722213	2.573483	10.431632	2.302757	0.119541	23.880924
0.43403	6.278753	0.687718	1.249818	0.076798	2.091684	1.519257	0.716159	1.000738	3.683171	0.409206	0.051103	13.530213	2.426503	7.833405	12.077633
5.881652	10.343412	0.603443	3.453103	5.062123	8.79005	1.721617	5.303523	9.274186	8.108382	4.279594	3.999912	8.991561	0.664411	5.890625	1.235003
16.17085	29.470146	6.861744	18.876072	9.776328	0.44646	0.702504	9.564692	28.505338	9.459909	4.049173	11.880334	16.865205	0.61615	0.198774	4.912554
2.962114	11.180162	4.264076	5.658638	21.047257	3.063556	0.697497	3.658887	7.810953	5.587259	0.989232	5.869811	7.497281	6.20178	3.810318	4.053731
3.598271	1.137956	1.471729	1.533812	3.976422	7.269766	0.501281	0.836684	3.658431	2.040569	0.583826	2.85482	7.428271	3.610397	2.631736	22.755128
5.447037	9.658466	1.461342	2.207408	11.988058	5.869732	2.336607	0.757501	5.653951	1.368072	1.130384	0.369769	22.278005	6.052177	1.363188	7.986453
1.895113	6.469372	1.429204	1.640152	0.77716	2.546902	3.88988	5.390437	5.190419	4.460307	3.518669	1.037562	5.481144	1.980385	0.184021	4.206062
1.207511	4.583987	3.834037	0.962354	0.865191	0.955126	0.233939	4.173281	3.51947	3.130816	0.741423	2.606261	0.073123	0.479606	0.045381	0.92156
4.166874	0.422713	3.123757	3.931735	2.770383	0.937422	2.237249	0.0741	3.985548	8.291273	2.600358	5.71054	5.843009	5.248575	1.528573	8.66737
15.44304	10.487324	7.890229	5.606584	13.53145	5.316324	6.957365	12.156335	15.933713	6.973122	12.6056	9.596811	4.711651	0.1232	2.973564	0.942811
8.349226	5.049709	2.252793	10.663383	5.453113	13.386514	0.182285	3.559368	5.037023	1.815313	1.359359	0.264364	1.253085	1.305404	7.609085	1.526614
10.011948	6.388375	2.377365	3.323827	1.200412	7.282646	1.588602	3.378677	9.775576	6.664534	0.66187	2.828213	26.303163	4.007556	1.572075	4.540562
6.568384	41.221013	3.502215	0.118239	7.186252	4.546199	5.43267	1.63719	6.91493	3.520708	0.589687	2.206911	10.011571	0.168254	0.741258	7.084902
6.465279	18.194834	9.089966	6.673059	20.13085	9.174999	2.482828	1.702934	10.070722	5.782426	1.880379	3.592235	19.999006	2.964328	5.897211	4.95185
0.126972	0.170911	1.365431	1.113505	0.075836	2.755594	2.365952	1.820734	0.047557	0.442872	0.227458	4.342639	5.903821	1.10977	1.134063	15.981746
1.762501	2.059608	1.808219	6.853142	4.239463	2.378441	4.295933	5.918131	3.729866	11.392869	5.260287	10.661952	8.109443	0.881895	1.115568	3.411773
0.209509	3.401299	1.887773	1.992519	4.607689	5.945953	0.148649	1.979364	0.153965	1.49521	7.569434	0.504787	12.022493	3.746449	5.776146	3.337532
3.737953	0.575542	3.647667	1.621095	1.398474	4.41317	0.668805	1.606589	1.515022	2.98969	9.705253	5.212434	3.335495	5.825214	0.999002	5.614775
8.60755	11.029927	7.715902	8.399895	5.006867	1.151969	2.279406	3.924025	15.197211	4.578396	0.388924	2.923282	15.461277	1.596878	1.081256	4.808703
7.360385	11.392353	3.999956	5.769634	2.268876	0.56242	8.434155	5.905149	4.368304	9.841569	0.555649	6.146331	10.944841	6.838375	1.229426	7.585548
1.323044	3.361838	0.665048	2.99814	3.858877	0.505975	3.180294	0.265353	17.650351	9.465639	0.10768	1.964308	4.015455	1.073709	0.341284	3.73188
4.725512	4.78956	1.101053	3.933772	15.943145	1.640678	1.901175	3.149426	2.237297	6.420172	0.75456	6.353692	16.459342	2.814769	1.88949	1.113779
0.227362	5.298403	4.05216	3.271965	5.473894	0.693675	0.572955	1.90946	4.067041	6.574458	1.160977	6.011218	12.864375	18.502852	3.639934	1.18673
0.337377	0.077677	0.243147	2.374104	3.370915	4.253519	5.353333	2.267252	2.172149	7.361806	5.959491	1.336857	12.100445	0.026011	0.734973	18.817166
5.614133	1.065323	0.717033	0.352899	2.352016	3.492391	8.075707	24.298616	11.176516	5.202785	9.687933	1.886826	32.102858	2.555045	2.249954	5.132642
0.398787	15.553112	4.018866	0.886675	3.695642	1.40092	3.009232	3.726395	5.190813	0.271505	7.147424	2.394012	2.128621	0.982586	6.42385	6.411639
0.182163	5.488803	1.496432	4.721453	2.315606	6.778787	0.802101	2.803653	0.33036	2.508729	7.310745	4.277038	8.511197	12.882272	12.813076	17.294739
1.014798	0.353805	6.266827	5.149627	2.302491	0.384471	0.595184	1.072222	1.418861	1.65741	1.565429	2.468397	15.759568	0.352002	1.278446	0.690331
5.355135	10.092924	5.333544	7.435411	9.175653	1.489578	3.428559	1.966451	6.141807	4.170728	1.283828	1.478812	4.158543	0.329866	2.251869	6.934883
2.255578	6.040654	5.952441	2.606378	0.93019	7.815841	0.670104	0.67373	1.553249	2.417464	0.226497	0.981389	0.553932	1.458166	0.006454	8.743489
4.737228	5.424221	0.422527	0.889678	2.888447	19.520353	0.055091	4.184472	5.004931	1.480264	11.147313	6.535995	24.098713	7.36362	9.959261	11.932396
4.048352	8.816917	0.936156	0.819122	0.185365	0.00561	1.599585	7.005332	6.590851	10.834167	0.42482	3.503658	6.546755	0.304438	1.152459	5.229576
0.495071	2.078468	4.053854	2.898275	0.592885	0.784333	1.953141	1.586507	0.307223	0.980455	0.880898	5.53325	8.817919	1.3547	1.441092	0.811534
2.960087	5.39444	3.982529	0.919577	0.565736	0.074419	2.022681	3.6848	4.074086	3.883332	0.725945	1.212415	5.059212	3.016678	1.77717	10.328804
1.599577	2.592341	2.49735	2.032619	4.669529	2.642134	0.578784	3.065421	0.032983	0.983301	2.46756	1.38513	7.455133	0.436254	6.815447	2.36544
2.30919	5.866423	1.32966	0.712714	4.068924	12.228358	2.584466	1.200614	0.801755	3.357006	4.288372	2.840436	16.500471	0.32299	1.706855	20.175147
4.444845	8.545693	2.579867	7.167447	9.404467	0.109549	3.769198	0.068393	6.883942	4.38802	0.036153	3.773797	3.895014	1.670878	0.58528	8.991224
0.786501	0.99497	5.813425	4.65182	1.725689	2.734529	0.060336	2.567361	0.279275	8.480948	0.166256	3.699904	4.352355	3.283075	0.892573	3.770858
9.292058	8.822421	10.938643	9.807752	2.498742	0.008493	5.900378	6.733354	10.030298	7.42814	1.099464	16.106895	25.39366	0.719431	1.204097	0.660597
4.056246	3.35386	0.773428	2.969299	1.25234	2.833498	7.004228	3.772081	1.600349	0.528268	0.073121	5.411328	9.750161	2.221961	4.875104	11.026847
0.988557	0.028805	1.191896	0.136693	2.519098	0.361172	0.659249	0.853871	0.282864	0.09719	0.129933	1.933859	2.211025	0.009323	2.462519	9.366611
1.797404	9.746754	0.789915	0.56032	0.534031	3.36661	15.939535	4.097779	3.068427	1.131985	1.565722	3.333941	20.693361	1.549533	6.366128	12.438904
0.587624	3.41588	0.08081	1.407059	0.423805	2.779095	1.525687	1.726606	0.640317	0.590806	0.028052	0.062666	5.36369	2.065713	3.786128	6.214528
8.805575	5.648314	3.656713	6.610082	6.583176	6.575127	4.614221	4.038766	13.446785	6.368454	1.909391	7.749825	25.564592	3.472776	0.921435	9.997859
3.441998	13.385467	6.554364	2.838766	12.230136	19.473274	2.089502	0.310633	8.565357	11.969233	4.891527	4.639606	4.304479	2.587836	10.710905	0.5143
4.024953	1.721588	8.321168	5.018762	5.117895	0.809942	0.018915	1.875614	3.291463	4.449541	0.725227	4.984757	11.506172	0.571439	1.79955	1.288411
11.439454	5.534877	0.926603	0.686417	6.385749	5.910294	1.195371	0.675112	5.086314	7.863959	5.699694	7.404636	9.945379	0.412011	5.505722	6.281014
1.435868	5.325059	1.903955	2.354035	1.606147	2.95782	1.661282	1.282512	5.455449	3.390798	8.021297	3.857679	1.771784	0.177133	3.005316	0.615812
0.737886	0.110966	0.738104	4.752	11.104499	0.690729	2.69148	1.035415	0.379398	4.216211	0.641507	7.144594	6.906865	0.887351	1.052615	4.538328
2.426351	0.715851	1.160354	1.671016	1.803737	3.15251	3.337249	5.634473	1.072583	1.14381	4.833206	0.377442	20.229824	3.005625	0.375219	10.249943
8.912243	19.994126	2.029077	14.643641	21.870694	10.923062	0.892213	0.163	6.176927	11.5046	1.513403	3.432504	8.28253	2.083186	4.84227	1.164317
10.406406	7.139243	4.137285	7.97307	11.896985	2.208847	0.123376	1.945343	8.272701	14.949283	1.148645	12.774571	18.542058	3.779631	1.837938	1.999186
5.914329	3.787828	3.92104	1.659849	1.421496	1.138748	1.579976	6.26754	14.7593	5.893029	0.7121	7.251757	5.607186	2.262428	0.066294	0.325328
5.655903	0.511625	0.915086	4.286525	4.448829	0.602412	1.363303	4.641312	8.734066	15.088774	2.9696	12.193159	2.391374	0.619692	3.034162	3.989169
10.022846	12.916818	0.433105	1.063384	0.87967	0.535978	1.002594	0.295969	11.670981	0.384534	9.439526	1.460862	5.312825	1.051305	0.20533	10.961327
4.922405	19.01755	0.002056	0.829369	3.4095	1.421239	1.448888	2.120872	7.368524	10.961912	1.173976	5.311263	15.030221	5.863429	3.966411	12.262063
3.236773	3.249133	1.488228	1.706375	3.010866	1.740552	17.733047	8.312479	4.562424	0.611884	1.478547	5.959838	16.30045	0.769976	2.865968	11.666897
13.625824	5.266084	0.895864	1.098307	4.226005	1.666931	1.850848	1.280833	10.293948	3.487435	1.187937	4.642744	7.59077	0.895235	0.541797	5.03071
0.934626	3.182782	1.530122	0.299695	0.280302	1.026632	0.105275	0.751849	7.797126	5.509432	1.011995	0.187758	19.089382	0.246718	2.567614	1.070748
1.463798	8.206018	5.237913	3.280657	1.547846	4.980387	14.620522	3.126882	0.012577	2.044526	1.249011	0.413449	7.49505	0.750654	19.867133	17.950027
2.981334	1.360731	0.170877	2.686734	3.214123	1.108309	0.074417	0.45079	6.597789	5.988566	4.168596	9.791132	3.598343	0.988216	0.951166	1.390272
4.705976	7.895978	1.388037	3.589543	5.724312	2.696922	2.056955	2.064655	16.111242	7.025424	0.478476	0.610718	5.972865	1.349123	1.806406	11.920702
1.666828	6.465434	12.18998	7.572545	14.482149	10.035204	2.667958	0.544287	6.419157	6.47911	2.016258	8.965283	8.185311	1.435004	3.74887	1.101112
15.054395	10.389168	6.086717	8.059058	16.306666	4.254061	2.284693	8.289005	20.446057	26.648391	9.006655	17.542771	24.209681	0.612763	1.235842	10.484601
2.862583	1.817863	5.781786	10.530287	5.690726	1.018896	5.34959	1.261051	1.397535	2.746195	0.11037	0.898944	12.662416	3.568077	0.280329	11.118261
7.188631	2.848558	4.44209	9.149174	10.792518	2.379601	0.52719	0.045784	15.883934	7.662579	0.930504	7.868819	15.050098	2.939552	0.556563	21.575905
1.215215	6.251424	2.734394	6.691273	9.577525	6.678806	0.907138	4.073811	2.363791	0.714454	4.235733	0.257862	14.197465	0.953153	4.826756	2.446052
13.365945	5.44694	0.673544	5.448281	1.111995	0.812104	1.795479	10.77839	7.400024	3.638606	1.545134	6.201607	12.981525	3.959515	0.530357	5.344263
8.573255	7.398908	5.731515	2.172283	7.296563	6.892297	0.783116	3.638517	6.839029	12.17736	4.407315	6.807493	12.601919	0.604107	2.534134	6.04037
4.550274	7.297671	5.947573	5.975671	2.553874	2.758018	12.96167	6.661563	11.438779	7.358721	2.841591	3.786236	13.674349	1.370025	0.411643	0.610019
8.571889	8.319123	3.457137	6.813956	7.17135	2.55378	0.126492	7.793608	14.00635	15.056913	2.093416	16.59772	6.016378	1.842763	0.075059	5.967726
1.211207	8.718942	1.365183	0.752195	1.123264	2.135424	3.645558	1.192494	2.377864	3.700262	5.009388	1.060765	2.746445	3.295136	0.941606	8.060511
6.703148	3.632362	1.009068	0.758028	0.053382	0.236899	3.04222	5.280191	4.1983	3.020973	0.548433	2.459785	5.940621	0.583317	0.530906	0.589059
0.166044	1.106282	2.17803	2.489751	2.174204	1.638648	4.893457	1.052768	0.296834	0.068029	0.31782	0.782976	7.747566	0.822689	2.128569	10.723897
0.161158	0.606049	0.328041	1.961209	3.826091	6.129032	2.36149	5.34964	0.08857	1.451895	2.162624	2.619739	7.614083	6.794407	0.132983	3.864291
1.210545	2.158313	4.706016	1.502574	0.537363	0.107392	0.591109	5.820439	4.792359	1.013228	11.948981	10.309534	10.097835	6.925456	0.594256	1.927968
18.093464	24.977802	9.363427	4.934103	15.178324	12.274742	3.08135	0.000419	14.022202	12.368388	7.816714	2.260306	51.038833	11.960708	2.007509	11.010547
3.054853	12.356729	2.044253	5.710735	4.003748	6.942302	0.599101	0.176832	2.510838	2.733648	1.6406	0.841918	8.410207	0.57691	3.604309	11.985236
2.750736	3.011244	5.309087	8.056724	7.556581	2.415636	4.699314	4.417376	0.46918	0.497591	1.592782	2.153652	30.555048	0.881424	6.964226	19.272163
28.958421	19.665857	8.670747	14.037773	12.980269	4.383129	5.03206	2.446502	43.393127	39.9422	1.061167	32.816938	48.713359	7.161635	3.191153	8.028477
0.789601	2.885102	19.596057	4.51908	7.138835	4.879569	1.051855	0.867405	0.56353	12.058496	1.452433	17.839259	4.344453	1.194019	0.830836	2.449009
2.886762	2.947336	0.451555	0.040614	0.298731	1.926076	2.10414	2.529018	0.846713	2.300614	0.413968	1.431702	2.970131	2.829688	0.613878	3.597034
3.62027	17.309068	5.571953	4.808532	13.188714	6.207918	0.376145	2.874022	5.432603	6.521903	0.524085	6.73993	11.56252	0.320397	7.184408	1.483898
9.468203	22.42796	1.552374	0.404912	5.033101	4.890349	3.701691	3.434851	5.144523	2.461581	13.607023	1.665817	11.868686	16.371693	10.81566	16.389112
14.303312	21.527155	4.035524	2.306586	6.985176	5.402581	0.707544	1.972185	26.702903	9.939374	2.701016	15.470177	24.183453	8.135011	9.868363	17.338596
9.845615	3.714175	0.262152	0.45547	1.790916	3.626927	3.555897	4.535753	15.227577	10.461594	8.560233	9.960782	8.845761	0.719573	0.043893	1.556963
7.531663	4.268095	0.558502	1.868761	7.850484	3.96692	0.479771	1.443468	4.148036	13.382574	2.434334	5.642786	9.185569	1.211615	0.051856	6.116166
1.936189	1.612126	2.458034	0.659543	4.872001	6.478988	5.32585	0.511855	1.907758	2.577475	7.213659	4.405847	2.970314	0.550279	2.823949	2.080852
4.096233	13.660815	1.443406	1.711019	2.721819	1.642831	2.288157	1.422723	0.423443	3.389132	0.02755	2.751935	8.758374	0.044337	0.401372	1.4361
13.335732	24.695298	6.760289	9.61487	6.412663	5.453819	0.856364	4.264773	22.182477	13.716102	1.150909	5.866778	10.862047	2.797884	4.325443	7.831108
1.795134	4.700081	4.426411	3.824654	4.479367	1.888825	12.545828	2.824067	3.353189	3.501568	0.907518	1.435006	4.313118	1.365568	2.573937	18.287336
6.768341	12.227863	0.835051	5.658514	2.100676	4.974817	0.743685	6.824474	4.86689	4.424153	0.557826	2.416601	18.29398	2.863973	7.185981	1.202382
0.434094	0.670358	1.38087	12.466469	10.063645	2.674573	3.830131	1.007705	0.706582	5.126112	2.38705	2.46676	2.546921	1.512259	1.772997	2.992428
4.826679	4.685942	0.516496	2.980569	6.323751	11.764052	2.385404	2.032639	8.925072	14.139213	2.617053	7.415433	26.735624	5.996201	3.562859	8.733093
0.544888	1.044539	3.550905	2.364456	0.509067	0.463591	3.0602	6.485043	0.515352	0.442093	4.348075	1.080586	17.17626	0.007485	3.264705	8.011072
12.980468	15.700159	7.164136	12.50436	15.923161	13.052063	1.312014	7.340477	6.527051	4.755071	2.169865	4.95776	39.74406	2.657179	19.120165	8.526985
18.175415	22.047444	1.945959	2.095372	9.46709	6.743375	8.835567	16.041655	10.95001	12.910118	5.874824	10.667582	27.307998	3.010145	2.826669	6.252636
1.65102	0.485263	4.841226	5.164217	12.681136	4.551684	3.230253	2.957593	3.796806	20.327961	3.687583	9.223711	11.603831	3.02128	3.400051	1.514095
0.760889	5.324833	5.010834	1.501953	4.551557	0.993781	10.403036	0.389415	5.857631	2.186747	1.358252	1.659861	7.740711	3.031042	0.026752	1.023881
3.002068	8.250755	3.981708	7.487685	19.280242	13.603223	0.452089	9.495094	3.368395	6.139294	15.467385	2.794235	26.079799	4.194141	2.824071	16.232411
4.589516	4.607804	5.444688	2.706643	0.21529	2.314604	4.329677	4.877453	7.246451	3.431379	6.123307	3.096612	5.133249	1.024329	1.84744	23.157904
4.156999	13.737947	0.20946	2.486939	7.683312	5.598093	1.74606	3.54981	8.917857	11.025131	0.445573	2.968088	4.336432	0.534904	12.1403	2.792239
1.853489	3.987635	0.326949	4.2861	8.804272	0.589195	4.337011	2.583183	6.987871	9.738491	1.980436	5.412794	4.289467	3.581643	2.567937	6.977223
4.778374	0.082938	0.244131	4.707343	0.52913	1.029147	2.581491	7.661413	12.736089	10.871378	6.110271	15.733071	4.462292	3.624704	1.228777	2.539126
3.721824	3.589058	3.787487	0.815448	4.308468	16.515732	0.838859	12.789471	0.85428	2.529051	10.365887	3.728852	26.725009	9.777586	10.176033	18.777743
0.343523	4.60298	0.639293	0.784751	1.869977	3.957043	7.126637	4.535781	1.402172	3.71454	1.921393	1.03858	2.820491	1.368986	0.814755	2.197759
6.33081	4.076949	0.105392	1.475181	4.181952	5.269664	9.535168	6.381233	6.668776	3.697666	3.797963	4.724639	17.737303	7.074193	13.233658	5.968559
6.139657	4.202104	1.232848	1.072002	11.473597	5.27381	0.163758	7.364187	15.306126	6.883451	1.05088	1.513169	11.611108	7.702844	1.749869	8.679372
7.693046	6.598601	10.963629	5.142125	5.527224	3.71057	0.941015	0.057081	5.835119	6.039113	5.996995	4.172767	1.313271	0.567725	12.016044	11.35485
6.876229	5.747792	2.290874	11.723174	4.461513	3.226461	1.634123	0.573238	7.630309	12.444277	0.620333	9.461341	8.846768	0.766574	5.768577	16.059865
2.245516	6.173189	0.296344	0.912501	2.624293	1.828832	2.600909	1.563927	9.699787	13.359215	5.510183	5.469493	8.376167	0.490872	1.08386	4.008025
4.751084	6.282938	2.429934	4.780138	5.491919	4.372284	1.089873	10.194564	10.463237	8.979221	0.877044	4.060545	9.618115	1.771856	0.337341	0.7602
20.767379	30.001653	3.247602	5.601725	6.845789	7.383521	2.005471	1.190109	7.940432	5.927381	0.097917	4.22141	31.431435	6.401092	2.411866	6.679346
7.493922	6.658917	0.362758	0.530791	2.293655	0.723145	1.49747	1.466231	1.164626	5.031454	0.269383	4.575822	27.865924	4.194614	2.065011	3.731298
1.560985	1.37808	2.583089	5.193206	13.712825	7.082894	0.992582	1.028071	6.854674	8.894188	0.417235	12.427137	3.369687	3.5881	1.749011	5.931211
0.298708	0.547423	5.081018	2.394593	0.484241	6.403749	3.164448	9.863602	5.290066	4.492138	7.267805	12.446488	3.411791	0.641473	9.168429	4.426306
