DorsAttnB-ContA	DorsAttnB-ContB	DorsAttnB-ContC	DorsAttnB-DefaultA	DorsAttnB-DefaultB	DorsAttnB-DefaultC	DorsAttnB-DorsAttnA	DorsAttnB-LimbicA	DorsAttnB-LimbicB	DorsAttnB-SalVentAttnA	DorsAttnB-SalVentAttnB	DorsAttnB-SomMotA	DorsAttnB-SomMotB	DorsAttnB-TempPar	DorsAttnB-VisCent	DorsAttnB-VisPeri
1.646229	0.175287	0.452314	1.365687	1.036572	1.309194	1.97926	0.492148	2.023504	1.021289	0.068922	1.441059	1.651163	1.289001	2.729257	3.424719
1.301641	0.113369	2.812721	0.336406	1.808345	1.739372	1.74829	0.755616	4.032213	0.67159	2.64082	0.157492	2.205852	1.991189	0.453505	0.571537
4.284783	4.247944	8.279799	3.567164	3.872808	0.287053	2.377356	4.035829	11.583124	8.608496	7.796644	19.690558	2.263187	1.176734	8.080435	7.803579
2.626349	1.477178	0.822128	0.334674	2.931753	4.462781	1.995992	3.322725	3.667099	0.841183	2.97916	2.944079	1.389637	1.95108	0.102873	1.57614
6.010587	1.797574	0.316026	1.734513	0.387365	3.091012	3.557918	6.299845	1.381353	1.114152	0.435303	1.534985	4.390576	1.008175	1.413877	0.626934
0.490912	3.48861	1.269643	0.126856	3.351849	1.534557	4.355927	1.553832	0.043468	4.348443	0.027904	0.744533	0.301776	2.27382	0.914536	1.070131
0.439581	0.005021	0.675411	1.223613	1.119779	1.762414	0.697163	1.117601	0.080405	1.289198	0.658497	1.8113	1.07373	4.071466	0.150841	0.576363
0.027766	0.359647	1.003713	0.2717	1.284048	1.361938	0.361339	0.043215	2.990885	0.183003	1.394545	2.253852	1.073648	0.116597	0.912427	0.454366
0.425006	5.045741	2.498559	2.165174	5.549561	3.539429	3.406039	0.156163	3.865813	0.162027	3.633987	0.724291	2.910032	0.058888	1.27597	6.293465
1.268827	7.015868	2.747968	0.870346	1.472816	4.796817	1.923172	0.772631	0.341953	0.698905	0.395556	11.195913	0.397321	2.412068	1.34906	7.625483
1.178251	2.232543	0.232955	2.03768	2.961565	1.092033	0.071847	0.514095	0.120445	2.576101	0.057848	1.372449	1.924374	3.755232	0.437159	0.379255
5.859726	0.840346	0.669401	2.597757	2.146106	0.826458	2.131551	2.876142	1.019888	2.336216	1.05961	0.817906	4.536317	1.371678	1.384807	3.862747
0.860857	0.738349	1.305175	0.560687	2.435647	4.859975	4.305296	2.154817	2.546102	1.09548	2.501838	6.913816	6.362898	2.964373	2.049868	10.764646
4.982134	5.551655	1.137376	0.600039	1.584778	2.221212	3.260738	4.508449	5.552781	7.622549	2.051924	3.315432	8.00334	0.326008	3.760477	1.024997
4.145153	6.675587	0.205784	1.443011	2.009107	0.807689	3.171856	8.282059	1.296889	4.022735	1.829779	2.188991	0.416668	1.950667	0.512486	3.303008
2.464026	8.990654	0.447687	1.609259	1.108368	0.479259	3.145432	0.763909	1.225256	0.54332	0.409396	1.150678	8.162851	0.874182	3.42407	2.573742
4.40855	1.326331	0.844021	0.337488	0.052481	2.089232	9.197615	3.895862	1.71994	0.555622	0.198089	2.010049	1.55584	1.426957	1.380161	0.15049
0.649391	0.541534	2.473024	3.61386	2.713615	2.647895	0.341856	2.849951	2.856347	0.458297	0.969238	3.345767	0.637028	3.839916	2.447572	3.326646
2.18523	2.47832	4.154061	1.553939	2.508179	0.156686	3.496324	3.750164	0.692171	3.837077	0.763027	1.431407	1.137021	0.152219	1.437915	1.282476
5.638608	2.214025	0.241088	7.799484	0.716168	2.009812	4.476796	7.78959	9.078265	1.173596	0.914014	9.414956	12.946389	8.137229	2.024204	6.375162
3.618715	1.855599	1.666911	2.028309	6.132559	7.561501	3.325662	0.938921	3.077834	6.548274	1.724035	0.454824	0.246298	5.696985	0.978215	0.185008
0.099612	0.415251	2.125197	2.199102	2.759977	0.927318	4.098692	0.52637	1.595489	2.122438	0.319004	11.825083	0.186079	1.552123	0.54068	4.447555
3.589891	7.931595	0.975082	8.444661	3.864173	3.473797	4.073582	3.030767	5.398929	4.946957	1.471146	4.032331	0.751817	2.180095	3.725612	0.501825
0.738455	1.180626	0.180954	0.098979	0.416636	0.542109	1.818033	1.432079	0.217118	1.168378	0.420501	1.635197	3.017255	0.087485	4.737077	5.650611
0.106321	0.165494	0.081544	0.303958	0.193002	0.130887	2.170267	0.082305	0.885394	1.511763	0.074308	0.871514	1.49027	0.749632	0.766152	1.816514
3.020635	4.909801	2.437975	3.104479	0.802219	2.214734	2.055194	2.088659	0.277246	1.325146	0.003175	0.079732	3.827649	3.023358	2.447755	0.156903
1.562474	1.584934	0.517286	1.071245	1.306396	0.948565	1.409582	1.071216	0.537062	2.121157	0.464139	0.465482	7.201854	0.538466	0.92299	0.424343
1.99915	1.699201	1.840782	1.867774	0.100979	6.229236	1.075815	1.441397	3.709993	1.042253	5.653537	5.608318	3.295345	5.133448	2.0976	1.822233
0.976174	2.622196	1.333905	0.412317	1.822071	2.77262	2.852954	2.190839	1.826513	0.559683	6.996761	1.526204	1.244886	1.095017	1.749555	1.23017
1.935246	1.68899	3.953494	1.619472	0.894638	2.41393	4.475887	1.386499	1.921617	1.664467	3.907612	2.53299	1.724668	5.892674	1.043431	1.220863
6.077525	7.290631	3.478181	2.094285	9.205092	0.165582	44.400918	15.711964	5.193629	15.908574	1.94643	0.352723	10.910142	4.546822	1.034318	0.13471
8.92171	7.827254	2.667083	1.301297	0.601986	3.005631	4.268068	5.186039	2.575089	5.795315	2.487905	0.447142	3.4401	3.478621	4.273542	1.086398
4.549193	7.045937	0.664202	1.480183	0.153073	0.087595	0.070264	3.109977	5.297321	0.649794	7.465774	3.736338	3.232632	1.923598	3.265802	2.789447
5.445122	0.187124	2.442332	1.108441	0.301247	1.572195	6.998717	8.575851	7.95357	2.024284	3.106644	8.704581	1.673079	6.687692	6.923293	10.927851
2.914583	1.685838	1.432184	0.041681	1.326938	1.049455	1.132023	3.724028	1.786102	4.327019	3.418334	0.500338	0.760178	1.801919	0.896732	1.0161
0.88038	2.760393	2.197565	0.553001	0.487666	2.547771	3.106841	0.861664	2.524759	2.92562	0.297275	2.740221	0.196503	1.054304	0.695418	1.87871
2.820948	1.342104	0.633938	0.466981	0.530859	2.06775	0.303451	7.075156	6.358353	4.364003	2.31242	4.519666	4.980583	0.018606	5.037837	2.567863
1.264495	1.334527	0.308443	1.918896	4.308908	0.710742	3.764754	1.002166	0.109785	7.378497	3.666641	2.549385	6.379199	0.122655	0.011442	0.369806
0.010814	2.98638	4.072412	3.28268	4.562498	2.013415	3.425148	0.086283	2.318441	2.490314	0.5678	3.238367	4.166271	1.248362	1.683748	2.949426
1.412373	7.501628	5.522603	3.424926	4.184912	0.14985	4.174646	2.113154	0.122484	2.129312	1.682684	2.398885	0.154655	0.019081	6.676262	0.975033
0.152739	1.5682	0.921758	0.049872	0.698893	1.488262	11.947074	0.000278	2.351255	5.843462	0.756343	1.053248	0.724874	2.542788	1.830436	0.119646
7.92409	20.165273	2.288701	1.861226	0.277424	1.203326	2.182491	6.296662	2.741982	2.45005	6.709223	7.267155	16.462031	2.028823	5.043754	3.288766
1.076868	3.768987	0.728101	2.662114	0.760193	0.880043	2.055716	2.351194	0.835975	0.477023	0.211482	1.288609	1.216594	0.803525	2.328179	0.615344
0.143184	2.020946	3.55553	2.108578	0.282116	1.017741	0.726905	0.419315	0.200539	7.095958	0.793533	0.233352	1.525953	4.380439	1.966297	2.427297
2.013097	0.069041	0.356986	1.220559	0.101611	0.196679	1.033651	3.13112	2.4257	2.5204	2.016909	0.142044	0.707821	3.468289	6.612734	0.325124
0.2136	0.325828	2.075363	1.726647	0.01323	0.585805	0.968614	0.246303	1.221365	3.950191	1.454912	1.800879	2.486776	0.50902	0.736506	0.323791
0.806392	4.711794	0.161792	0.314801	0.398829	8.306205	1.289891	1.862184	0.291793	1.542019	0.42935	1.273087	3.773221	2.401465	9.527708	0.207672
8.916332	5.743646	1.301895	4.397604	2.220454	4.841611	0.57357	10.768536	5.743007	0.350335	1.522751	5.463867	0.984316	0.379002	0.656545	4.863142
6.011586	3.164854	0.106766	1.0102	0.456225	1.703585	0.317811	5.172154	0.837382	2.361107	3.163466	2.393882	4.769067	0.26376	0.81374	0.58736
2.181615	0.98626	0.041322	0.100084	1.118035	0.947556	2.206068	4.0055	4.347658	3.791291	4.673563	1.420804	2.696089	0.691562	0.282791	0.626109
0.074185	0.624978	6.839746	0.731077	0.157888	0.334399	1.921092	0.254719	3.442406	7.650142	0.244617	2.876472	13.185251	0.802104	5.387871	0.549764
6.823007	16.740047	8.871868	4.259033	1.024677	1.729419	0.915786	5.602812	12.315856	1.317627	9.91436	2.814744	0.135736	0.866177	1.505015	2.713804
5.318245	5.21633	10.414431	2.997018	0.90001	3.723099	6.618614	12.501919	10.044505	5.464479	7.293909	3.886347	8.181737	2.268752	5.709083	4.413754
1.473145	3.571035	1.69394	3.051815	2.987907	1.165242	1.630844	4.433512	5.092567	0.208475	9.146928	0.718489	2.048004	3.199924	0.215048	1.286378
0.797597	3.555187	0.137109	1.720761	0.186065	0.217327	2.859093	5.052784	4.662863	0.242618	3.366783	0.25138	0.295902	0.658319	2.59197	1.423966
3.273968	0.75036	1.034782	0.933855	0.094779	1.057049	7.32025	0.940701	0.71823	0.866036	0.302677	1.185939	1.642715	0.828221	1.564408	0.691406
5.024474	13.218845	0.429225	0.449922	0.594312	0.516626	0.644816	4.296127	5.516346	1.763979	2.487017	4.821151	1.171376	2.620554	0.125706	0.965167
0.624033	3.45728	1.295981	1.425401	0.362522	0.31116	0.191692	4.794932	0.981152	2.571326	5.704499	0.235214	1.190753	0.91116	1.560816	2.608399
1.256237	0.760723	1.120124	0.605575	2.456994	0.506392	5.431556	2.634275	0.343117	0.059583	1.918506	0.071973	2.803702	0.154283	0.047958	0.068476
5.114804	9.689286	6.710054	2.814029	0.201758	1.808628	1.606902	4.305733	3.273603	1.726226	3.740955	6.65758	6.811263	0.853388	1.367021	0.038013
3.847305	6.347658	3.960802	1.965522	1.422498	0.107615	5.397457	7.504903	8.453573	0.513006	5.939027	1.48562	3.844995	0.244764	8.379736	2.486286
0.03654	0.588353	1.266675	0.810263	1.545806	1.760326	1.612315	1.146817	1.677852	2.964867	3.702998	0.056637	0.214121	0.848437	1.48975	0.057648
3.365158	2.051641	1.130325	0.642394	1.275247	1.403684	5.167402	6.147317	4.642096	0.452022	0.492127	2.119718	2.894582	0.671933	0.657495	4.006515
1.747091	6.752979	0.338086	0.060959	0.149138	1.899291	8.518171	1.686737	1.503578	0.536918	0.120317	2.89714	0.053121	3.984954	3.149916	5.14342
4.025453	4.062903	4.233505	5.015204	4.750349	0.465956	4.28915	7.257867	2.613035	4.106414	2.382416	0.752199	1.015125	2.061016	0.852753	0.42844
3.999859	0.896867	0.515417	0.771895	0.162874	1.16898	2.565029	3.26185	2.868417	1.528379	2.370129	3.987593	0.653728	10.0345	6.31	1.928011
0.718424	0.336915	1.305912	0.642736	1.35871	0.102557	0.130623	5.018968	11.586697	4.497767	3.863176	1.576535	2.609935	1.336289	1.120461	0.656122
2.3068	1.363703	0.734756	3.643291	5.341711	9.002166	7.386123	2.255443	0.024975	5.92041	1.451909	1.043703	3.149681	6.049672	20.599639	1.479819
0.734586	1.765637	0.072593	0.587073	5.631604	3.649573	2.824148	0.031961	5.449281	1.64969	0.416087	0.156676	0.927411	1.29271	1.360391	0.164684
0.856559	2.512103	0.773396	1.095835	0.017083	0.095526	0.020636	1.966276	4.033281	1.722589	3.795695	0.985678	1.276065	0.839534	3.467416	1.142247
3.145808	8.617813	6.700751	3.137763	1.904448	0.826794	2.713984	3.221102	1.102361	0.066851	0.362423	2.156204	4.078193	1.751651	5.391235	1.730806
4.508284	0.07668	0.93403	7.379699	8.450448	10.884118	4.146972	0.866997	0.703532	6.036565	0.758596	3.206056	1.87858	3.004212	1.202943	1.748057
4.801384	6.213498	1.810846	0.461113	1.181008	3.377303	2.961396	6.812378	0.509294	2.006077	2.667898	4.661235	7.342438	1.840675	0.42971	0.836104
2.486665	0.600064	2.990961	0.427464	3.546173	1.37066	1.82387	2.808472	1.134167	2.497158	3.804595	2.433424	0.301488	2.627783	2.841894	0.21034
4.233042	3.993618	0.646303	2.561669	4.517097	4.544812	2.420438	5.54469	0.958557	0.1086	0.056655	2.18244	3.255974	0.662436	3.878829	3.274142
0.318351	0.3148	0.930462	0.118323	0.532411	0.088064	1.505508	1.485169	0.201225	4.606736	0.856549	0.276848	1.233091	0.634143	11.826225	0.675462
10.262059	0.366831	0.428731	0.63478	1.514325	0.764504	3.030151	16.187278	5.016317	3.265198	5.655867	3.925949	2.036318	0.586742	4.338762	1.774709
3.027401	8.884761	2.813491	1.517324	0.434587	2.627247	1.587673	8.146715	0.94242	0.747186	1.595825	1.45126	1.251809	1.741788	1.836928	2.304686
0.813288	2.768303	0.204259	0.113557	0.484102	0.937226	1.003845	2.083606	3.818383	3.366197	1.085048	0.609256	0.202327	1.239432	6.006246	0.312907
3.325174	7.379625	11.104709	2.839507	5.626927	10.062233	1.362976	2.798704	2.271739	2.437728	0.496161	5.954695	16.792419	5.904141	0.208616	3.998504
0.071353	2.52307	1.192664	0.334691	0.229175	1.134217	4.150946	2.007587	0.730142	3.30903	1.378599	8.22463	9.724511	0.254653	13.130249	4.707249
0.824704	1.7574	1.140873	0.559897	3.14415	7.440467	6.197184	0.751495	0.654532	1.464835	0.865146	2.713908	1.392906	3.246786	0.942016	4.628731
5.756603	3.14735	3.702374	5.978191	1.294428	3.445979	5.275932	5.737679	9.271655	0.47968	1.957979	2.61818	4.302398	2.100958	1.299234	6.208237
0.903888	2.388039	0.424689	0.545635	0.975491	1.466489	0.120543	0.176521	0.608201	1.809074	2.210577	1.731605	2.430104	1.993491	3.399784	1.011847
1.324594	2.806733	1.75801	1.305626	0.985076	0.411909	2.464848	1.138412	0.469413	0.051509	3.111098	0.38386	4.022473	0.032624	1.919068	0.25134
1.313364	0.505678	0.720347	0.771119	0.248001	1.20682	6.92998	0.139907	0.106155	7.060321	1.369582	1.283796	1.568261	5.185617	7.789131	1.833203
3.484	4.212141	2.229118	6.558131	4.400521	8.287164	1.24462	6.047589	2.958712	1.513826	7.790402	6.104343	2.698617	1.400131	1.892077	2.147772
2.260019	2.841983	6.866848	0.097925	1.96943	0.372318	1.040477	6.671522	3.72	3.405456	2.264088	0.962822	3.873288	0.946947	2.239302	0.535157
4.065067	3.207194	0.626138	2.454175	0.415319	0.246144	6.396158	7.560491	0.614033	4.222965	0.116169	1.456856	1.037528	2.541501	0.349148	0.063716
2.272756	3.675804	11.439717	0.655974	0.478085	1.114276	3.835856	0.38666	4.144913	2.760503	2.358593	1.425936	10.418276	3.149728	1.192619	0.190153
1.305339	4.962827	3.181479	2.855417	4.797541	7.433161	0.441617	4.849724	3.181129	0.84881	0.361212	3.194959	3.358371	0.701484	4.171296	3.633732
0.878668	0.932732	2.20436	0.737606	1.868045	0.942621	6.803768	2.477304	0.009718	5.178964	0.309996	0.265354	0.863363	0.713645	0.447692	0.251406
1.659507	4.334734	0.295696	1.140261	1.850517	0.387491	0.108202	2.368383	0.235593	6.51519	1.85335	5.482244	2.20753	4.662259	1.405489	8.887767
1.484318	3.039658	2.214521	0.822338	1.70245	1.500424	0.854417	0.181923	3.984313	4.900714	1.165955	0.960395	4.540377	0.610738	1.596311	0.359998
0.059219	3.191367	2.517504	0.62073	0.604045	3.017503	6.396712	0.044534	0.093418	0.408697	0.619165	0.804821	0.512632	0.348809	1.450862	1.21668
5.868281	2.786264	1.303945	0.571163	0.523704	0.1003	0.436004	2.546562	0.812166	0.258043	1.520818	1.240277	1.566332	2.00604	3.62705	2.349433
3.130319	0.424261	0.646613	0.187902	1.978122	0.842344	0.85015	0.232512	1.833637	2.395133	0.163909	1.006884	4.511955	1.440933	1.634245	0.73038
1.332839	0.455998	1.340791	2.214276	0.757233	0.16864	2.110878	2.996024	2.530336	0.164448	2.659459	0.062085	2.134368	0.995576	3.437259	0.176886
0.729486	0.743896	1.536493	0.681513	1.054477	0.260502	4.469638	0.155335	1.558903	0.668211	0.078331	0.479954	3.972087	1.075847	3.885926	0.385909
3.921749	4.992519	2.370343	11.939069	6.784625	0.795341	7.80717	2.4372	4.370004	3.703257	3.258963	6.239256	1.845704	1.373498	3.91283	8.922152
1.291029	0.029399	0.845782	1.277695	0.7451	0.424825	3.495374	1.31165	2.162263	3.356571	0.20849	1.530801	0.011783	1.874399	3.134676	0.412783
0.246899	1.382069	0.612895	0.014233	0.663609	0.499341	0.215074	2.056017	1.049065	0.462309	0.423689	2.531478	1.381906	4.502535	4.846789	0.083771
1.931922	4.246759	5.154183	4.731131	0.162395	0.752931	0.877133	5.405138	0.751478	5.367798	0.421564	2.340888	0.179674	1.249848	1.700399	0.928859
3.161432	4.783812	1.825756	3.184538	1.936037	2.17265	3.945938	1.356878	1.86257	1.727013	0.447735	0.609436	0.635771	11.82811	1.772836	0.639056
1.661978	0.650007	4.585083	11.456013	1.140249	1.60119	3.253861	4.667047	10.064668	2.896937	3.56866	5.416293	5.111101	2.621076	3.364969	0.486032
1.232737	1.598072	0.895677	0.643788	0.617025	6.995874	10.557446	3.43581	5.019425	3.070303	7.634575	6.741641	3.366643	2.815146	7.269702	10.9331
6.766825	3.249166	0.687727	0.382471	0.021154	0.097068	0.711396	6.501396	3.348611	3.314365	1.297261	3.661216	0.495309	2.051034	1.107549	3.669778
1.235031	1.657823	3.529712	3.066839	2.423095	2.809649	0.484902	1.491208	5.990091	0.999001	4.780378	4.236039	10.396733	1.385721	0.16309	0.597896
2.183126	4.931099	0.132938	1.03821	0.722844	1.477425	3.451365	3.412962	8.967364	1.32101	5.813084	9.526289	1.450086	1.224649	2.749206	5.668583
3.842524	5.880536	1.861375	1.392857	3.163501	2.297901	0.69572	6.575736	8.679194	5.597197	7.726298	8.339195	10.508899	2.959158	0.36413	3.06209
8.622395	9.763667	3.789873	5.762452	4.752231	2.839357	2.625641	4.813337	4.651717	2.568859	1.061398	12.298678	0.372138	11.002632	7.262763	2.758543
4.317442	2.690866	4.619198	0.121601	0.195262	0.147356	0.835084	2.616287	0.229028	0.715683	0.116166	4.845854	0.514527	0.916629	0.02682	7.250252
1.5918	0.567098	2.832821	3.759233	0.717119	1.252513	0.779112	2.942678	1.839416	1.597391	1.751043	0.229266	1.679567	0.070368	3.137179	0.882578
3.019587	1.265215	1.383677	3.702549	3.069616	2.43461	0.748137	0.926165	0.279109	1.659895	0.676122	1.176785	3.807252	2.885298	1.22904	1.438698
0.159164	4.065467	3.814743	5.267409	4.045246	0.067666	2.095418	1.215772	2.132771	0.247692	2.498098	0.788147	3.617484	1.441739	3.717374	0.323124
6.440387	2.710078	5.025703	2.486561	3.644387	0.316871	0.723275	4.362868	2.445588	3.795802	4.249818	6.359467	1.140814	1.531699	1.826275	5.645017
0.61228	3.2483	5.998653	2.276428	3.479557	1.499809	3.633738	1.8846	3.553354	7.797975	2.793661	3.433187	3.903977	2.375059	3.048852	0.6497
2.733633	0.533475	2.876322	8.490799	2.668563	2.962623	0.496002	7.615743	12.547679	5.981369	8.715131	3.637139	7.487671	2.211098	0.422012	0.986014
7.636203	3.880908	2.041759	1.449452	2.33134	0.660055	1.044818	4.896737	2.208177	1.962863	0.568414	8.189618	1.30187	1.968982	0.808855	0.390487
2.284596	2.674721	0.64083	1.943749	1.867646	1.944848	0.402857	0.755541	0.57157	0.383792	0.238589	1.643524	1.716108	0.236218	0.641817	1.951279
0.908987	1.481921	0.12545	3.140464	3.248585	0.119256	1.281372	3.705126	1.053024	1.172033	0.135974	3.713626	0.08542	1.379415	0.01771	0.69928
7.485862	0.226535	1.212859	3.608533	2.282626	0.462869	4.066706	14.021674	12.538917	21.264611	21.358564	9.401787	0.170155	8.496855	0.197588	5.748826
4.503037	11.569062	10.778692	3.978246	8.652253	8.135906	5.814292	14.76253	7.879903	1.794992	3.83716	4.600097	2.132212	1.797172	15.091965	4.598744
1.632892	0.942593	2.23634	0.395255	0.056681	0.528866	0.154592	0.976902	0.716879	0.745189	0.035916	1.849928	0.730244	0.056685	1.030134	7.142426
0.931383	0.16194	0.511698	0.677872	1.423845	1.216139	9.867031	3.156104	3.53708	9.275342	1.014323	0.912657	0.4526	2.877847	0.532704	0.168674
3.026579	2.634256	0.53922	1.984995	0.160375	2.709039	5.303773	7.679737	4.586547	1.656562	2.642217	3.868672	2.035808	3.770896	2.928185	4.378606
0.191323	1.325364	1.110863	0.589602	0.472307	1.706107	0.243824	0.028707	0.589938	4.845453	1.916128	4.004037	0.755256	3.68987	1.202021	2.1207
2.588051	3.943004	0.01497	2.161741	1.559664	0.657011	6.819671	2.463665	2.908433	4.520744	1.44594	3.65915	2.816427	2.006041	1.265047	4.534281
1.893039	3.205286	5.353611	1.218142	1.153032	0.149241	0.042456	3.944717	0.161183	3.490439	4.917914	0.073568	0.624122	0.793581	2.31726	0.681647
0.823704	0.502295	2.034296	2.408237	0.297977	3.904184	1.777139	1.231976	0.50638	0.209952	0.000862	1.596423	1.175002	1.567048	6.953449	0.61338
1.091437	2.33737	0.908908	0.661516	1.019413	0.042586	2.305548	0.258868	0.225611	11.675484	2.484585	1.414453	1.341637	2.449377	1.173902	2.313922
3.933027	2.850427	2.648477	0.276016	0.114125	0.059536	5.405946	0.464673	0.385159	14.117289	0.444305	0.821636	2.074306	0.844015	1.841087	2.958304
5.211507	0.631615	9.877178	2.510486	0.396439	0.069852	6.961708	5.331903	6.588935	10.332259	8.313793	0.731943	0.495615	0.242343	8.586141	0.698342
0.33241	0.041169	1.269831	1.138813	1.937761	2.091193	5.216632	2.079799	2.132446	1.807655	1.01333	2.402583	1.812035	0.896621	1.896143	1.176699
2.679084	4.594161	1.157469	4.032834	5.076642	3.792355	1.074582	5.249525	4.025385	0.59007	1.453097	7.504773	1.378426	1.217832	0.464741	2.192856
1.182553	4.172331	2.412826	3.112092	6.785011	7.134026	12.328484	3.207986	1.15942	0.107026	1.222685	4.355539	2.142496	1.582141	2.045536	0.92671
3.119226	1.715392	0.53794	2.67825	7.392861	13.569257	3.889471	4.742379	0.559989	10.683291	6.792208	1.218827	7.758863	9.087187	7.061199	1.146719
7.380425	8.677724	0.22042	4.257473	0.509075	0.198967	0.73315	5.018897	1.914438	1.988775	1.459267	2.401254	0.355529	0.303398	3.273076	8.782862
4.407131	0.342367	2.420979	1.382287	0.274557	2.914735	2.701271	8.557397	6.440507	3.369112	5.650044	0.727534	1.032711	0.305786	0.246411	1.448993
8.374216	4.721562	8.858399	6.741427	2.517635	5.056038	1.001343	21.713993	15.080789	11.919882	32.872142	0.004997	1.185611	0.232398	4.588805	1.296322
0.033298	0.448943	2.832699	7.065139	2.469491	1.263962	0.078484	1.835431	6.528015	3.946593	3.097814	4.211484	1.903135	0.688276	1.135723	3.787338
7.333278	3.007234	1.669748	1.785768	0.27847	2.077313	11.44857	7.081894	4.283897	8.549433	0.717502	1.961224	0.660764	2.893931	3.967912	0.416832
0.693647	1.237513	0.2783	0.592095	0.178349	1.825878	2.733037	0.262296	1.141004	0.625827	0.363998	1.539376	0.318506	0.734925	1.659182	0.408285
4.244774	1.963701	1.467725	3.405258	1.815993	3.110093	5.170947	0.772581	2.604393	1.685763	0.750213	0.061204	0.64294	0.253928	3.143013	0.842064
4.928116	8.126069	3.082118	3.014775	0.780384	1.188791	4.702563	7.134619	7.29825	8.001716	3.80015	4.31088	5.254836	7.704279	1.0006	6.195705
1.154791	0.059892	2.558455	0.772988	0.317591	0.214488	5.841951	3.986691	3.58331	0.957329	3.424637	1.008007	4.708849	1.49564	8.148149	1.846635
0.27504	1.337093	7.084358	5.461712	1.196269	0.143523	2.864249	3.013123	6.322247	12.105723	4.280518	3.679682	4.685888	0.081522	2.063275	0.528964
0.599117	1.102408	2.398976	0.590877	0.10171	1.013874	1.509057	0.396767	5.925945	0.214018	4.278245	0.908719	1.242462	3.98433	3.022369	2.795278
2.938782	2.972126	2.752709	3.139986	2.002013	2.401982	0.531273	7.745264	2.484374	0.219112	2.070845	7.78261	4.806977	3.569988	1.664606	6.787158
1.857415	1.723442	13.235501	11.554818	9.123933	0.827176	5.57239	2.437487	6.522853	2.280756	8.444076	0.397254	3.651488	4.858072	9.779394	0.224583
0.086656	1.936333	0.415725	0.027439	0.507117	0.304269	5.923401	0.174595	0.184769	7.754225	3.881292	3.328021	1.485437	0.437972	1.761556	0.244687
1.845606	1.985932	1.139306	2.309628	3.961042	1.338357	1.560139	2.178455	4.607463	2.990358	4.424132	6.017991	10.756144	0.707957	2.430557	7.193575
2.059771	3.933314	1.482626	2.019448	5.281653	1.529631	4.787971	3.253079	0.962737	1.714638	0.418913	2.729041	4.862956	0.211727	0.880326	1.453101
2.747215	10.37157	7.002247	2.896085	0.577515	0.897056	6.313035	3.695809	2.988228	5.648456	4.578363	6.679157	10.016629	0.886772	0.55668	4.080173
9.496744	5.504768	0.372383	2.375185	0.793083	1.401046	2.969473	5.882812	1.389516	6.973213	0.30129	2.779651	4.285635	1.383466	2.500387	0.078953
5.432118	3.784251	0.395825	0.237565	2.350501	1.885769	0.33427	1.63248	0.645238	0.93673	1.261385	1.320351	2.342115	0.273864	0.052071	1.276048
2.254735	1.527525	0.794847	2.843327	3.242406	0.042418	9.42892	1.899436	2.318497	2.052472	2.962194	3.980622	3.241553	0.398354	3.345526	4.176877
1.610236	1.795903	5.49382	0.886255	1.25023	1.677772	8.449723	0.496025	0.237043	3.233254	0.637831	0.325348	0.923735	2.524082	1.251511	0.761027
0.713927	0.479523	0.010455	1.019202	1.155403	7.733744	3.340875	0.513406	0.001859	1.176167	0.130543	1.595332	0.971659	9.058055	7.558299	0.055207
0.501566	0.802693	2.767799	0.932705	0.059716	0.168991	1.380857	0.717676	0.273342	3.453643	1.069951	1.760648	0.784225	0.369417	6.056204	1.446561
3.288999	3.661478	0.808957	1.605812	1.239417	0.328964	5.331526	1.501536	0.802895	0.525281	1.340789	4.220767	2.517828	0.215679	0.190791	4.204933
1.239885	4.617479	2.412491	1.764121	0.779799	2.766951	0.726403	3.198127	2.809036	0.72311	1.953084	1.246257	5.867169	3.429419	5.87777	1.747797
3.839213	0.210432	0.091805	2.931798	0.818094	0.436637	2.245947	0.515248	0.006171	0.575609	0.662196	2.19363	0.251858	1.259765	0.760116	7.431385
0.383718	9.55346	0.553505	1.332655	1.228494	0.404794	2.72328	0.534914	2.268485	4.254007	0.068393	1.395913	0.359371	1.704482	0.553403	2.258339
2.824714	4.530657	0.322558	2.406329	0.313988	2.064271	0.806596	7.180229	2.461203	0.917136	1.482147	3.169405	11.027533	0.438005	0.22728	5.880699
1.884016	2.73686	0.990981	1.107165	1.27657	1.888422	8.632271	1.443702	0.151409	2.706727	0.458571	1.690345	5.15255	0.813695	0.774653	8.970917
2.186598	9.798594	2.634427	1.53839	0.611207	1.598884	0.136886	3.462646	3.169839	6.661693	1.935553	5.667633	11.516986	2.143664	0.534495	5.934749
2.977736	4.478877	2.971437	1.895948	0.367531	1.478048	0.782303	0.044959	0.38371	0.198668	0.446349	3.444356	0.184497	0.525639	0.487859	0.139705
0.245794	0.904409	0.436695	0.432676	0.152199	0.162854	0.744079	2.001268	2.797315	6.17518	1.492416	2.075821	4.532957	0.434868	0.488377	1.685362
4.648992	6.489251	0.506045	0.99864	1.224437	2.031439	0.417106	3.342607	0.314317	0.176128	1.537654	0.578517	0.106494	1.745799	0.555482	1.359922
6.662453	0.68015	6.739162	0.70881	2.646866	4.562384	6.359795	2.947312	3.27283	4.682805	6.713919	1.901674	0.684332	11.855116	0.099878	1.997014
0.609662	9.977397	0.204222	0.604671	2.35559	6.392191	2.866431	1.330101	1.447738	1.215237	0.117843	1.037056	6.259338	0.709091	2.232172	1.108215
6.266423	1.299807	2.043142	1.93482	2.729206	3.722471	0.7061	0.790599	0.342235	3.141232	0.039756	0.541484	1.415655	1.689504	1.800776	0.250496
3.686142	0.849512	1.84233	2.784268	1.403472	0.546549	3.286136	4.275202	4.644378	2.544773	6.12791	2.298533	1.303944	1.344029	0.914522	2.493964
1.68457	0.209234	1.158308	0.340207	1.440704	0.409323	1.109186	1.344104	9.780831	4.506479	3.696202	1.048269	0.570656	4.08785	0.472065	4.548786
0.834087	1.449867	4.676931	2.029955	3.064755	0.725864	1.281367	2.985256	4.089236	0.195729	3.098739	1.529382	3.704935	0.516126	9.266682	2.356797
0.822537	2.308059	7.474732	1.55901	0.404442	0.589439	8.338526	0.144473	2.573279	2.491443	2.889653	5.892179	6.933792	0.643522	0.783258	1.200545
0.040302	0.965443	0.55606	1.171557	0.304033	0.917367	2.459351	1.166254	0.022969	2.606793	0.484102	2.950576	8.146066	3.769274	1.191905	0.201593
3.144103	0.08641	0.957166	0.239382	1.302455	1.751413	1.051346	1.813396	0.826493	0.464852	1.370965	0.025956	1.715424	0.190226	0.726186	0.464647
8.681005	3.464074	0.430287	1.25433	0.613537	0.303268	2.904705	10.786594	3.205261	3.451071	4.86027	1.540116	0.891689	3.064973	1.441729	0.336692
4.640587	4.880389	2.997347	1.023932	3.059753	2.078663	1.222093	6.349058	7.027206	3.80293	5.324613	10.273483	2.188923	1.207278	1.110311	8.875718
3.135295	0.930382	1.524809	2.945672	4.84409	4.189178	2.699619	2.590172	3.890016	2.870181	1.864064	1.597538	2.364346	2.33648	0.283942	6.593102
4.298042	1.55229	0.104012	0.212112	0.485336	4.208924	2.985631	1.279808	0.496879	0.712965	0.930332	2.839355	2.446636	2.106789	1.966144	0.465777
0.875541	1.123094	1.276504	1.615604	0.292968	0.067303	0.832625	0.849188	2.203932	1.849783	0.197244	3.602497	7.644857	0.159166	0.214963	0.590353
12.509556	11.216998	2.865851	3.464146	3.080653	0.085097	5.053709	17.045078	5.533013	1.710181	7.928567	0.216654	5.8999	1.896695	6.195215	0.781022
0.801294	0.884749	1.943679	0.782771	0.624422	0.062173	10.518318	0.277734	4.766598	0.047549	0.00866	0.844249	7.544636	0.456515	0.115283	1.201218
1.345644	0.222486	1.95725	0.35896	2.832397	3.652415	4.17503	2.466687	3.686975	1.212896	2.387318	0.742755	1.29642	1.481899	6.449403	0.018291
2.357502	0.568392	1.610898	1.813106	0.07186	2.076384	7.020569	0.935325	0.47007	0.506337	0.27777	1.241941	1.377649	0.683874	0.917308	1.380789
1.45602	0.929317	3.95168	0.864919	0.840206	2.259503	1.710707	0.363064	6.025999	0.156174	3.512773	3.422979	1.406054	6.154198	1.114565	3.229825
1.011536	3.65951	0.010952	2.516869	0.129818	2.483183	1.82421	1.428915	0.64321	11.731795	0.951541	3.515691	4.0373	4.025349	2.286286	1.719352
1.127643	1.184172	2.342325	0.952333	0.580604	0.783414	5.005456	1.033016	1.345984	10.446349	5.193498	0.447559	1.119883	0.124777	3.456838	0.046501
0.526297	1.897136	1.681257	0.674525	3.316889	0.849085	1.199116	0.555366	0.068665	0.894405	0.425935	4.517297	0.005216	0.398583	0.585384	3.875127
0.625392	2.702197	0.230056	0.746785	2.831041	2.70205	4.055944	1.688239	0.36945	4.266221	0.442589	2.103019	1.312812	4.120092	1.754984	4.118573
3.110476	1.059631	3.04657	4.510073	0.000942	0.347783	1.1538	6.596914	4.534053	0.997428	1.06984	1.623636	3.443494	2.707293	5.964226	3.768091
0.270588	0.338488	1.377907	1.313702	2.030035	1.653329	4.896946	0.425086	0.030322	5.989481	1.551249	4.457246	3.040648	0.698394	12.920051	0.778113
0.860304	1.376138	2.229051	2.996913	1.379965	0.088878	1.970207	3.574843	4.947379	2.30987	0.465645	4.545186	4.443143	1.349987	0.536326	10.565818
1.044532	1.956455	5.002378	3.488275	6.631004	5.135565	4.071297	2.932572	5.488556	2.715935	0.68517	13.08165	2.645635	0.497823	3.339077	1.1115
5.101484	8.104659	0.14112	1.369586	3.12592	2.098143	3.524726	6.384264	0.969958	0.896757	0.688363	2.258811	3.257404	0.991647	0.046401	1.164991
1.797019	1.186482	1.438546	2.564419	0.204119	0.258707	17.221902	2.52404	3.837908	1.394584	0.123924	0.671778	0.728189	1.237014	1.382217	1.522708
4.085877	4.265344	0.105039	1.006067	1.014647	4.687558	11.574614	9.112869	5.703045	6.865437	9.336749	15.238155	7.543146	7.887867	16.050671	6.182943
1.164034	0.479349	10.746856	3.358091	3.894363	0.270518	4.224005	7.736798	4.588076	7.271727	3.142933	0.823629	1.681378	1.673016	2.236665	0.431092
5.313489	2.228426	2.26178	4.294852	6.88179	5.93434	9.520716	4.263964	3.179961	2.31534	0.336102	0.740027	1.363716	5.717312	0.126332	0.922071
3.268399	3.0114	0.026029	1.650742	0.06305	1.451435	2.091528	6.666024	1.602133	4.5783	0.326699	4.658174	4.745921	1.392363	4.32628	1.140064
0.225632	7.025273	1.320789	0.870529	2.953074	0.823646	0.979057	2.084172	0.946426	6.870127	0.339724	11.748296	2.388342	2.38661	2.899348	7.424506
3.858404	1.235132	1.4981	1.574491	5.101066	4.634732	1.651189	12.682734	3.173889	0.359927	6.454273	0.940561	5.622273	0.187325	0.626193	4.138902
0.306361	4.038564	0.960475	1.771752	6.297265	5.614088	2.434494	0.582474	1.80875	7.377537	2.478587	2.625911	1.388679	0.457991	11.12337	0.158274
0.237716	2.316138	2.315614	2.522398	6.748162	4.690552	5.077966	0.745364	0.082029	4.518233	0.49983	2.086151	7.94247	0.62899	3.506998	2.189956
2.697512	0.737835	1.39696	1.802094	1.81001	0.366534	0.388448	7.883001	6.364708	3.775319	4.545228	0.158091	0.050729	0.798578	0.796668	0.666581
0.479889	0.891882	3.922638	1.310521	1.765049	1.13811	3.466633	2.601437	0.808994	0.146009	0.729994	1.25719	0.663526	3.932161	1.213618	1.90303
3.721393	9.873003	0.763029	0.316229	1.535266	3.439598	1.029206	11.243351	4.586042	1.607418	2.224606	0.314669	2.575748	0.122453	1.256226	0.392687
1.461327	0.009421	2.409851	1.511584	0.744953	8.752897	2.149671	3.426736	11.826561	8.211016	7.74576	8.451644	1.894095	11.129932	11.24422	1.281822
0.148071	5.218526	6.532752	5.845224	1.141701	4.938445	0.208373	2.528278	4.210312	0.873038	6.228134	0.214064	1.787175	4.815607	0.170052	2.93061
1.309458	1.665772	1.761238	1.243257	0.421453	4.416526	2.99127	0.548433	3.414656	7.03792	0.179878	0.612629	5.411614	2.685981	3.856505	2.553279
0.6757	7.627264	0.296879	3.487273	0.607898	6.003486	1.78389	0.842498	1.331026	5.814192	3.376187	5.153412	0.016765	0.868045	3.635239	5.987536
0.533981	2.6343	1.8319	0.389868	0.875955	1.429385	0.063916	0.444126	0.020637	0.61946	0.34626	0.225685	0.629566	1.782343	0.397909	0.307086
3.612904	0.524166	0.752899	3.26785	0.21963	0.516131	1.078637	1.112629	0.588601	0.746208	1.856519	1.250093	4.408671	0.122694	2.494578	0.023585
0.288981	2.36321	0.466722	0.277383	1.721735	0.030781	2.044684	3.611141	2.156032	2.433391	4.007444	4.791066	3.395446	1.179607	0.326079	2.030466
1.226817	3.837393	2.879099	5.75079	3.302156	1.889658	4.321383	6.200054	4.097463	0.986734	4.129105	4.239914	3.582966	0.935779	2.140341	4.002747
2.033143	0.097902	0.310659	0.051179	2.523891	3.991412	1.150071	4.372837	0.368869	2.033731	1.040204	0.72454	0.217582	4.593121	3.293802	1.338672
2.615952	1.340512	2.174743	2.308801	0.47309	5.703072	4.224612	1.859603	2.926275	2.242318	2.614757	0.34245	0.458495	6.516096	2.527774	0.992716
3.203273	1.131614	1.209289	0.0396	0.69896	2.027307	3.419734	1.421949	4.103456	6.988357	4.181026	7.494768	1.464967	0.961181	3.64519	6.301335
2.275275	2.072208	3.301251	0.93105	1.73471	0.933202	0.204509	0.866799	4.781849	1.554417	2.106622	3.447596	7.893506	0.507336	0.119425	5.146625
