SomMotB-ContA	SomMotB-ContB	SomMotB-ContC	SomMotB-DefaultA	SomMotB-DefaultB	SomMotB-DefaultC	SomMotB-DorsAttnA	SomMotB-DorsAttnB	SomMotB-LimbicA	SomMotB-LimbicB	SomMotB-SalVentAttnA	SomMotB-SalVentAttnB	SomMotB-SomMotA	SomMotB-TempPar	SomMotB-VisCent	SomMotB-VisPeri
1.506411	0.063952	0.101017	0.059426	0.626016	2.48776	0.518295	6.681447	1.047916	1.66237	1.01892	0.626369	2.950749	2.439013	4.978847	4.519967
6.067952	2.88056	0.397307	1.630585	1.976539	2.133227	3.279138	1.866962	4.036018	0.401694	1.068985	1.048036	1.765343	3.61793	2.942696	1.345646
1.362756	3.347967	2.684705	4.922436	13.461591	4.8297	1.20149	4.619993	1.144771	4.62115	0.318873	2.696027	6.205858	1.383584	1.878817	2.064211
7.823054	10.374205	9.227919	6.581181	11.144175	8.724894	10.168696	1.220523	3.521271	4.850289	3.382612	0.369918	5.745211	10.243164	1.224811	1.007659
0.538203	8.235121	2.699019	0.006296	4.401084	10.252585	1.21628	1.804302	0.133413	0.705015	3.272288	2.110382	1.417983	9.899072	10.836882	1.670951
1.103682	6.302007	8.09051	1.672261	3.598354	4.046071	2.003301	1.232702	0.309678	0.65779	0.363699	0.014233	1.716373	1.962975	2.421897	2.76915
4.20291	4.899096	1.249048	2.669317	3.33092	2.861281	0.3444	1.856742	2.601558	4.120561	0.584146	0.331602	2.74989	4.142403	13.728353	1.478728
7.155433	1.646471	9.953903	8.735636	10.406831	5.019707	0.525947	1.737968	5.519992	6.788769	0.752555	15.89415	5.034791	1.558836	2.667482	4.300176
2.244438	0.939035	4.47082	2.47587	3.838432	0.712229	8.124337	5.975588	1.416018	7.42126	6.08773	1.997737	5.520596	1.147407	0.780208	4.186148
1.790113	1.309502	7.737034	2.938215	3.280517	0.318087	0.768353	0.516664	0.505291	0.939928	3.377714	1.941609	1.527058	0.308277	2.09219	0.159053
0.652807	0.050024	4.507573	4.237053	3.499817	0.90156	0.518182	1.14768	1.181508	2.476338	1.66942	0.37477	0.05722	2.451771	0.105629	1.661183
0.994378	2.685716	7.649467	6.446047	7.396328	2.030655	0.89917	0.412898	0.990006	2.819127	5.75244	5.332438	5.897365	0.539726	6.522295	1.92975
2.803067	1.512434	2.511465	3.235566	2.948628	3.832201	1.563247	1.416978	1.788769	4.37011	0.837312	2.277946	2.749457	8.337743	7.911224	1.678401
2.90081	6.326051	7.547766	1.149836	10.111108	3.78161	2.166697	0.881299	3.221115	3.731732	0.536642	1.048613	6.972599	2.785222	3.224054	3.533779
3.441405	3.948803	0.184724	1.294887	6.060918	6.692602	0.883202	1.70822	5.396505	2.527471	3.033791	2.661992	2.456259	2.416571	2.699652	0.505571
0.990915	0.396076	2.640031	0.741992	0.44522	0.536899	5.757171	3.558989	0.649885	0.628643	0.718751	2.560922	1.081592	0.506362	0.680945	2.249744
1.31971	0.556629	0.093157	2.378637	8.783573	0.500828	0.407409	2.344583	1.174898	2.272014	1.735139	1.074672	3.841097	0.796892	0.095039	0.991717
2.281153	2.128726	1.124455	0.057505	1.494514	1.903906	0.771418	0.630838	0.03226	1.325761	14.132237	4.001743	0.011561	7.627386	0.053327	0.502894
0.223763	0.282563	0.674594	0.597129	1.845025	1.91097	0.2542	0.675436	1.34583	0.283003	2.738746	0.054864	0.300735	3.13335	5.987012	0.987207
7.966196	11.755979	0.177471	1.372286	5.088125	2.481199	0.520999	10.6669	5.20818	1.872255	1.427815	4.382717	6.292758	0.686419	1.590231	2.937002
6.109462	6.860693	5.483526	10.607617	20.830515	9.877628	1.170213	2.562147	2.601196	4.38089	2.894177	0.024294	0.120814	3.267528	1.84687	1.08719
0.722411	0.15632	0.177554	0.312787	2.209454	3.374754	0.059145	1.53194	0.208934	1.485829	8.829779	0.255832	1.805529	0.932826	0.779562	0.30494
0.394423	0.275356	1.562809	0.879372	4.341469	5.443541	1.055473	1.028611	0.051381	4.254127	0.621541	1.663426	3.129804	1.1059	0.33326	0.602542
5.652904	9.809145	0.915138	0.367989	4.038729	3.646225	1.368717	1.448042	0.712325	2.76834	6.003661	3.790486	7.125321	0.411579	3.398111	1.200025
5.806993	8.426148	4.799876	4.54355	5.74573	5.070136	5.757228	0.618432	10.598128	9.955161	0.409734	2.344999	8.179332	1.335438	3.005386	2.908092
7.57937	8.687265	10.399596	11.857189	8.2202	4.036773	2.779431	8.521202	13.12266	4.353507	7.739273	7.152723	1.117515	2.034351	0.354028	4.895621
2.220828	0.413242	2.167055	0.7433	0.826343	0.107353	3.451156	4.183262	0.163771	0.813989	0.25329	0.801561	8.352865	2.509729	12.749011	0.346487
5.124979	4.318595	10.690423	14.822574	6.732806	2.871142	2.359957	0.847345	4.86859	5.988536	4.777781	2.273061	3.541992	1.745299	5.293291	0.815248
0.837647	0.023918	0.439738	0.015982	1.164216	0.059671	1.58718	2.474512	1.464906	0.16015	2.321272	1.323234	0.131389	2.989619	0.281454	1.874912
1.839612	2.006419	0.348009	1.948356	0.978013	3.733717	1.80654	1.161702	0.728948	2.091849	9.602775	1.891737	1.551249	6.934986	5.344359	3.858446
2.241443	1.270205	4.056175	3.095002	6.841408	1.25733	1.688538	5.215978	12.043446	6.651431	16.262713	6.699433	0.130837	5.209932	1.610138	0.927242
4.393896	6.180779	6.49243	3.538861	12.927584	4.392649	3.156141	0.830549	3.03877	5.170198	2.961165	1.455486	4.028766	1.108745	0.862646	1.076997
4.143047	2.867079	9.842841	15.309661	6.297789	10.815239	0.427688	1.595524	2.269203	3.600723	4.917861	3.17015	0.278037	8.603621	1.998348	0.094051
13.936089	3.763008	0.052972	3.513618	0.854087	0.266498	4.519736	0.993227	2.767703	2.908578	6.065646	1.102	1.569981	4.688752	7.601456	2.182107
1.309653	9.700505	7.787432	12.133855	4.356548	4.056546	0.591627	2.305551	1.659064	4.316257	0.705498	2.64451	3.204712	9.269603	0.915397	0.066942
0.403059	1.747272	1.561833	2.50605	2.300023	1.440216	1.785639	0.457579	0.601729	1.749904	0.634718	1.554665	0.250206	4.464916	4.183809	0.280806
3.322354	2.473379	0.629672	2.377406	2.936466	2.278666	2.977766	1.872901	5.598279	3.379857	3.084694	5.534198	5.4818	13.947774	1.298202	2.834752
0.359931	0.876968	3.179753	0.751233	0.001735	2.976813	0.006252	5.102986	0.085405	0.674852	0.66026	3.747079	3.53216	1.171616	2.894926	1.083046
0.258898	6.381039	4.039523	7.685233	5.237239	2.131979	0.147959	0.296851	2.052085	1.5281	0.535104	4.4624	0.120763	0.297473	4.023918	0.115797
8.771402	6.730291	7.235891	8.335663	10.997541	3.791445	0.791286	0.742423	5.610961	0.491689	3.081503	1.155277	0.085911	0.83151	1.479629	1.405529
2.142954	1.136155	0.559875	0.919578	1.079935	1.620973	3.006579	0.883072	1.126577	2.441223	2.629234	0.258276	0.061381	2.315785	3.476117	0.16074
0.497935	2.77541	4.777948	2.383391	0.004559	6.391895	7.58245	7.214779	1.176426	1.101745	10.841464	0.34696	3.015175	0.308854	4.599471	1.341839
1.185937	7.010968	1.623798	0.548983	0.522911	0.477197	1.799457	4.96547	4.183696	1.118874	3.0487	0.407886	0.168087	1.302611	0.799909	2.099877
3.569326	3.970596	3.389334	3.278298	5.013157	9.52918	0.525985	1.133279	7.015159	12.587188	1.154644	7.32981	2.508647	13.589757	4.783969	3.219768
0.182813	5.049706	0.587666	1.381726	0.849999	4.820536	0.021456	0.533583	0.065287	0.686897	10.62885	0.852228	0.877773	6.07833	1.119825	1.200144
0.075755	0.783769	2.392442	0.742083	3.456918	0.539486	1.494277	4.916365	0.857668	0.147087	0.016193	0.367227	2.375828	0.116193	0.68381	0.410817
12.285589	6.258228	14.419847	4.944428	3.914106	0.014853	1.779188	2.32794	6.685143	1.252071	3.784326	1.461854	0.035124	3.329581	0.202047	1.406157
4.222507	2.893396	1.229615	3.385023	2.210049	1.585224	1.123759	2.886108	5.330046	6.526303	0.832068	3.487196	3.483856	0.841822	3.708193	4.807823
0.029332	2.510541	7.581122	4.170463	3.849072	4.298488	0.31891	4.921066	4.325973	4.760218	2.626293	3.172633	0.388705	3.073659	0.053192	1.75046
6.607776	4.96973	1.548231	3.488321	8.202857	2.737697	1.689123	6.796514	6.38268	11.784221	3.128267	6.968927	2.682906	3.102903	5.936869	0.247307
1.522274	1.419931	4.503179	3.217322	2.027577	2.316247	2.054285	11.906309	1.384124	5.848489	1.185526	3.182539	4.701871	1.082277	2.965645	0.476553
0.033598	0.460402	3.967114	6.282552	6.326573	16.076221	0.040649	3.348305	1.242602	5.679443	1.011259	6.197046	3.105992	1.940619	0.220394	1.523334
1.138034	1.473437	0.549258	0.171642	1.20591	1.235693	0.073359	0.729647	6.447694	0.976369	2.363023	1.153096	1.031144	0.792614	1.768805	2.878155
2.443195	1.044798	2.957398	8.272262	5.012297	2.322559	2.360739	2.17794	2.173342	11.319766	0.992588	10.840266	3.900013	5.958121	9.129671	1.009101
3.83224	4.207422	0.064764	1.315715	0.53462	3.638463	2.394907	3.218012	1.855795	1.477128	16.439309	0.507557	3.275174	8.839789	3.847452	3.775658
2.143214	1.082311	0.121465	2.425588	4.701818	0.215223	0.698775	2.537685	6.191464	5.073494	0.058938	2.758826	0.600722	1.797732	1.871776	0.136575
0.038403	0.06931	0.168636	7.058972	8.748678	4.107516	7.388079	0.759043	1.597053	0.647211	2.346529	0.028539	2.512007	1.582657	5.654511	2.830621
0.765834	1.616632	1.631521	5.404561	3.514471	2.685579	0.26608	1.016827	1.627296	6.599218	2.030345	8.691555	3.449559	3.04139	12.280042	0.1501
1.528215	2.4421	8.420158	1.209756	4.954982	0.959731	1.91157	4.114647	1.096618	9.044829	0.857291	10.461914	1.214412	0.325384	1.046421	0.012211
1.903469	6.349075	1.043586	4.36156	4.599837	3.890757	1.391059	3.063861	2.872125	0.972967	0.090134	0.459795	0.175077	2.686926	4.555823	1.216438
1.900746	3.048952	0.846316	1.02337	2.774046	1.03123	2.365479	1.605236	2.450093	4.248517	0.034123	0.897434	1.655385	0.434908	0.366885	0.364031
6.717718	8.331395	6.676238	0.141264	2.877097	2.460644	0.832242	0.247941	2.648749	6.056982	2.769037	7.220154	7.163727	14.217722	0.577389	0.600654
1.372753	1.61865	0.136179	4.928242	4.369743	1.261725	12.021315	0.12671	1.090769	0.837595	0.903545	0.241696	2.350531	2.355966	0.836579	0.767277
7.908819	9.998379	7.628213	8.858898	8.681127	4.680927	1.665164	3.49688	3.923435	3.874276	0.285181	6.643489	6.165613	5.560959	3.376231	5.693293
1.598461	5.416349	3.378008	5.054618	8.451351	6.983258	4.920775	0.3492	0.939933	1.692745	3.771386	0.054234	4.064016	2.675155	1.523851	1.905626
0.537257	0.55816	5.791677	7.427856	2.424936	0.624937	1.065687	1.724968	3.370381	7.103593	3.34338	3.153155	1.086013	3.966269	2.253419	1.664953
0.686082	1.95184	5.198886	0.448723	0.100534	0.181816	1.515935	1.533566	1.072602	0.01775	0.774045	0.280285	1.591694	4.373651	19.074507	0.069679
2.148389	1.823168	2.412268	1.133005	0.250571	3.312062	1.168917	1.453743	2.455989	1.571464	1.811694	1.682328	2.253264	2.462632	1.593494	1.094129
3.321342	3.45291	1.016159	10.316334	10.341532	3.120879	6.439526	3.155946	0.910623	2.392235	7.074044	5.46377	28.250172	6.649438	9.970714	25.675039
0.361287	4.285124	0.206975	0.893275	7.858307	4.318117	0.202416	0.584814	0.307843	2.361231	0.536862	3.787568	0.989984	1.30113	2.119032	0.882657
6.219945	15.240814	20.005617	12.714884	15.966433	5.019751	4.390913	2.806774	5.019283	7.465053	9.403179	0.580136	7.436891	0.372886	2.487663	6.254291
0.852616	0.72389	0.980465	0.627887	3.737148	2.793409	1.471915	0.127259	1.071218	2.707852	0.062902	1.648255	3.502301	0.675362	0.192593	3.735207
6.729233	5.231215	9.821249	10.803962	18.382428	9.983964	7.524154	2.473182	9.093638	8.04765	0.392793	5.245021	9.778975	7.678002	3.315821	7.842139
1.229465	2.81332	2.359922	0.451446	0.236811	1.681396	0.082156	3.490658	0.79689	0.155431	2.539513	0.857143	0.329715	1.837936	1.415866	0.319292
9.51493	9.742133	5.113333	5.329994	3.75218	3.970063	1.455818	8.271868	10.218805	3.712172	0.980927	4.53453	4.025069	0.32457	1.94934	3.105716
0.581516	0.935902	4.841684	3.578159	1.930287	0.115083	5.311645	1.031512	1.821826	1.924603	3.365781	1.775167	0.496174	1.734301	2.51375	0.926768
0.244535	3.67241	0.202858	0.024982	0.013021	4.209713	2.194781	0.241673	0.133642	0.352821	1.03946	1.999188	2.425704	0.342678	0.4792	1.640168
4.510353	6.992697	5.209223	1.364622	1.747504	1.566891	0.744335	1.095419	3.781899	4.280944	1.386286	5.760623	2.193213	1.572315	1.235971	0.668134
5.384898	3.537823	3.860273	2.590422	8.108175	7.08611	1.674048	0.576199	7.093028	5.367847	0.283486	5.011614	3.357539	1.83479	15.165047	3.85072
6.141282	7.754752	9.657122	11.57809	11.246652	13.277867	0.544694	8.259608	1.238984	2.197124	1.908742	1.196949	7.272932	7.473491	3.224415	5.065173
4.859347	6.037073	6.26587	10.566583	12.556107	12.341576	3.922912	9.120566	3.861361	3.230468	5.413469	9.014635	2.019209	6.271504	4.468043	0.714214
1.835538	2.511496	2.246686	1.287719	1.348374	8.437027	0.313236	2.254346	1.390706	0.551319	1.558158	0.604366	1.815384	1.914748	2.824112	0.137221
5.490722	5.010652	0.634627	1.302057	3.67976	4.812584	0.156981	1.505599	4.01482	1.785807	0.431282	2.146684	1.389272	2.397223	7.174943	2.019011
15.742282	9.587407	13.771359	12.041192	8.599506	0.358182	0.053018	5.717563	12.940942	5.771728	1.452165	5.404841	1.158539	0.447054	2.846563	2.251285
5.413227	7.393762	7.870684	10.412986	7.907764	4.523444	1.696492	7.507565	3.262684	2.705748	4.13492	1.879155	7.729236	1.534886	0.860357	4.160348
10.447702	5.706855	7.106592	5.634444	13.931852	5.9619	3.811523	8.405931	8.578789	8.927469	5.282746	5.653157	4.994411	2.264491	2.53225	7.280571
7.97774	4.635282	2.784705	2.187633	3.703009	5.956509	1.634576	1.133726	4.034562	3.671565	0.434266	4.01527	4.273266	4.078298	1.029478	3.644706
3.67405	3.782044	4.695012	4.636017	4.059747	6.076722	1.173605	0.909561	2.870506	1.071572	3.361431	3.673537	1.013938	4.843683	2.112339	0.245507
8.62785	1.169924	9.722449	10.822436	3.185378	0.302849	3.031851	3.045881	3.270915	5.816766	2.737886	5.612333	2.870673	2.430606	9.176591	1.514541
3.240107	5.851194	8.402381	11.039321	5.381846	0.367943	0.318306	2.569519	2.443096	3.141014	4.414621	4.997337	0.882943	0.446597	7.554447	2.034952
1.862171	2.277256	12.709754	9.323341	7.950525	3.780281	1.180972	2.955033	0.877993	12.849803	0.075691	6.0992	0.112641	3.407829	0.29517	0.447266
0.725548	1.138945	7.667576	2.845707	2.534936	3.587624	0.998801	0.770038	0.235329	1.222827	0.28348	1.431811	1.416542	3.93598	1.397881	2.434867
6.785584	4.157252	3.115457	6.012514	5.561065	0.263445	3.387807	0.536661	5.639157	9.632728	4.253554	0.444526	3.780865	11.399484	3.241344	0.770378
1.365337	5.543064	1.297531	1.651877	7.575022	4.493573	4.507151	0.640556	1.348213	0.291803	5.794053	0.280463	1.626282	3.926359	3.479532	0.598402
3.71244	1.766441	7.354256	5.835415	5.755848	1.232083	6.235801	8.234194	1.293602	2.927728	0.054785	4.127829	1.53925	1.35506	23.906253	1.623496
1.98262	2.325601	0.144589	0.842539	5.710461	11.894115	1.133225	0.330407	2.326095	1.841595	1.4557	0.876034	0.053683	9.875083	1.718615	0.536731
0.249796	0.539393	0.338377	2.604987	1.562871	0.640294	0.042449	2.107402	0.616063	2.560277	1.089427	5.747363	0.37418	0.455582	0.012522	1.441776
15.449478	16.557226	22.247245	15.539238	26.672957	12.354005	3.539281	1.076882	17.177364	8.360975	6.772196	2.756827	2.22259	10.791096	1.547504	6.03961
4.731035	5.349446	2.799966	0.860004	7.258385	8.770161	1.569792	1.921298	3.857756	4.619097	4.936756	0.527049	7.901438	3.78008	12.853019	4.189147
3.671055	1.837087	8.301535	8.075702	5.246428	4.078171	0.439773	1.685463	4.878219	5.612636	3.413498	5.199917	1.98723	0.934183	2.540655	5.185891
15.206936	19.619118	11.327681	5.635499	13.60914	6.068911	2.67002	1.205019	12.392795	13.741785	4.246494	4.839703	10.744891	0.466875	0.083147	10.650866
0.425834	0.640154	4.277033	0.681122	1.223722	1.924836	0.605708	0.461645	0.301361	0.2626	1.947035	0.598624	4.193631	0.966706	3.992198	6.883164
1.939734	1.041685	0.616084	0.879914	0.017183	0.448089	1.415713	1.220861	0.060462	0.10817	3.49628	1.186217	1.227638	0.213942	2.285229	0.102281
3.211233	5.179213	1.442784	2.264263	2.41768	4.249201	2.375238	6.526976	6.425024	2.80876	0.242632	7.080379	6.837919	0.095867	3.498966	2.534437
2.17574	2.743013	7.823274	3.905761	6.123922	7.048117	2.963799	1.229878	3.317335	2.598386	5.193028	5.228806	5.9969	1.803395	7.100946	1.371148
1.949406	4.55826	1.984311	0.715743	2.709805	4.252948	4.836294	4.452871	10.020505	9.780325	1.447278	7.198086	0.553622	4.710268	2.064994	2.705332
1.707505	6.842657	5.092269	5.199693	2.760047	0.035827	1.449063	0.720684	2.732198	1.86833	12.839169	0.130079	0.332561	0.056134	1.434336	0.727419
2.380558	2.527615	3.061375	8.327711	4.117905	3.401609	2.066249	0.774303	1.214281	1.682984	0.903446	0.046281	3.672098	6.332611	4.044275	1.644772
3.085257	1.624423	5.046349	1.003921	0.943115	0.046119	1.644319	1.17121	3.380303	3.072714	1.232476	5.21459	0.371447	5.723046	4.946382	0.834019
2.116554	3.455763	5.235771	3.658519	7.21595	4.39178	0.723358	3.144628	4.155455	6.219541	2.799929	4.683861	0.781787	0.749302	6.634648	2.482265
1.91044	3.050871	2.880019	1.863932	6.871552	3.578444	6.828529	6.431551	2.336443	0.866407	13.14863	1.420512	6.67978	4.47969	5.823786	7.493758
0.753907	3.632743	7.110874	4.408967	6.777188	2.515477	1.242268	0.672471	0.503331	2.203498	0.567202	0.566377	3.095627	4.641739	0.218261	0.047545
11.805999	14.781651	5.416119	5.141375	9.003819	2.886717	8.558463	4.486707	11.132104	2.242906	22.982205	0.422142	12.510755	4.380934	7.889423	6.923683
1.158095	0.9034	2.580691	3.40714	3.476634	0.177273	0.462262	3.606949	0.989125	2.253764	2.957947	0.529005	0.683584	1.518479	4.250885	0.657138
1.934417	0.223051	10.353179	9.979238	6.743745	1.088821	3.351713	0.635697	3.530411	5.224735	5.838052	4.503781	1.570669	0.716083	2.460291	2.182084
1.590312	0.606333	0.475966	0.932872	0.261768	0.548059	1.400978	3.071708	2.644984	0.818704	0.960158	1.497357	7.206833	1.946491	1.01785	0.968845
7.539119	11.746544	0.642985	0.212681	1.256532	4.08234	0.071712	4.180682	3.957201	0.791616	4.846199	4.593307	6.840206	1.693433	4.840743	0.427414
0.615559	2.648752	3.479148	3.909231	3.63965	2.342385	0.619624	1.33073	7.612681	0.450494	4.066609	1.531562	7.176048	2.319759	1.448699	3.27814
4.017785	3.809889	9.915333	7.223351	4.038332	3.590389	1.582436	1.948379	3.175546	6.429303	1.025062	6.483253	1.644103	0.210842	13.746588	0.282192
2.549097	3.191508	7.304826	6.005912	8.222858	3.595269	0.038961	0.827721	2.201144	1.785553	2.028809	1.785379	1.471505	8.18564	5.237524	3.276541
2.793928	5.439259	3.692364	0.937305	2.456651	0.226907	6.975467	3.487477	0.575004	2.786332	4.796472	0.374822	0.135867	8.171174	3.270092	1.137384
3.220054	0.855835	0.915376	0.470155	1.93711	3.982878	2.41527	2.747058	3.123602	0.849462	5.494431	4.295881	6.610195	3.936238	9.292759	2.878503
7.375873	4.661412	3.902859	8.714623	7.816041	4.894184	0.375106	4.181198	7.454833	10.295638	8.167219	6.81169	1.958925	0.723233	1.173339	0.352236
0.52043	0.631932	1.995414	3.169674	3.900121	5.678666	1.118369	0.918025	0.165796	0.196081	4.746331	0.981545	1.085186	0.13331	2.055096	0.676627
0.641837	0.142786	0.295059	1.803006	2.426135	1.809192	3.178198	1.427108	1.346925	5.273674	0.052067	1.805517	3.999085	2.19351	3.673114	1.410216
2.086108	0.836648	0.1816	3.917884	1.97648	0.5906	1.959196	0.738223	1.1832	1.372076	2.331649	3.345717	0.618192	0.427148	0.807351	0.458797
7.119669	10.568485	7.630994	8.883851	7.438391	3.830253	2.765926	0.024424	5.547617	1.740083	4.681008	1.695169	3.559362	5.974204	0.619544	0.599802
3.427586	7.775229	1.918525	7.361525	2.791978	0.150669	2.409649	0.920701	1.950359	1.496073	0.050171	0.281668	3.245868	0.779755	2.784887	0.425496
0.823039	4.071106	1.358106	3.74533	8.840169	1.502136	2.708759	0.851412	1.73576	6.676423	1.449699	3.890269	5.730247	6.503414	0.264268	1.478939
4.666746	7.317302	3.443194	3.187421	15.282371	9.41878	7.781291	1.170851	1.1903	5.002648	1.936011	3.088678	6.161245	2.53578	8.003181	4.687441
2.612358	1.509025	1.124193	2.238567	2.146859	6.941417	4.747722	2.60446	2.482598	5.486652	1.18844	2.480076	1.068492	3.598627	2.661151	0.195823
0.917799	0.041284	5.325524	5.987038	3.105772	3.121448	0.219386	0.410396	0.748418	1.031482	0.711995	0.504669	6.619044	1.100939	5.542917	3.461578
1.380056	9.122004	0.958669	0.517362	5.790442	8.275506	2.501247	2.177947	1.334114	4.341693	2.793059	0.93361	9.294018	3.478347	0.768442	4.09725
1.990582	0.139529	0.70512	2.057291	0.045433	0.719575	2.378439	0.669586	0.784707	0.741522	2.145502	3.195788	0.228735	9.377412	2.747498	3.364372
3.812136	1.645656	1.451168	2.780969	11.003178	3.723143	1.206672	2.541855	2.35285	2.64551	0.735113	1.724136	1.113514	1.55958	0.929049	0.592929
1.914876	0.113181	2.376902	3.191639	5.677814	6.60861	0.164969	0.991248	2.298123	5.249271	0.786234	3.136913	3.339473	2.081071	0.808916	0.223134
3.341642	0.043765	4.137885	6.371904	2.212473	4.453261	0.695733	0.250354	5.702784	2.870112	5.273806	2.417196	0.91288	7.263687	3.623612	2.688258
0.151956	5.221528	3.445819	3.8655	4.662254	9.701737	0.753872	4.941098	1.541969	1.730013	1.907545	2.154051	0.209243	10.355945	0.232752	0.926367
0.631404	0.012573	3.686551	5.086626	1.114839	0.967094	0.190825	1.356617	0.702873	2.084901	0.020988	3.17833	1.950441	9.727967	0.860088	0.540849
3.093629	0.163568	0.312305	4.374754	2.678617	0.138724	3.562529	0.818881	2.277092	0.837198	0.625356	3.247786	1.777018	0.63859	4.535636	1.349518
8.724604	8.561327	6.315263	6.759567	3.620602	2.010651	1.472847	0.988857	11.802379	3.317899	1.170512	2.201367	3.19614	0.284954	0.613927	2.135688
0.514715	2.821798	2.511863	5.139667	0.341711	0.588852	0.538388	1.451909	0.067751	1.588824	1.8156	1.964561	10.267712	0.70412	7.832262	2.465052
0.463952	1.045152	0.154611	2.361041	0.425517	2.13672	2.389533	1.407607	0.572646	0.651743	3.271314	1.068121	0.306272	6.040423	1.103461	3.452101
1.309906	9.729072	5.162208	6.174328	8.805327	4.072859	2.833701	0.974357	1.730453	4.599654	3.36731	0.952813	7.848268	3.805108	3.206816	1.416836
1.080871	4.001195	4.136091	4.335273	1.174486	1.391704	0.32542	0.75823	1.222045	3.033711	8.545719	1.302372	1.050441	3.525712	3.611136	0.414691
0.202797	3.402387	1.249988	0.021178	0.561365	0.99593	4.656394	0.56202	0.608424	1.527607	2.29488	0.735266	0.158218	0.778258	1.366524	2.618373
0.2045	2.157881	1.68141	0.264428	0.596224	4.185418	1.889576	0.512248	0.296584	0.413014	1.460061	0.050429	12.573147	6.498988	6.477251	5.881489
1.251789	3.957966	1.312521	4.646995	6.126224	5.347577	0.699849	0.510847	1.210224	0.800365	6.543562	1.226616	5.496318	1.862754	3.987407	3.231267
5.851755	12.075018	0.311428	1.332936	6.430317	5.357943	1.541263	1.802764	6.279727	5.988637	4.221955	1.321918	9.939081	4.090757	6.342567	6.605893
2.853483	4.417433	6.696401	1.875817	4.45643	9.482613	0.666439	0.641302	0.828194	0.835725	0.551038	4.43195	4.592083	2.90834	2.48699	1.806347
3.473725	12.17305	4.00345	8.664236	13.867112	6.017823	0.808965	1.689803	5.845633	3.955422	1.564289	0.575172	3.664934	11.917034	0.773931	2.87302
1.503173	0.901225	4.43212	3.108772	5.892103	0.905371	2.048703	1.068208	3.114159	1.953658	1.018104	3.011443	6.532908	1.68842	5.09535	2.919567
4.739515	14.298461	14.053766	22.725884	32.112237	4.505773	1.8788	0.953203	6.00371	10.543244	1.088841	3.991444	2.231306	1.113521	3.061997	0.658822
3.302625	0.567611	2.564566	2.980056	2.626391	3.318535	1.61459	0.720864	3.214534	4.010245	0.077202	2.502062	1.878538	2.4772	10.543494	0.560958
1.874285	1.301291	2.445905	3.118267	3.795317	3.347239	1.106982	2.50657	2.71357	0.331385	1.220388	0.162898	1.156944	5.885491	0.385915	0.574617
0.381365	3.064408	2.951167	3.07831	1.081104	5.066046	2.923204	1.51074	0.518593	0.384915	5.94397	0.267571	7.578091	2.032961	6.963443	3.612465
1.628779	0.949429	2.732883	4.489528	2.478625	3.356801	0.51728	0.070863	0.554403	2.760289	0.489712	1.347813	8.608814	5.041483	2.537281	2.242184
0.225056	2.434103	2.442897	1.041054	0.077832	2.48349	2.32606	2.054968	0.843246	0.0072	0.12256	0.627595	2.951922	1.955027	10.756676	1.035342
1.866431	5.728752	6.634041	7.931164	7.088366	0.733995	4.078966	0.147891	0.54937	3.082563	2.68617	2.221784	1.388276	1.899115	1.415859	1.395049
6.356941	1.810694	1.652011	5.818066	5.17615	8.016159	1.136248	0.577723	4.344949	8.589519	1.612631	4.880852	3.842891	5.221716	0.3153	5.607137
1.548263	0.992801	1.768851	5.625404	7.134502	4.874602	6.064582	3.731902	0.649496	4.281457	6.72263	3.139286	0.686639	6.24377	3.587362	0.047125
0.423353	0.755158	3.453259	0.910148	2.669091	0.171009	1.662229	3.141452	1.975247	1.978784	0.889889	1.637737	0.583281	2.732159	3.881202	1.109834
1.064139	7.169171	6.643884	1.975237	2.783274	6.376355	0.522969	1.00938	0.123706	1.10058	3.803839	1.503381	0.931124	5.231194	3.871472	2.092338
4.496032	10.152288	9.073511	3.632636	5.228052	5.84598	0.484902	2.898642	5.958343	6.854416	0.014068	1.579847	4.638939	7.080804	7.096975	1.508242
10.346375	10.064511	14.692677	15.195066	11.208254	4.560594	0.519564	7.766843	12.488842	2.383831	5.981516	3.588744	4.688022	3.592793	0.145946	1.261758
2.10466	4.924604	4.044239	1.831706	4.844584	1.003616	0.263144	1.776195	0.867196	2.243204	0.031455	2.211761	3.881344	2.54814	1.252747	2.407198
3.204447	1.340394	1.474724	1.432169	3.235432	1.102767	0.871994	3.32096	2.454005	2.525857	0.536749	3.349508	1.926929	3.340407	7.616737	0.294416
1.326555	0.905171	2.68563	4.957817	8.232382	7.586266	3.23905	0.554682	2.387164	5.902879	3.8432	11.885417	8.894876	3.150044	8.18593	10.294801
2.96889	3.923426	7.113737	5.105191	10.20513	2.428401	1.644254	2.622768	2.831053	4.556174	1.673984	2.215507	1.636791	1.577633	3.412685	1.530438
8.181937	0.550234	10.123965	7.219521	6.7137	3.639127	0.674119	2.62423	9.985015	14.770206	4.768544	9.722639	6.418123	1.770205	5.294757	0.288788
0.989122	0.611535	1.646343	0.497684	0.922949	0.87756	0.149735	1.902275	2.494071	0.48789	0.732955	6.037942	0.200032	1.865386	3.451271	0.087209
1.768617	0.256246	1.297291	0.461341	0.488671	0.219914	0.074063	1.210196	2.30225	2.576433	1.161532	0.577893	2.514403	0.125222	25.619018	0.124713
10.214332	13.933952	5.77803	2.219348	10.709976	12.148402	2.959893	1.076002	9.893043	4.911347	1.864715	0.346697	2.273222	10.514615	0.196261	0.336165
1.895725	0.749949	0.835183	0.169841	0.385423	0.552222	2.38753	0.738442	2.645562	0.527892	5.570444	0.952357	1.42576	1.903942	1.841539	1.492496
4.528256	8.400135	8.466218	5.959871	6.804493	6.164633	2.728943	1.423803	5.655405	5.160031	2.342693	3.695909	2.662601	6.846923	10.13066	2.165855
2.570094	2.350225	0.673699	0.514701	2.608707	0.308912	0.10278	3.610604	1.208472	0.944077	5.246618	1.313279	0.464377	0.955942	4.203658	0.010754
2.074895	0.694045	8.967099	5.942832	2.096125	3.654437	5.179044	5.946821	3.324678	1.825612	0.858644	3.783086	3.523334	0.155809	10.725496	0.979699
1.876516	2.137596	2.402105	2.059595	1.47136	6.533041	4.061733	1.515959	1.861629	1.717261	3.75093	3.721555	3.224096	5.709908	5.901271	1.745698
5.433273	7.639777	6.185343	10.027338	8.000346	0.610755	2.011628	2.617384	2.422676	1.413696	0.651747	0.471691	4.155579	1.8401	4.759605	3.706936
0.746697	0.432496	1.806441	0.081207	0.892074	2.330565	1.188178	0.562693	0.590945	0.257487	5.351228	0.517794	1.478547	0.64041	4.322785	2.511386
1.699665	0.706498	2.274997	1.19539	5.050532	3.449015	5.514637	0.265673	0.347854	1.819625	4.557831	0.499567	3.374721	0.10899	1.644318	1.857257
0.821296	1.403253	4.534955	1.043156	0.278856	1.873197	3.353195	1.464417	2.699986	1.795475	6.013737	1.104119	13.660618	0.143538	3.412238	7.739382
8.462965	5.042428	8.305981	4.289357	9.453216	5.284736	2.768449	0.484364	16.256137	11.319215	10.099032	2.911663	10.829373	0.518364	0.309857	3.508749
2.466745	5.31599	5.361991	3.686007	14.718167	10.81881	5.987706	4.067148	1.77403	1.883344	8.087169	2.737854	10.997257	8.057474	1.22332	5.569974
13.665514	11.553211	2.218643	2.772916	4.111334	5.363858	0.017255	2.630035	10.989731	1.919613	9.45412	1.120286	2.926169	2.924714	1.296887	0.57352
0.778186	0.038117	0.482161	0.448016	2.983302	10.10611	0.106281	1.829209	0.569144	5.079222	1.370391	2.492888	5.512124	4.974934	3.143834	1.004115
2.816488	11.010678	5.261045	9.571411	14.834219	0.163043	2.808009	4.047978	2.866584	4.104239	4.900524	4.637446	1.145293	2.059037	1.6127	0.409941
2.52819	1.108207	0.114026	2.67003	4.094515	0.222284	0.626829	3.602118	7.09628	4.054103	0.257875	2.664469	0.092017	1.591228	1.558505	0.225969
0.987782	1.435138	1.167081	0.280501	0.398222	1.840409	1.925275	1.453539	1.218404	0.207171	6.22421	3.222634	0.545084	0.453607	1.810041	1.292682
17.823986	9.759193	3.885688	4.000043	6.156876	8.848572	5.917546	0.524254	9.66244	2.444779	4.223682	3.473497	9.536216	8.068609	21.589486	6.086138
3.511191	5.058383	3.765473	2.458909	3.407284	0.958773	1.250603	1.296906	7.758282	4.400353	1.708008	5.663914	2.052891	0.8251	13.89124	6.234628
2.057566	1.690008	0.424841	4.680092	1.832965	1.164807	5.697927	1.338178	1.400391	0.048316	0.482485	0.963276	0.174854	0.618953	1.851716	0.08816
4.293933	0.982048	1.883983	4.265456	1.266975	0.962728	0.402885	1.355215	4.344862	2.368906	0.518884	4.392693	2.886742	0.360348	1.787551	3.151398
1.666354	6.25319	1.606343	2.895321	1.446004	2.318484	1.728353	2.842496	0.171563	0.779783	1.543759	0.021683	0.699707	0.659732	0.125301	0.328053
2.87494	1.934331	2.050805	0.016007	1.517314	0.941518	2.163338	0.056592	1.310546	1.027866	2.231157	1.660261	1.533715	0.596332	1.173407	1.061821
14.132431	6.13156	6.779675	5.837725	10.365056	12.2491	1.464525	0.086685	5.885191	2.458408	0.416393	5.357428	0.256509	12.131681	0.205212	1.757846
5.649311	11.282562	10.668193	15.145491	7.391774	15.953779	1.069239	3.658201	6.451491	1.478402	0.316294	3.726935	1.20116	10.888527	3.61063	8.676425
2.301318	2.707667	0.431087	0.06593	3.908972	1.26305	0.089917	1.528395	0.624891	0.301558	1.191365	0.158487	3.021837	3.097794	6.738941	0.967863
0.365501	1.985065	2.978921	3.00237	5.813981	0.867459	0.558097	2.044786	0.934696	1.021001	1.607781	1.371138	2.651217	0.060495	4.661974	0.131512
3.660064	7.417916	5.003999	7.825833	8.230068	14.478949	1.544864	3.766946	9.302572	12.432005	0.080815	9.818898	14.721394	7.378175	0.944536	7.006471
1.303612	3.422122	3.670501	3.364313	3.501239	2.797929	0.248584	0.339431	6.196947	1.167519	1.365536	0.30292	0.077263	0.600574	3.559194	1.2248
6.699846	4.19817	6.546293	7.656253	11.820433	1.937354	10.48097	0.052847	1.318889	5.051358	1.908445	0.637942	4.943107	2.118185	11.196805	4.03204
2.113865	1.190557	4.387556	2.638745	0.660527	2.584618	0.539539	0.384593	2.692053	0.116338	4.714074	1.149484	0.277279	10.075573	5.422898	0.819736
0.805267	0.788108	8.402996	4.9481	7.222376	1.769538	2.201839	0.146228	1.04223	3.278628	1.91493	1.89281	7.445591	2.54727	4.530333	1.138357
5.206608	3.705685	2.394564	2.277375	2.228878	2.279754	0.249582	6.137748	3.873308	7.651087	0.481122	7.865683	8.954084	2.94837	1.307758	2.225094
1.265242	0.245032	2.643604	2.831437	0.837997	0.636071	0.307705	0.032611	0.439185	0.936097	5.480423	0.638155	0.218511	0.177382	0.051121	1.593494
2.472988	0.55135	0.15368	0.122676	1.80062	5.597215	1.133244	2.178131	1.595064	2.850985	0.171605	0.781075	1.911198	1.953846	1.326784	0.191125
3.1763	1.264468	1.138397	0.660481	5.847097	2.804489	1.383395	0.071042	0.637513	0.937285	1.287551	2.348767	7.865095	6.605497	1.191771	0.027023
0.961454	1.166794	2.250999	3.080364	2.30902	1.301676	2.252827	0.082079	0.568195	4.049104	0.420036	3.028834	0.486065	4.286633	5.594115	5.068275
5.285909	2.549635	3.478263	0.774271	2.539618	0.182816	3.708705	1.616138	8.241941	5.63063	3.963865	11.316365	4.1701	1.241076	1.012922	4.306638
3.9038	2.710321	1.205738	7.178998	1.780191	1.472364	1.688262	2.257595	0.023066	2.102638	3.053756	0.863052	3.126531	4.241348	0.524007	0.998366
0.964384	4.068849	2.299726	1.505522	4.921712	8.132258	3.246167	1.113143	0.518109	4.691091	2.914105	2.289069	1.536033	7.592783	8.908939	0.577617
3.073217	3.29931	9.36641	8.612571	2.713147	0.813514	2.126059	0.476898	0.336184	2.189877	1.129765	2.346032	0.362783	1.084537	0.079349	2.661426
1.269448	5.515308	0.923005	0.207223	9.247668	9.178984	0.377778	0.018855	1.736131	0.055671	3.848799	0.048973	4.568293	3.80196	4.724821	6.373461
3.302322	3.570536	5.897219	4.00197	14.51781	10.807745	12.258274	0.725022	2.358158	3.446938	1.170558	0.146123	1.221949	26.005949	1.589204	5.130652
3.537265	2.441274	0.716531	1.467754	1.919235	6.74499	8.152417	0.706066	2.956005	2.815921	2.036231	1.051533	0.839572	6.106855	3.979562	2.690754
7.58716	6.140505	5.300582	4.01997	6.841001	2.421698	5.860345	3.98343	7.143541	7.122201	0.776905	2.431821	1.135443	4.967356	1.950834	0.288562
1.055334	3.294819	0.290344	0.743599	5.531904	8.942073	5.030455	11.185038	7.562653	8.237395	1.794004	8.37202	3.315321	8.106712	4.561717	8.404445
6.301804	1.499863	0.720807	4.190874	4.713153	4.309856	0.294682	1.05142	3.22274	2.228708	7.772185	9.484378	1.305303	3.518128	3.52842	2.43962
3.470751	4.646897	6.289333	1.956144	1.360338	0.294603	1.962987	0.250404	1.464379	3.689173	3.77259	1.471547	1.69058	0.385557	2.074053	0.033934
6.332468	4.951822	6.577222	13.543132	21.578496	2.65507	0.237578	7.973757	15.543519	9.732985	0.759866	4.310218	4.931607	7.33201	3.687339	6.099096
4.867338	2.18926	10.409475	7.911166	5.418865	1.967228	0.01605	4.190428	6.249787	16.037891	3.525874	13.518179	14.096314	1.758508	12.39579	4.315169
