SomMotA-ContA	SomMotA-ContB	SomMotA-ContC	SomMotA-DefaultA	SomMotA-DefaultB	SomMotA-DefaultC	SomMotA-DorsAttnA	SomMotA-DorsAttnB	SomMotA-LimbicA	SomMotA-LimbicB	SomMotA-SalVentAttnA	SomMotA-SalVentAttnB	SomMotA-SomMotB	SomMotA-TempPar	SomMotA-VisCent	SomMotA-VisPeri
1.511816	0.886123	1.379259	1.638399	1.142217	1.188146	0.047166	1.980724	0.652538	3.328914	2.284793	0.659689	3.378711	0.707076	8.294479	8.519162
6.67007	2.419401	0.385729	0.107523	5.482632	8.738336	4.411254	0.049574	5.058733	3.664777	0.438087	6.266357	8.961813	2.07212	15.67842	12.211496
3.423404	2.476655	2.0415	7.914217	6.898828	13.108636	0.583148	2.715064	4.403091	14.431464	2.557547	3.369049	1.331171	8.669607	0.057245	3.409683
5.344115	17.885204	7.323682	6.36944	8.968503	11.06772	3.475475	2.933918	8.465898	2.78377	0.430075	0.281742	5.891053	6.012701	13.203286	5.108221
22.625437	21.692677	7.227008	17.718116	14.22789	11.641759	4.985442	0.813398	12.297047	14.35008	1.378882	6.470609	23.696954	4.770503	6.503126	1.59074
2.793758	12.305184	4.351183	5.448941	15.728165	6.227408	1.259874	1.219374	4.227315	7.775964	5.49538	3.509245	5.526832	0.118853	1.502484	14.684944
5.889977	26.319665	4.249009	10.376079	20.422082	2.014482	2.077026	9.91023	16.476541	21.407733	0.592319	14.190819	19.101676	3.472316	4.646101	8.314155
11.361453	11.881786	11.821045	3.698999	2.794723	2.960749	0.523456	4.276105	13.296146	12.93375	1.131503	10.343736	3.711514	3.15025	5.484255	9.406201
0.151434	0.200382	1.232618	0.374473	1.514536	0.208754	3.817555	3.649715	0.705266	6.21518	2.042381	0.524307	3.3843	0.331949	5.221215	5.492458
1.427707	9.138077	0.494018	0.241352	2.56824	0.700078	0.657876	8.574388	3.67688	0.932141	1.107127	3.451714	2.328495	0.385906	4.56684	6.001856
0.37963	2.716717	2.182161	3.531228	3.018679	1.698643	0.102736	7.458563	2.080291	2.954333	2.257099	1.023331	0.202126	1.097474	2.658143	1.194022
8.569481	16.79488	9.152281	10.792529	24.406505	8.673932	1.608459	5.52939	5.403628	16.965134	9.376518	20.343727	21.594411	3.276815	14.951287	17.66397
3.79431	7.72009	0.995996	1.089099	7.16839	3.255946	7.218581	3.598297	8.907404	4.485113	0.260072	11.825957	8.624998	2.661291	4.302909	4.973784
23.833644	18.402766	20.859585	20.556097	15.125463	7.398249	6.022432	1.679538	21.195871	15.309625	18.262722	11.806636	7.929099	3.2897	14.245695	12.559696
16.334628	11.341134	3.809454	0.556248	3.331376	3.928323	5.662823	12.360927	23.723587	8.480217	6.365751	12.874871	2.59123	3.016633	1.025755	12.612842
9.476016	18.702754	5.644096	8.680094	6.181705	0.203655	3.183495	7.249327	13.608824	20.086304	7.108044	15.564977	2.80969	1.984634	0.52726	11.549149
4.492842	5.517447	2.987691	9.290838	4.990957	3.66587	3.491495	0.661942	2.417908	15.539971	4.096905	2.854753	8.7268	1.879763	8.579617	4.517901
7.48481	5.152247	2.029694	0.517707	0.625787	5.807347	4.139521	0.5892	9.051638	1.173707	0.193398	1.302371	4.534802	13.985235	3.208504	12.127981
6.636352	11.92246	0.485546	7.272236	16.930394	4.377537	0.585258	0.98062	11.891808	13.421822	4.753442	9.159408	10.893293	2.057847	14.677837	5.592267
8.697955	15.651673	0.252269	3.236774	3.325452	1.034742	1.665815	3.158794	3.290154	13.320231	3.134427	14.782502	9.484662	4.015771	10.631914	8.345285
8.022299	9.445747	0.302266	0.280306	3.645808	9.074514	1.304293	0.647267	4.13018	3.640117	0.342801	2.50099	4.337395	2.87865	8.009604	9.51839
19.388042	14.711985	4.59715	8.011918	9.840295	3.120991	2.194588	12.838673	23.541059	18.222154	0.698299	11.992815	3.12879	1.175371	7.696286	9.449319
6.517353	8.681491	2.254754	1.243704	6.466292	10.355423	1.425143	0.794137	3.011462	4.255855	0.284491	0.670411	11.483806	1.422649	5.163033	8.350147
5.062003	5.568823	8.360256	7.569842	14.340937	0.894732	0.321466	1.897101	11.70542	12.115485	2.003677	8.6796	5.540213	2.297254	8.193703	11.98528
0.823254	2.148868	3.186771	5.401471	4.176697	4.956576	9.296019	2.54299	9.165327	7.555486	2.562798	6.866509	0.543037	2.196648	11.236692	14.072611
1.747824	0.850034	3.207483	6.018429	0.99014	0.906563	0.763305	0.781052	14.616738	11.595747	3.512376	14.183646	1.05993	1.390915	7.684746	4.699489
12.860287	12.118098	2.506646	5.890323	11.954517	0.001755	2.417155	4.276112	13.211007	19.793332	1.351057	14.939022	4.671205	2.404824	11.654198	5.410228
8.953229	12.897516	12.065032	14.595835	11.6838	3.770564	0.960655	5.984283	18.061785	25.638327	2.951782	12.294914	8.005534	0.723869	3.87182	4.025549
0.80177	0.785143	0.56851	2.439434	1.595276	4.65262	2.009488	6.952855	3.676768	5.889238	2.5194	6.651967	2.527966	0.403414	11.907393	7.316783
12.659734	9.278906	4.757702	7.174979	11.545125	5.6856	3.04301	1.8628	3.393292	6.26326	3.094575	6.24958	16.957434	6.951471	8.069133	6.858697
6.063467	7.870159	12.934184	12.468392	6.165308	4.370852	0.489508	2.11876	8.503507	11.416942	14.047173	11.582966	8.575676	14.610451	5.384789	2.030585
0.011608	1.324686	0.610282	1.29416	1.820887	2.651707	2.417925	5.30492	0.784133	5.410224	9.898614	5.161975	4.556162	3.106459	14.134928	8.286045
25.141845	23.145746	3.53522	7.674043	13.200318	10.137134	0.203032	2.856919	23.82532	24.281138	2.630365	10.885053	3.216191	3.76845	2.083463	5.971684
22.738111	5.546863	5.696589	4.607853	4.218106	3.429495	7.601703	1.270884	24.957334	15.423328	6.826958	8.718878	4.347361	0.842189	8.832112	12.645415
14.801873	22.858395	8.788923	4.698485	9.528279	3.601469	1.382294	1.004001	23.901792	10.736793	0.511791	10.106767	10.390576	9.381112	9.4418	11.665045
6.895603	6.469823	0.978215	0.6899	5.544139	4.726477	1.0719	0.754302	8.277718	6.107897	2.755924	6.764387	4.089958	1.598273	3.153293	4.628186
12.087734	11.251298	0.405532	0.162714	0.328194	0.117088	0.948811	3.537212	4.082874	5.561196	2.261244	5.394489	3.582548	6.353848	10.085794	23.405158
6.20248	8.83617	4.999098	3.621415	2.512942	0.577041	0.251985	0.135412	11.814484	6.396032	1.328825	12.900293	1.22703	0.087441	4.400106	1.912813
8.261164	23.346857	2.893147	5.509405	32.956488	13.803522	0.705701	1.447839	8.702591	22.742737	0.458965	5.698575	9.595381	2.570904	3.398462	17.486499
0.057204	0.650863	0.667844	2.095149	1.514146	0.635138	1.20384	0.305985	1.638342	4.034407	6.332071	15.782603	0.129914	0.93949	11.07494	8.618527
0.721178	1.867915	3.538317	3.319077	0.639271	0.350466	0.449932	1.353756	1.331407	14.957222	0.294811	3.16028	7.701806	0.868248	6.414765	3.856372
28.846847	32.071335	3.990095	1.837785	3.846436	5.559044	3.895743	4.457145	18.017773	5.685514	2.511774	14.829206	4.822319	1.568905	12.610997	8.534371
0.983438	4.454427	1.598001	0.218911	0.65288	1.857235	7.514917	0.046101	4.454927	8.452096	5.117172	5.008097	4.874578	5.032277	9.078209	5.978731
18.196335	20.676732	3.793998	1.303493	12.762844	23.074194	0.152674	2.286152	16.803739	19.011822	1.681812	14.750199	1.77031	15.260495	0.973977	13.04456
0.822877	0.925602	1.608973	1.881664	2.602755	2.790695	3.233546	1.247288	4.232284	6.225441	0.755019	2.967818	4.941524	0.583856	0.497065	3.7975
1.743292	4.645691	1.252529	0.097755	10.767337	6.590632	0.106409	2.708558	0.918459	11.383889	5.125549	12.896129	4.92217	6.019717	1.513021	1.64706
2.137117	0.32908	0.567452	0.146081	0.667904	0.140245	5.227069	1.889511	3.576002	7.930841	1.898625	3.854565	1.399804	7.301378	5.450988	9.6618
23.4857	15.027863	0.01715	3.111436	8.781824	0.70771	0.780948	3.865206	17.356914	11.390848	0.04194	10.721702	1.166991	0.343747	0.852928	5.97496
2.055379	0.978118	1.196065	6.624792	2.425143	16.110183	3.696651	2.904951	1.149853	1.653822	3.690968	2.070162	7.129	1.963949	15.034109	5.380215
23.890428	25.667932	1.03674	4.689174	11.242808	19.23541	0.972173	3.389068	22.136371	25.367889	0.700805	35.099029	12.952206	7.390746	14.786884	8.237433
1.53823	8.939761	0.955883	1.379081	1.64595	1.934443	0.79492	6.440199	4.54307	6.095075	0.525876	7.483929	7.297567	0.339048	16.597855	2.958186
4.939956	18.257985	9.540205	11.048136	18.882926	11.959279	2.769478	2.313696	11.404746	14.707765	0.168908	10.496229	4.952748	0.643741	3.105398	0.157388
1.899031	7.22459	4.423078	0.484231	1.389428	1.506539	0.361206	3.303237	11.787768	5.912758	0.434533	5.501916	3.599152	0.621229	11.460308	1.776311
0.294298	10.161139	2.461303	15.255559	14.793818	14.154675	3.322396	2.586464	3.767842	20.955282	3.804169	21.800384	21.567114	21.576435	9.73977	4.458534
29.257129	13.713851	0.548959	0.339095	2.183824	2.945993	1.836981	4.054663	9.011089	6.605607	0.559415	6.304314	1.685094	0.891431	8.834478	6.797402
1.36123	1.628763	1.310163	2.344371	0.541651	2.833921	0.149231	2.084886	3.046181	1.012717	3.701444	1.552438	2.094487	0.459715	12.571157	8.543199
24.07856	18.472724	2.548479	3.831222	15.524839	8.70886	0.230793	8.093431	16.736618	29.291298	2.452012	18.300787	9.398976	4.837177	21.96228	22.259141
6.937006	6.286127	2.656965	7.058275	4.616406	1.594562	1.987829	9.865526	12.654271	23.387914	1.771048	17.299243	5.436039	1.691777	2.905194	5.71632
15.499424	27.551817	9.86899	15.730147	22.164688	8.561973	2.02838	3.720294	18.289316	16.563289	2.610084	24.346858	3.400563	3.798895	0.39828	14.036989
23.822652	17.115106	1.612405	15.341375	14.582459	5.031745	1.793492	1.073197	14.232588	22.032811	2.547453	15.427803	6.659768	8.385056	3.135872	16.532848
0.473662	0.582942	0.239561	1.015248	0.543843	1.296595	2.176125	3.605336	0.729414	0.828283	2.815351	1.729921	1.487509	3.385696	5.672564	7.645783
1.780408	2.860283	1.339521	0.145566	0.377441	10.062773	0.10982	2.485185	6.299447	8.591175	3.370768	7.568297	8.410832	3.824585	1.836289	3.162857
12.700926	10.610389	1.972959	4.605315	3.926376	2.894102	0.148978	3.250503	8.940723	10.705694	5.913798	11.92538	0.299233	1.481195	0.960454	8.27225
23.179618	14.794674	1.152553	1.600836	15.803677	7.877152	7.28736	7.329002	23.585234	9.392618	0.602655	9.384685	9.280182	3.384507	9.897036	8.531263
8.328017	11.829725	1.895349	0.569939	1.50164	3.773603	9.968982	1.980096	16.18654	14.900738	3.220235	13.888071	0.530197	4.586385	7.10866	4.435783
15.511435	3.838722	0.466553	1.342723	2.257026	2.72747	4.697278	0.894232	12.106137	6.907163	1.21202	6.015914	2.851054	1.931218	15.717752	4.912052
8.248236	11.144206	0.954575	0.612203	1.190307	5.989043	0.058027	0.976542	10.023832	10.376655	5.182371	4.17558	2.696639	16.751501	8.783021	11.835113
3.967394	5.062006	8.561735	7.615015	5.715516	8.876019	1.32649	2.215343	10.315488	7.05193	3.021567	5.218058	2.804865	0.54117	1.932231	2.509828
0.82141	11.374856	1.716337	1.131573	15.450283	4.746177	5.378408	1.478213	1.68407	0.849494	0.367822	1.535742	2.857578	8.021907	7.49829	7.626613
8.96374	12.78573	5.63524	5.272376	20.984948	15.104055	1.322605	6.385485	15.046084	12.595671	0.603405	11.408783	11.087725	7.214613	8.024932	8.838025
0.387307	4.596504	1.882655	0.836727	17.60989	3.599646	0.971834	2.37939	1.728263	11.377486	0.676506	4.854516	0.899811	2.890169	30.668837	22.15059
2.340238	4.580913	1.19548	3.073858	3.978697	3.023119	1.901117	0.588444	0.474919	3.62123	0.817065	2.894146	0.672002	5.486375	3.0952	12.645601
28.519769	20.971338	5.799996	5.629764	8.490296	5.244552	4.327072	3.106557	23.56085	28.86631	0.447677	15.562656	6.081881	8.711228	25.402842	28.275113
8.124402	11.076411	1.468349	5.333984	5.376787	0.241053	0.367878	0.467873	10.404341	6.407142	0.647697	5.316678	5.120835	0.43829	11.679827	7.391534
9.399053	24.089773	3.040262	5.73315	9.956734	9.053965	5.082581	11.068241	18.647087	17.421954	1.141601	21.493787	2.93791	6.846897	0.553981	1.804574
2.919689	14.054245	22.261505	20.946176	7.192257	0.865911	0.2292	2.119257	15.394384	11.227781	0.63072	5.888754	17.138657	0.261411	19.139113	26.853633
4.643393	11.470469	8.311787	12.460483	8.335665	10.278976	2.053669	2.485987	6.393184	11.508828	0.449957	4.211361	3.865483	3.936173	7.265002	10.97927
15.705841	10.299215	4.895426	0.455659	6.613254	10.070492	0.323683	5.633742	16.453463	11.051452	0.415218	3.03462	12.727093	3.040013	1.538995	9.573498
12.516961	18.05531	9.796203	10.539486	16.579356	8.183217	1.461928	1.580137	17.424362	8.530346	0.096492	15.961914	6.942029	2.223148	22.420861	21.289369
13.194598	20.297602	3.803809	5.892296	7.238522	7.955286	1.610114	9.926572	13.511677	8.99377	0.171123	6.232295	15.611654	12.876044	4.397851	22.978364
12.034352	31.739225	9.512409	26.948615	28.020212	27.005761	16.409646	21.060624	19.554823	17.81954	1.776558	39.227242	3.037807	13.930244	9.140457	6.697305
3.57486	2.0949	1.541075	1.834184	3.271423	7.653781	0.142777	4.09764	2.669123	4.218222	1.006927	3.907276	1.033608	2.823532	4.700963	14.01672
12.161846	9.80557	0.294741	2.870489	11.766929	25.330179	2.104203	7.64936	12.377667	7.889562	1.605326	2.603137	0.357237	6.132095	5.240171	18.082727
1.140711	0.125091	1.533748	0.795084	1.775361	0.068591	2.160852	8.759396	3.409312	9.980586	3.39203	10.987511	1.420981	0.906899	9.148162	2.933043
7.348247	14.092856	0.429405	1.577419	8.966535	3.166373	0.793213	3.460497	9.474677	6.589062	0.042017	13.015162	9.219102	2.991397	3.551912	21.831902
6.992582	10.279537	1.49989	0.456526	2.08621	7.036948	4.534994	10.676339	1.824028	1.202092	1.204649	0.060566	4.016722	8.396317	7.804427	6.577499
8.592583	3.954322	1.066984	0.630411	0.455635	1.168462	0.353221	0.62115	2.050051	1.471631	0.972541	4.655293	2.186745	0.49569	6.092906	10.598686
9.747428	13.303441	4.913726	6.037013	8.314442	20.159391	0.386842	0.433376	4.392857	2.328838	1.760493	4.397766	9.612958	13.198257	2.072131	3.781312
17.193616	10.565493	4.338949	7.16836	10.845146	3.371669	0.602952	0.044814	10.903378	3.893507	0.150262	6.194005	5.387923	2.094321	15.368838	10.84354
20.36497	21.576645	6.394687	29.615884	36.116931	14.284929	0.943779	0.272925	32.178386	20.994279	0.200657	11.167341	5.582417	4.32758	12.273548	10.364298
3.46099	5.052019	1.179322	0.558811	3.074008	0.334116	0.156363	1.577807	2.280296	1.91924	8.755379	4.519984	0.09179	2.146298	18.352748	18.518058
14.348097	13.640055	7.990093	9.327191	9.77046	2.579301	2.765681	2.948939	9.58545	10.284346	0.655111	7.325871	1.600647	3.115395	2.293095	12.363957
7.190814	5.21924	7.487289	7.3408	4.89725	1.146908	2.213515	0.461484	17.848928	8.406911	0.953514	3.20154	7.010798	5.558228	2.671918	4.311179
5.947353	7.166621	0.493407	0.68218	7.224059	8.879283	1.283164	2.035118	5.259965	1.465332	1.603758	4.701402	3.460402	5.199664	6.042353	3.910913
22.781305	24.005788	25.618181	26.209725	29.460082	7.235807	4.520032	4.837053	25.303734	33.421704	0.983191	23.664761	5.83589	2.820367	11.371791	13.153748
2.745943	4.389762	1.68898	1.442545	12.352396	2.65204	3.534374	1.838207	2.993605	2.946139	0.106178	5.86908	2.865299	0.543634	6.372665	2.185186
10.486397	7.411401	0.744844	2.912931	11.10831	8.045816	0.061695	2.424319	5.085037	6.828488	0.440201	6.270541	0.771144	5.273503	1.509114	2.267706
14.978687	8.368569	1.853323	4.611031	6.481123	10.853852	0.381795	0.983042	17.3632	17.462375	0.592672	12.190597	2.075397	6.928157	14.790567	44.636313
7.552678	4.341389	1.869041	3.24586	7.574565	11.492561	0.221696	0.678224	10.636171	3.650324	1.61441	13.464572	1.800003	7.643628	5.198733	17.761368
16.133709	17.252178	11.401021	16.911851	16.656036	4.060841	0.155914	0.548908	22.19333	23.766178	0.724014	19.211362	4.172437	0.687616	0.427412	13.42116
9.430129	7.694395	2.883777	3.158171	15.371564	10.092435	0.333709	1.891557	4.269225	21.411196	3.775127	19.351568	2.800924	0.060996	1.046321	21.573134
1.352764	5.025783	2.184454	0.187524	1.898296	0.86522	3.075369	5.249791	2.673262	2.987935	1.093209	2.723776	0.783224	2.419045	2.867778	5.304526
3.313846	4.107255	4.104892	3.729852	3.127772	7.263805	2.926663	5.963135	0.5403	0.739952	5.032523	0.802192	4.741976	2.350417	6.501243	12.800624
1.186872	7.211339	1.565019	2.911484	3.779534	9.130342	4.404439	4.781933	2.504595	3.231757	5.456303	5.641649	4.774452	0.000103	4.740199	23.818981
5.939143	3.573084	5.853264	7.845501	3.243143	1.170252	0.582781	7.114235	3.464519	8.549209	1.145148	9.890686	1.609568	2.122333	6.165247	7.127845
1.10451	2.929906	6.577773	3.413858	0.391534	6.286051	3.457916	2.087527	0.348076	0.899666	0.908264	0.811728	3.483753	0.532916	10.782892	12.313288
2.246855	10.327176	1.354236	0.198161	0.01752	1.446723	0.493215	0.391338	2.578156	2.844801	0.261405	1.94677	1.588579	6.508257	10.180682	10.644461
12.003105	8.099462	3.851153	7.245105	5.681373	10.454713	0.763943	0.938996	7.889554	5.583535	1.172664	4.741821	2.3261	4.643172	3.892996	5.947489
19.333946	27.382286	9.373533	14.439285	13.114599	0.613866	2.828604	11.276745	34.531159	19.996274	1.759655	16.459044	3.020025	0.896281	2.93318	17.796125
12.51533	17.712486	6.437534	7.187347	21.555994	6.246611	0.092718	8.269127	24.237287	15.246696	4.409789	18.175941	14.271407	3.958644	8.401121	8.221001
4.735136	3.16698	3.11179	3.831007	6.159692	7.728145	6.199983	1.803197	8.199647	4.190042	2.800888	1.78721	10.703189	3.275154	28.056012	7.877298
11.909487	14.045896	4.518084	4.513031	12.198784	4.473989	0.119335	0.210591	7.625499	3.177554	0.884456	1.056317	11.670181	6.034204	11.970334	12.732376
1.138412	8.560177	1.706672	1.05121	0.229712	1.968826	7.636858	6.182931	4.126081	2.412384	6.942948	1.392563	0.511706	0.373948	4.493347	4.984221
2.531912	8.796121	0.629931	1.42533	0.175624	1.01027	0.315624	5.301562	7.315708	13.289237	6.681176	9.356717	1.229525	0.366161	0.660685	3.300156
3.140935	0.460742	1.022952	1.057689	0.664048	0.155704	5.2799	0.835582	2.65847	8.807253	0.420201	10.643179	5.29796	1.007067	6.699138	12.528668
10.498108	5.076354	4.149853	8.744153	11.001826	9.491983	1.977711	6.656	7.443398	3.978554	6.329342	13.359266	5.644746	4.978816	0.567717	7.306272
6.581403	9.184781	1.952979	2.601377	5.185985	10.643348	3.211731	9.643555	5.593072	4.494802	4.995584	9.990329	9.018938	2.183154	1.538083	1.709533
14.771155	7.54919	2.371512	6.408278	8.145231	15.288628	0.966915	7.773299	20.339465	16.276617	1.566646	12.076753	9.981785	0.141177	0.284148	6.924584
7.343011	29.681076	4.681321	1.2883	12.966606	7.781495	0.965646	5.86352	8.260156	9.9174	2.529455	6.848887	4.555921	9.181572	7.65711	6.285197
13.602851	22.291072	4.706969	8.523508	18.9944	12.709867	0.902861	1.538918	11.598664	11.096668	0.538682	8.303122	7.899833	12.887846	2.927004	8.835758
1.468106	0.546515	2.712405	1.881984	1.633674	0.132287	2.166847	1.981523	2.427622	3.201724	1.885792	10.989232	3.827012	0.830237	5.531532	1.448846
3.981557	5.647046	1.024859	2.415911	6.935267	3.964053	5.377991	4.489013	7.229038	13.572671	2.725192	20.457986	9.42749	8.167108	6.686452	3.315329
1.109498	3.314351	1.313031	7.756283	6.071449	8.173074	0.2323	3.90039	1.844701	5.131202	9.163341	3.296141	14.380811	2.801627	1.419127	1.608466
12.358698	4.891026	5.792561	2.236607	4.611975	6.344831	0.953701	4.442981	3.148884	16.859661	14.929218	17.322049	2.929262	0.537543	7.177635	21.097831
13.989463	12.45017	6.263423	11.298599	7.266636	1.554958	1.420536	2.938323	13.394025	16.745162	1.487685	9.836884	9.086478	2.323961	5.061674	8.292296
4.364901	2.019799	0.146703	5.332388	1.911577	0.253793	1.414163	0.986355	3.976417	11.211628	1.512949	7.363555	20.04737	3.182654	8.5977	8.886509
8.044918	4.342873	0.661927	2.994665	8.373049	2.329772	0.502735	3.11254	15.032726	10.806018	0.110536	4.493127	0.443409	0.020696	2.986944	12.417087
2.14827	3.992546	1.23379	3.013163	8.38722	1.096276	1.155454	3.486408	4.059534	5.528524	2.984031	2.861769	6.841939	3.090735	4.219354	8.610901
0.838028	0.586693	2.090406	1.777257	0.712184	2.516217	1.13124	1.139421	0.335486	2.377857	0.845565	0.666499	2.917746	5.083373	1.670574	0.493396
1.604307	3.267244	0.720293	1.408779	2.926331	14.514579	7.17004	3.563023	3.52298	2.470204	2.556495	5.317395	10.69347	15.513438	26.584185	38.346411
12.760651	3.535558	1.246618	1.724107	3.008573	3.801542	2.808598	4.285625	20.627133	14.389225	7.482432	7.852027	1.103468	0.359451	2.71352	5.078627
5.903192	9.483972	6.613314	10.661684	8.895669	0.101712	0.215281	0.157805	9.359606	2.387226	3.474179	8.058302	6.829707	2.207995	7.213974	0.892988
4.40012	10.397115	1.995058	2.028814	8.818147	20.838368	1.215989	3.663011	2.541491	6.642346	5.156427	2.933495	21.368825	21.17703	11.882009	11.415564
1.339288	0.442411	1.439329	4.769633	2.391858	1.563919	0.60536	0.467567	3.859291	4.759971	0.707	4.489308	0.859446	0.446432	4.619011	8.340417
12.525585	7.719617	3.692309	2.626244	4.215323	5.663478	1.905588	0.408514	10.128485	11.276975	1.390651	12.639244	5.042744	2.293078	8.920847	2.013091
1.319881	4.277683	6.938958	1.729512	1.843466	18.046252	0.754079	1.518379	0.406897	1.782999	1.725525	3.008225	0.412901	3.60824	9.402495	11.307341
11.143122	3.093372	1.56652	4.441345	9.58957	18.239353	4.083111	3.830137	9.941183	8.932414	5.280271	2.941401	6.522044	7.980108	6.796429	6.317007
10.56016	17.484906	0.101932	0.663911	0.225018	1.104442	2.624694	11.598065	12.557609	3.760221	0.284153	1.515663	3.15916	1.276664	9.406909	2.391447
0.385872	4.050192	3.038668	1.729987	0.947362	0.259545	0.24349	0.489935	1.23975	4.181125	0.984305	2.997777	0.208044	1.245691	1.041835	1.507783
0.235617	0.365458	0.683781	0.130294	1.03692	1.834946	1.907518	2.168338	0.349313	0.571667	3.591601	3.190458	6.268096	0.090252	6.117739	4.413465
1.491425	0.107469	2.170228	0.046664	0.271353	1.826147	0.418914	0.611829	4.069737	0.709655	3.266021	1.705698	2.690955	5.066014	3.550927	5.125144
5.597287	10.045371	2.144317	2.818149	5.333484	3.933293	6.05314	4.839265	3.211263	7.076063	5.885996	7.388571	4.308361	0.634048	5.605937	5.43625
5.371754	7.115258	2.087968	6.426649	13.552086	4.585137	1.717321	0.303834	5.10775	2.962188	4.49319	3.370181	0.051714	2.81437	5.382319	7.775811
4.866437	3.987311	5.79349	6.240913	3.877621	2.90169	0.646987	3.940575	2.313909	13.897018	0.10236	3.310279	0.455698	2.92558	5.333702	9.557747
20.65048	17.394821	14.82203	11.866684	6.78125	4.932208	1.770581	9.510616	23.456288	22.82819	2.368654	18.82407	1.983962	0.101433	1.801522	2.597217
2.101591	7.086883	1.144246	0.42614	2.43385	11.583997	3.529194	0.567852	4.836146	6.87177	1.880366	1.834809	1.751999	11.427388	3.123005	3.866158
1.509751	1.053441	0.038288	0.23176	1.883512	0.468299	1.015829	0.214004	1.184531	1.014595	1.522973	1.94807	3.670497	5.083602	18.181034	9.377619
7.369635	12.521892	0.605569	1.537041	4.462468	3.385251	7.921794	7.868262	5.019846	7.954296	3.169725	10.424089	1.650816	0.405799	7.952364	6.730805
4.341178	2.680053	0.285975	1.623829	7.666355	3.647457	2.139702	3.721186	4.503035	6.156175	0.068962	4.368862	9.730018	5.08599	6.487584	10.295431
16.468344	8.0968	8.610967	9.248581	8.628846	8.648465	6.361783	10.388099	23.672663	7.074458	0.301152	11.141389	12.87263	1.120069	6.729111	35.935843
2.575074	8.705818	7.20922	9.966697	12.501252	11.584845	0.356557	1.386767	6.56082	9.82252	2.335656	5.530937	6.419904	9.565822	5.772887	6.623358
6.433105	6.414771	5.621701	13.534023	16.648415	1.61707	2.160126	9.677629	10.466214	14.767061	1.709504	10.922992	18.50386	5.146623	0.984361	14.148859
12.007142	10.267098	1.103994	2.25721	14.531592	10.155299	2.091817	1.108438	14.793249	16.036034	3.98267	10.487575	6.792069	9.258911	5.336052	13.42416
4.468547	4.464597	0.921826	2.994491	0.896234	5.89086	1.139046	0.230158	8.012706	8.266662	11.156221	6.735931	0.586547	2.787959	3.015462	5.713911
0.07579	0.212059	0.095682	0.428674	6.770094	5.471626	0.772066	1.133344	0.413731	7.434871	3.001518	8.597655	0.275055	3.487805	8.33027	8.935577
0.870293	4.513444	0.848599	1.523415	2.821824	1.560882	2.081649	1.501433	0.774704	1.400542	1.777264	0.022541	3.385589	0.554064	3.746671	5.329203
6.011539	13.387167	0.959045	14.559844	35.523858	16.035234	1.371334	0.138014	4.375679	23.885293	0.049754	14.277828	10.183876	15.587226	3.840231	10.684034
10.791254	12.210194	0.988828	2.82268	6.13347	13.036061	2.248401	10.026682	9.141709	6.187375	1.374935	10.69763	2.054643	3.689743	5.54825	7.125902
17.509541	19.278555	16.811372	18.755458	10.570294	3.881214	0.950019	5.192202	22.60946	17.504617	0.043304	25.924804	8.668616	4.260885	1.933381	4.713458
5.722855	1.166512	2.006045	5.286483	6.495893	1.146395	0.723688	4.362405	2.780016	21.417123	10.748845	11.823911	9.796261	2.387339	3.080418	4.521076
11.542313	5.584676	1.540702	1.810634	4.357026	2.609848	1.287018	0.261204	2.715904	2.54559	0.520991	5.711767	2.205187	2.544203	9.132213	4.838763
16.464707	19.432794	0.035867	2.882475	2.818542	4.19343	2.324844	4.891719	16.994953	6.010721	0.014892	4.046382	18.623863	6.460451	8.467225	7.53734
3.574481	7.786071	0.168245	3.434211	3.450659	0.350555	4.817707	7.550406	7.508164	4.122712	4.311876	15.489944	0.19454	0.495362	7.576288	9.045198
7.70073	6.641952	7.140875	6.86576	5.754858	2.589164	1.195075	3.694851	10.275705	8.425505	0.485019	5.380023	2.755324	1.77387	4.735021	3.273879
2.117042	3.333451	0.546813	1.374832	0.712342	2.748635	0.759132	2.015001	3.666694	5.389885	1.622607	1.802241	6.201463	7.924021	5.03077	5.670744
6.033319	13.47255	2.587018	0.532054	1.790581	4.832729	2.755266	3.573606	2.016256	6.65609	0.34044	2.37327	27.612524	10.777053	22.134233	20.179858
6.695886	0.700561	2.325035	2.345914	2.090908	0.834918	1.664537	4.415006	14.380105	8.931001	4.817495	6.619191	0.288751	0.650802	3.231794	1.290463
5.64125	5.867043	2.586832	4.200843	12.999664	9.196373	0.721718	0.927867	20.619498	21.689881	2.260181	12.433514	6.911319	2.548841	21.335849	22.807238
7.987769	13.64784	7.330264	4.358659	13.494794	10.939166	3.660409	3.547126	25.190633	12.84105	0.789309	17.037749	7.729466	4.860226	4.920093	15.354945
16.336884	9.764857	8.432621	10.194481	18.966261	4.929703	1.62718	12.296421	33.931937	42.473477	16.516408	31.520315	10.795889	1.153586	17.90712	0.571587
3.746806	1.873393	4.564522	11.2092	5.068055	4.41996	7.145748	1.184206	4.618808	11.910551	2.348133	6.814602	1.457673	0.080546	11.443162	5.616413
6.988547	2.620755	7.505701	4.703023	11.973175	7.473556	1.492093	2.244213	13.618606	9.669859	1.512473	10.445397	3.985491	0.107436	18.45115	12.991759
7.789824	12.148628	4.179043	5.534595	8.827906	7.767557	1.829263	3.992091	15.777913	13.15624	1.901689	8.48147	3.117108	6.454925	3.246443	6.4129
6.752609	3.190066	0.925568	3.358065	8.232853	0.934006	0.222938	10.471278	6.161344	2.228991	1.538312	5.327413	1.893941	3.103446	0.801371	0.674446
10.734432	9.138014	9.486238	2.383326	2.306023	3.488077	3.971558	7.151918	10.438651	19.907844	0.486187	13.151123	1.182742	1.324578	0.981535	3.949377
17.493572	16.964445	8.809907	7.203973	17.910436	1.553661	2.46564	3.45628	16.545959	10.587831	0.287706	10.926293	4.039401	0.996504	2.034849	1.313074
9.827331	18.924705	6.32031	7.811453	19.183357	12.335893	0.828545	13.809802	14.080001	20.021961	0.160641	30.598221	6.575942	3.637052	25.351037	17.147497
2.382538	8.563945	6.221177	5.747493	5.05016	0.143726	0.890445	0.004496	6.155676	10.294253	1.799449	9.129106	1.47715	1.565115	5.126017	4.737237
13.899332	11.446429	0.271278	0.237635	0.390747	1.063838	1.354297	7.874083	2.265333	2.797455	0.314835	3.441257	6.756538	0.973587	3.151993	24.464282
0.063089	0.029121	0.355364	0.952238	0.955365	1.509296	1.920816	0.359369	0.839959	0.85342	2.826491	4.028162	3.674853	1.587717	12.682379	0.713832
1.846605	2.496238	0.563733	0.296263	3.012636	6.989208	4.90608	1.184942	0.270095	0.166761	1.176082	2.423017	9.657302	0.197164	2.644771	17.567217
3.920975	8.25472	6.571352	1.066001	1.461799	4.821161	0.602441	2.711136	1.248653	1.135331	8.331021	1.613565	29.907674	1.968462	2.207322	16.736935
17.628664	21.174756	6.533602	3.220028	15.815061	7.014576	6.147345	0.025158	19.339015	16.94129	3.262346	3.746858	24.089062	0.213769	6.89058	26.514359
6.943944	9.828905	9.740982	9.577646	9.87225	4.696387	0.186179	1.397673	7.368025	3.245093	0.438815	2.593998	4.549175	3.811831	3.049767	14.022227
3.113912	2.514366	1.965555	4.694338	4.490892	0.815347	0.086122	4.304063	0.173585	1.860161	2.235387	1.421562	1.380756	3.437466	13.034771	13.539379
16.869059	13.863066	3.72022	7.3764	14.929975	10.188969	5.725827	5.852668	22.259624	23.493197	0.813338	24.32655	6.989723	1.593841	6.170652	9.872766
0.331675	3.175691	10.360178	4.556623	3.489247	1.044624	1.106283	2.568079	0.896779	21.402049	1.618635	15.41228	0.063572	0.88532	2.256618	10.249226
2.196299	1.692607	1.225783	1.273851	0.696797	3.246452	0.881603	4.720467	3.151208	2.17292	5.547053	3.426639	1.869843	0.337258	10.510428	12.267884
8.189134	30.778812	3.669585	17.004598	21.441039	7.316006	2.215291	1.037129	11.275873	17.880655	0.357244	11.666804	3.416803	13.09649	1.734233	13.619186
14.83907	27.521974	2.801702	0.589979	11.780111	14.369105	4.283638	4.166351	7.679159	4.723641	8.908214	2.234603	27.290073	16.43134	21.152108	10.505374
9.539374	21.018973	4.404565	0.981193	11.105442	9.919869	2.011059	4.379092	22.815757	7.638406	3.6357	16.353602	16.029794	8.458352	24.244387	22.134384
12.523654	5.634856	0.607433	2.677069	2.8317	1.454562	2.020964	4.513294	21.15009	12.133134	12.771392	7.025921	0.34775	1.19184	4.428489	7.134836
9.808977	7.758094	2.15696	2.473169	14.874575	10.988962	0.037125	1.255633	10.489105	20.828855	5.053123	10.450543	1.641292	0.043145	19.835911	7.799242
4.921292	8.107435	2.779327	0.986725	2.631217	5.091821	7.74021	6.402207	2.425395	0.954718	1.63781	1.942399	8.676398	0.587474	1.706919	8.707023
3.699935	15.516749	1.542229	2.309812	6.808807	2.37928	5.73941	0.242813	3.559189	4.414979	1.578427	1.675245	3.070474	0.88471	4.55219	6.097306
29.720513	29.337922	8.358379	9.075226	13.224701	17.492227	2.688238	7.800371	36.034923	20.837485	5.064431	14.097791	22.671059	18.318192	6.94288	5.879479
0.440102	7.019264	2.115988	5.377182	1.712566	0.017252	8.152457	1.016616	2.899927	9.349831	7.151587	3.414782	0.263466	8.779321	3.899252	1.6729
9.764901	17.554451	3.144635	2.991866	4.625282	6.00871	1.198834	9.250357	14.700988	16.376293	0.625224	6.033593	12.407402	16.443621	3.476335	14.919646
0.137797	6.795623	3.129855	6.757812	7.521581	5.789603	2.65171	3.128061	0.505337	3.857241	3.92721	0.951128	4.514465	1.450298	3.887425	0.804849
8.071301	4.581221	3.9033	9.883808	9.598743	12.206209	5.096815	3.525739	8.135044	25.086866	1.073582	7.537217	16.001822	5.552678	2.423392	17.880926
2.010792	7.170745	0.370716	0.095823	0.52248	0.779082	5.479479	2.030473	6.17492	1.726561	6.501232	3.634197	4.321311	4.762968	1.830645	5.618536
9.597818	20.524623	7.569299	5.067679	13.735459	3.906563	1.255544	4.69598	1.862505	4.621189	0.179876	4.894432	4.373569	10.528296	2.713273	11.63167
17.543421	25.867812	0.551444	2.961016	13.933755	8.565816	1.129982	14.30478	13.335517	18.266812	9.153926	15.523577	9.394056	6.585115	20.21498	19.125685
5.087865	4.744991	4.055199	3.427844	15.183446	4.564019	2.410638	6.278952	9.213498	11.669014	3.334914	6.997694	0.38144	2.2911	3.891509	4.163768
13.050461	16.007195	1.076379	1.266092	1.068936	3.24178	6.172569	2.256741	6.607083	2.372224	0.308543	5.99262	8.904672	7.856207	2.579545	2.91956
6.656877	8.573295	8.9147	12.629297	13.330609	7.990848	3.818448	3.607289	6.191715	7.573342	11.680307	8.512675	7.069078	1.71028	15.722953	4.752441
7.956192	5.836172	0.721775	0.252189	0.147249	2.338506	4.278383	5.887013	5.819471	1.985712	6.135722	3.699705	6.716276	5.005236	12.687461	12.642584
10.289054	17.015314	0.85149	0.758605	21.427362	9.531943	0.37662	1.417653	10.168004	11.335731	1.278437	12.207846	0.72498	20.517022	0.732628	18.466481
7.257006	8.370925	1.506824	2.860953	5.474539	0.245085	1.457982	5.207247	12.422968	15.543232	4.379501	8.573379	8.059501	5.401991	4.482197	5.110399
19.922659	3.079924	0.198048	1.598992	3.215376	0.68698	0.160596	12.047974	35.664022	15.587347	3.680752	11.629547	14.377399	4.479835	1.678445	3.988326
3.276936	8.420354	0.414247	0.704293	2.755607	10.914897	0.174994	3.032249	0.511113	0.185345	3.170469	0.356395	11.510593	9.079238	5.146923	4.472647
6.137366	3.809707	6.037005	11.443923	18.434466	7.861719	0.112811	1.748557	13.952762	19.581375	1.534268	19.583331	1.015648	0.683694	8.628927	15.947438
9.845864	14.458395	2.270738	9.126865	8.072596	8.094979	2.570095	8.644315	8.435838	4.37455	9.292941	3.14543	15.171933	13.843653	5.764441	3.637407
4.926113	1.979576	1.129753	0.205526	9.231251	6.199737	0.225571	4.979674	7.962582	8.448773	0.192976	2.122708	7.794081	4.038621	9.414478	8.536425
13.752946	3.10577	8.168284	6.331666	5.287939	0.925216	2.464558	0.113808	18.252163	10.729449	11.658041	8.90777	2.180257	3.393861	7.614039	0.287544
2.273215	6.085607	3.224032	8.899782	3.427661	0.812957	0.395302	1.999916	4.105167	5.157333	0.170548	9.413361	0.552096	5.218571	5.782935	16.30684
1.076607	0.087298	3.234565	2.044825	1.537555	7.968185	1.521041	3.901421	3.148351	14.408199	8.238814	8.396023	6.493682	3.787334	4.094354	5.496818
16.811109	13.4761	2.1332	2.540144	15.346374	12.760842	1.113184	15.825174	24.344926	24.219857	1.027295	22.617187	8.945579	2.128594	5.203723	19.269669
32.659646	28.755697	7.215892	17.846824	11.209267	2.388725	1.771462	4.678042	27.352559	12.524167	0.900672	10.334621	14.658552	4.425476	13.098823	30.704874
4.909348	1.509887	3.407529	2.675526	1.743068	0.36455	4.844253	0.247738	3.086943	3.75102	0.49562	3.226953	4.962046	2.311019	1.259723	1.770313
8.949716	3.782625	1.197726	4.024709	6.069035	3.039095	0.107181	3.237855	10.83682	8.534621	0.10497	7.445371	11.49533	0.196565	10.649919	7.93989
13.615301	9.893221	3.932254	3.266329	3.493999	1.611198	0.24531	2.931911	16.994644	13.477542	7.251243	22.320552	0.015533	2.342836	5.320948	14.388134
