ContA-ContB	ContA-ContC	ContA-DefaultA	ContA-DefaultB	ContA-DefaultC	ContA-DorsAttnA	ContA-DorsAttnB	ContA-LimbicA	ContA-LimbicB	ContA-SalVentAttnA	ContA-SalVentAttnB	ContA-SomMotA	ContA-SomMotB	ContA-TempPar	ContA-VisCent	ContA-VisPeri
4.126221	7.719132	8.137965	9.719896	6.012991	4.633946	3.472819	17.681854	1.931713	9.673225	2.76569	0.586981	3.810404	2.799067	2.856271	4.108741
4.805581	0.633744	1.550461	4.879433	0.673688	2.713778	0.270243	17.804733	6.574031	1.13377	2.910815	2.16622	4.185929	1.389239	2.749187	4.257057
4.234495	1.89058	3.893127	3.793702	3.199366	1.306882	0.118206	12.273645	7.501475	0.410994	6.875626	9.945723	0.103502	1.260471	0.938987	7.037829
8.54709	0.923392	1.429227	4.248068	3.515842	1.932633	2.448277	11.38421	10.111979	1.985876	0.583185	2.200236	3.322106	4.909782	2.095582	3.239305
4.213087	1.079934	2.108016	2.455816	0.179822	5.100744	0.14129	15.688256	9.641731	3.198202	4.609234	3.688093	4.406639	0.176939	0.247086	2.227931
0.464225	2.139848	6.684827	6.427484	1.131678	0.505273	1.804253	16.892111	5.103349	3.625366	4.594141	9.738895	0.323319	6.726227	1.000607	14.719939
15.664316	2.61098	10.571329	14.36968	1.843012	1.469441	3.230751	29.685575	12.019665	0.14659	5.062073	12.434883	11.441277	0.850441	3.004896	10.813069
4.785358	4.534918	2.56544	0.152005	1.472241	6.560709	0.107699	25.284987	1.81548	3.851897	2.727507	11.645021	0.910885	1.069984	5.855923	10.678656
2.345646	2.570277	0.175376	4.486159	5.88891	1.202013	1.031153	0.012441	0.176386	0.570879	1.730109	0.021688	0.67188	9.247618	4.307337	1.460474
2.935562	1.050661	4.026864	0.146269	1.19044	0.740016	1.925413	26.707747	2.676384	1.444234	3.098729	2.403228	0.157357	4.615192	4.228049	4.194389
1.341837	1.804743	0.660806	0.114621	0.052501	0.506444	3.92643	12.073624	0.485545	0.603457	0.791401	0.319792	0.157152	2.168532	0.841681	1.600198
2.638587	0.493998	7.080938	7.079404	2.463426	4.348497	3.779683	23.681541	9.238018	6.079453	2.422417	11.043043	1.199817	0.290824	1.031997	5.718007
7.510749	1.115393	1.481718	12.473249	6.220435	4.137536	0.453296	17.886551	11.590116	1.232354	6.060038	3.793036	0.546959	1.475476	1.605514	3.918441
10.484892	13.627793	12.621577	7.484942	6.663137	0.813018	0.907147	11.02214	5.563215	10.411387	6.984897	3.925972	1.702048	2.343945	2.716846	0.727634
8.984895	0.76616	4.926978	5.941844	3.332162	1.610527	5.908679	40.787781	10.886297	4.886574	8.432126	12.200523	0.820429	1.324343	1.169746	2.751171
23.200241	5.063846	5.954689	4.613824	0.321582	0.219716	0.238224	23.709058	16.906266	2.32222	12.295668	7.263489	3.449667	0.310681	0.432041	6.068744
5.340959	2.375823	2.664278	1.211637	2.501472	1.446911	0.10274	8.51089	6.541437	1.216916	3.906209	6.644731	1.342691	1.013704	4.082777	4.471535
4.049963	0.776602	0.734698	1.389983	0.661136	0.891756	1.386432	10.246164	2.775646	1.178166	1.021183	8.820958	2.492826	3.94558	5.392034	5.325682
5.551523	5.412674	3.31933	9.866315	1.665622	2.133526	1.889927	36.315693	10.847183	4.286495	4.748329	5.146403	0.519642	0.240811	3.959826	3.591141
15.211304	1.342393	0.312129	2.123192	4.549157	0.133981	0.570906	14.624283	9.958718	1.260617	3.756139	11.203743	9.072316	1.105136	3.423993	4.894694
5.573209	1.972406	0.071604	0.727438	0.741443	0.503974	0.501573	19.359495	5.927603	1.386268	2.518428	5.163025	2.190923	3.49464	0.073294	5.465127
27.496554	2.154917	7.815099	12.073825	2.10527	0.265728	3.704661	26.319306	18.518536	0.4252	7.347448	14.173314	1.037518	2.234138	1.565088	13.172786
14.285469	3.573728	2.82579	7.742098	2.461164	3.151172	1.047999	11.125262	3.134272	0.880756	6.898555	12.78701	8.303232	2.700642	1.180841	1.119215
4.20389	0.847774	4.49403	4.10307	0.453841	7.054122	2.091782	28.344111	5.704503	1.247645	3.740053	9.385277	1.228404	3.398893	1.850248	2.174577
13.900284	9.988709	1.323016	11.099335	1.620722	2.98178	1.416261	33.183123	34.279952	0.170488	6.379416	14.655552	25.67221	0.738124	2.581395	5.9267
1.849502	1.853768	0.982201	0.735701	2.370818	9.470456	0.061263	19.870842	5.199685	8.856539	1.521188	6.807467	13.370957	0.389665	0.613365	1.127147
14.454305	4.054298	11.266932	3.98337	2.020851	1.228335	0.241059	47.631393	22.747874	0.675004	15.519492	17.186853	1.939334	0.379281	1.582408	7.537922
25.012525	14.756034	19.23584	14.515862	5.257632	2.258503	3.003655	51.331929	17.162797	5.387926	6.732161	14.974085	8.632717	0.449577	1.397709	5.621004
1.135275	0.528894	0.16939	2.548544	0.311494	4.473577	0.718219	11.664612	2.941208	0.699269	1.751724	5.393723	1.073335	3.072886	5.476946	11.258857
4.190874	5.737455	8.696246	3.544257	1.000392	3.600925	3.150599	15.712594	3.519713	0.696055	2.721263	3.803774	4.205798	2.380284	0.247271	0.430941
16.520652	3.30606	5.794191	4.013025	2.607482	14.1032	3.28841	4.161987	3.064569	2.456144	2.397682	0.727331	8.831511	0.34731	2.334727	0.855624
20.918556	5.254403	5.603352	7.489006	4.29172	0.856422	1.189277	46.691416	11.779822	5.546678	7.482141	7.454786	6.235427	5.442448	4.333074	4.092749
5.304799	2.573922	9.076951	9.562761	0.669843	6.899658	0.241109	17.445773	16.356673	2.066784	8.334546	4.354453	1.33615	1.37692	2.392506	5.740292
0.749469	2.881114	0.541933	0.847763	0.611011	3.56734	1.192505	24.936107	9.886455	2.666657	23.629379	2.173443	0.414475	0.141815	1.024223	4.288488
4.617077	5.264734	1.91686	2.760694	0.401991	4.100066	0.937051	27.89686	5.715634	2.440229	6.023723	8.483599	6.289103	0.287845	1.712628	4.78958
4.760239	0.663094	1.56696	0.177245	0.822837	0.417269	2.140223	8.278249	9.009781	5.463236	4.929555	3.705567	0.474737	0.245865	1.935366	1.24717
9.231467	0.24788	0.671276	2.035768	0.026679	1.317709	3.674787	13.61483	4.976901	2.768007	1.799819	6.757246	7.836763	0.08711	0.381123	6.624692
1.823587	2.983619	9.429313	8.506724	0.150552	1.187067	2.821497	25.975051	14.249897	2.823906	3.590271	1.654867	1.238585	0.571333	0.688676	0.592604
5.197381	0.139086	3.525399	6.809287	1.030048	1.912403	1.200669	23.737926	18.833227	0.315301	11.973843	2.648404	4.119873	1.764629	0.338521	2.17776
12.62909	2.226369	0.147817	0.416385	6.48163	1.44085	4.068767	10.389382	6.044382	1.218621	4.784513	0.807639	0.022422	2.570524	2.986637	3.278122
0.03067	1.570259	0.182326	10.908935	12.150851	0.10012	0.507679	18.462222	9.309297	1.76831	4.230537	3.600417	15.272911	7.870956	11.18503	3.04285
6.502616	2.682044	9.833925	4.328391	1.603418	3.196781	4.323248	23.965889	5.744846	3.234376	6.238115	3.18711	5.803611	1.534147	4.986431	4.327536
1.449703	1.762572	0.735135	4.164261	6.757621	0.885833	1.746521	20.872109	0.740219	5.529037	1.796211	2.079141	1.888973	11.678967	0.01332	3.294458
19.872152	4.66813	3.630994	6.857048	13.012016	4.758846	1.088978	27.925139	16.51144	0.092234	10.94804	13.229419	2.747585	10.473846	1.162055	7.707993
1.14168	14.707053	5.965491	0.916425	0.448367	3.551708	1.151301	24.559759	10.628581	0.368008	1.838613	0.664212	2.465898	2.559142	5.543495	2.16553
16.550479	2.0365	2.50797	7.838529	5.1831	0.772437	1.253371	18.862528	17.41106	0.177081	9.569399	12.492358	1.295962	1.379256	0.636292	3.510175
2.391769	7.191077	10.632027	3.725939	7.819156	0.50684	0.855297	41.171934	8.268529	1.010373	4.894149	0.679694	0.327732	1.079983	2.002009	1.181894
12.570547	1.188828	4.831141	2.690136	1.515358	0.282244	2.577858	38.415862	10.699023	0.028171	7.729365	4.511395	0.844601	0.365777	0.859968	3.575588
1.765298	0.472889	1.132738	0.86724	2.6136	1.325596	2.313219	8.30048	2.405557	1.273607	1.090854	9.639866	1.115341	3.062145	3.559832	6.260079
8.367847	1.146452	1.788192	4.49706	1.200194	1.532983	3.480171	32.985397	11.614518	1.321702	7.531919	9.090242	5.760506	0.14005	11.899895	8.292213
2.358762	15.443681	7.584257	0.791162	1.558368	3.797397	2.30018	33.643749	17.499072	3.084604	6.30702	13.054365	5.652402	8.109414	2.107168	2.462925
7.48694	1.858318	0.622412	2.786387	0.356771	0.433247	0.221168	14.185302	8.067041	0.344444	0.590258	2.650324	1.964052	5.034488	0.904778	0.701837
7.474856	6.405986	0.666527	3.603794	13.729752	0.693389	0.693077	13.018095	0.351844	4.616799	1.494819	4.068997	1.504674	9.006627	19.278447	4.340677
0.488304	7.053784	11.930732	0.114938	0.030921	6.001847	0.795365	5.726843	4.360988	0.284513	1.964981	0.207658	0.968514	1.685029	2.702511	0.816592
3.867894	1.087953	1.973252	3.033194	0.727197	1.896586	3.001274	12.818039	0.896918	0.088569	3.401669	0.635108	0.155871	1.15386	1.292542	0.99145
6.173377	6.376001	1.095046	0.017494	0.636787	1.458312	0.637683	34.31757	5.157181	1.263124	7.024963	1.246425	10.404166	5.748894	0.161872	1.700684
1.495844	0.054726	0.317093	0.007323	3.645858	0.634066	0.452086	14.076096	6.980877	0.456897	2.607153	4.422758	0.38858	0.308355	0.061887	1.476641
2.692966	4.412378	6.745077	3.002155	1.03066	4.734951	5.433024	28.303372	29.009565	0.603028	18.450784	8.151824	4.252474	5.022518	1.853818	1.021377
11.473384	3.516468	7.146273	5.043957	1.815046	8.664336	5.838318	37.565908	16.631177	1.002786	12.569211	16.43729	3.739012	3.811865	0.929892	11.231681
4.829441	1.271616	0.717634	3.830051	0.542069	1.160976	2.021183	22.18065	6.655089	1.017008	3.490373	10.151637	1.709987	2.014207	0.521103	1.194855
10.525585	3.393016	0.905556	10.347791	2.276908	0.560383	2.046116	14.748808	10.875928	0.75601	3.101028	1.016672	1.260602	0.85599	3.186594	0.714831
27.954537	24.497928	14.033536	10.348569	0.030078	1.410916	2.519124	25.760687	3.638276	1.719793	4.861675	6.347502	10.595618	3.297054	2.29485	1.246443
15.4016	0.072856	0.652505	3.546725	2.874355	0.734139	1.868341	8.13191	9.113891	1.941075	6.470209	9.502607	0.094098	1.545415	0.634406	3.259596
17.840797	0.488562	0.502842	3.394003	0.988188	6.279561	5.644884	21.142936	0.338134	0.181888	0.066917	7.327238	0.921435	3.285389	6.180333	22.000267
16.395976	10.018079	5.626475	6.019602	1.47021	1.068522	0.906268	30.631216	16.429781	0.878581	3.620687	1.975245	1.288635	1.682875	1.532559	1.829839
2.020228	1.653567	1.168642	0.232868	0.697042	3.993582	2.401937	17.841454	5.101919	13.143591	1.169139	7.442955	1.884588	0.39938	1.869764	2.639703
3.248684	0.470545	1.084205	3.594303	2.29547	0.346032	0.662189	4.984156	8.646597	2.231766	4.77412	4.66923	2.119781	3.916694	5.39469	4.543301
16.892875	8.654549	13.740677	10.413478	0.943131	3.708227	3.099638	40.993019	14.521998	0.747507	9.587863	6.26358	4.42555	10.24215	1.848572	0.134203
4.118025	0.255047	14.763749	9.020124	1.786178	0.469039	1.320835	18.507437	1.850962	14.391213	3.233902	0.879003	2.667192	0.051183	1.877266	3.46956
9.129876	9.614622	8.058527	17.290378	9.902673	4.138052	0.578842	30.865792	23.373899	2.336583	10.093619	10.910861	0.365257	1.663521	2.960983	11.225217
10.567747	5.597952	3.38023	9.345736	16.830454	5.845651	8.365598	13.900655	3.031642	2.68367	6.348705	1.942026	7.095718	1.887078	0.376433	1.12703
0.688186	2.66273	2.788941	7.628884	3.868426	0.388832	1.70651	12.136948	3.019195	0.155337	0.657305	4.862511	1.634013	8.375651	0.41259	6.136467
17.72689	3.925976	4.692246	8.398871	3.911536	5.288124	2.757	26.938157	13.28841	1.04538	7.614796	6.876005	2.213596	3.480791	12.025051	12.284933
15.337726	1.444842	1.769058	4.779026	1.250788	2.490134	3.549891	12.660154	9.434575	0.255039	1.722761	6.054109	2.586788	1.998111	4.127142	1.875603
6.180921	1.239029	0.172491	0.168714	2.531549	0.639967	2.732715	23.890075	2.697708	0.193557	3.720493	0.498707	2.978886	0.817207	1.276399	2.56914
3.861415	0.717037	0.494322	2.825185	3.020678	0.259471	0.024195	0.864078	2.452511	1.206968	1.184085	2.278575	0.794543	4.059601	2.113225	4.865289
0.663653	1.148351	1.848434	0.949117	0.390607	0.912795	1.65383	22.612575	11.552185	0.479954	4.57714	1.453039	1.661816	0.317064	1.889969	0.43298
7.238478	5.245617	0.716193	3.798818	2.695009	0.696719	3.518426	23.970844	9.519416	0.095856	2.354844	7.585334	2.480972	1.541129	0.807565	1.506939
4.19454	6.380878	14.638428	1.337188	0.30377	11.55454	6.897725	28.282233	19.08246	2.147906	15.40855	4.621648	3.265228	0.53104	1.566191	6.384505
11.712634	4.054558	2.647263	1.907002	2.548714	1.796988	3.366437	13.63995	2.957451	0.295758	0.82	5.16534	1.898633	1.660698	0.443336	7.086523
10.734822	5.157001	5.464911	2.568673	2.115944	1.478939	0.856432	21.51761	13.100013	3.487525	4.679368	8.626072	1.961235	0.122179	0.730323	7.068562
4.78897	3.064856	1.252639	1.35616	11.890497	4.046705	4.505944	6.334765	2.76898	0.148195	0.240245	3.043638	1.620081	4.406834	0.522252	1.606404
3.531192	0.107283	6.223703	1.96126	8.779168	4.274536	4.773984	9.20583	7.643799	0.085156	0.934477	27.796413	1.813181	2.115013	0.848508	4.697175
6.947522	3.860938	0.046684	7.709767	5.484614	3.606525	2.312629	10.329237	4.541778	1.467093	2.402386	8.712038	2.853075	0.476936	0.028685	0.598124
2.486376	5.491116	14.66519	20.34579	5.819007	2.605378	0.054566	36.132664	15.747759	2.471986	9.147056	5.773338	5.274867	4.641498	0.030622	5.999777
10.839467	11.090481	9.582169	11.677772	2.792305	0.088601	1.907886	23.9181	8.740792	0.063721	1.171546	6.780469	3.967322	2.587511	0.812432	4.865905
2.922655	1.749463	5.303487	3.304845	7.995058	4.736631	2.208386	19.555774	1.763618	1.078297	4.370475	13.316986	2.61247	1.541454	0.426725	15.185074
22.229329	16.335066	7.763945	11.177745	19.612468	0.222715	3.413772	20.654102	5.260082	6.546249	6.254091	5.942954	8.881239	11.313442	2.140236	2.731174
7.28689	0.244033	1.471042	1.22992	0.941458	4.46084	0.231726	14.061048	7.521891	0.142605	2.369006	7.670887	5.426008	3.885999	5.591469	0.601757
7.548228	17.620321	33.097443	38.19518	1.127551	7.405242	1.651604	40.642447	17.605898	0.058084	9.607115	10.580282	4.428897	1.042042	4.297221	7.522606
9.790793	11.203684	14.294797	7.69764	1.212313	2.220757	6.240659	29.481333	13.343422	1.264435	3.238397	0.281527	2.921409	0.783261	3.127087	2.123575
2.950982	2.938747	3.849483	6.52386	0.850161	2.8783	4.571447	20.578476	7.057831	6.007215	4.645543	7.421353	1.446855	0.67553	4.182113	8.071039
4.685763	7.145953	1.938445	3.751542	0.457416	1.066822	2.813098	34.604716	5.319662	0.709197	11.0559	0.177628	1.487508	2.501522	1.375419	1.200983
9.384394	0.208952	3.475188	4.07003	7.062243	7.055028	3.371846	17.934942	18.080218	0.155842	4.48039	18.427999	6.516652	0.452711	1.196654	6.294541
6.078045	9.071181	18.731911	7.568596	1.729384	2.653347	4.485647	28.037335	20.883486	0.350524	9.560975	8.12643	4.786373	1.300226	2.602968	2.064898
7.627111	1.394638	1.28015	1.304685	0.01925	0.05326	5.099497	12.282323	6.058948	3.401055	0.923186	2.164741	1.740998	0.113177	1.730019	1.870652
7.307386	4.376149	0.458309	0.909349	1.620892	2.871053	0.868498	8.205555	6.743664	0.294617	4.063433	0.686393	0.722634	2.334942	3.63772	0.201211
24.336049	3.341809	1.205713	9.189785	16.930382	0.345971	0.570046	21.513858	11.279567	3.909693	1.26096	3.560641	3.012729	7.004902	0.94192	4.953813
0.748973	2.485866	5.126204	4.536544	0.351641	1.294327	0.758573	26.82269	5.088463	0.772468	11.196731	8.441477	3.500793	1.767851	1.195247	10.546021
21.276979	3.878837	10.524124	5.951102	0.716549	0.223323	0.841315	40.45569	13.068671	2.141943	8.343939	7.946189	1.525763	1.731333	0.76104	10.510327
6.738194	8.907007	7.260509	11.852773	5.046142	1.906308	1.596393	37.625048	32.072483	3.271362	8.328562	8.650702	5.981699	0.539836	1.805465	11.112502
4.167146	3.817412	8.171471	3.081545	0.589887	1.733211	0.853399	21.661732	8.53944	1.535868	4.848771	1.251528	1.241593	0.111005	0.244834	1.091535
2.252772	3.283474	3.141806	4.530691	2.940348	1.399735	0.182662	14.528975	3.911039	0.460956	2.923772	1.347807	2.341411	2.762998	0.071862	0.945025
1.266301	0.156698	0.625267	0.022149	4.074247	6.191615	0.9154	22.110656	4.87628	0.447612	8.099802	5.130485	10.291711	19.042565	2.901204	11.469627
13.79387	0.429347	2.938637	5.386365	5.112384	0.437912	0.188062	30.171545	20.702421	0.707163	10.37874	13.512616	0.087064	1.939629	3.954513	2.74801
1.151725	7.736837	4.700829	15.604229	11.534207	4.890447	3.173837	12.727626	8.594063	0.030321	9.148971	0.071612	7.881947	2.739944	2.550765	0.33469
0.610196	0.64486	0.917784	0.019972	1.689043	2.410082	3.238977	6.728687	10.373778	0.527217	0.308507	4.531005	0.828106	2.149143	0.702173	4.672585
4.723309	0.802394	0.3554	0.952192	1.220816	1.177636	0.52362	15.26266	3.842868	3.15462	7.204071	8.873981	2.257582	0.845634	0.615103	2.573993
12.45328	3.183997	11.098419	2.236383	0.250776	1.187849	4.44212	51.246847	14.135618	0.983651	13.035524	26.134083	6.433284	2.070525	3.133349	9.295773
3.972464	0.765481	7.962878	5.633468	0.358116	0.226667	4.477746	41.327175	20.653316	1.540643	24.266362	7.349746	3.891036	2.452269	1.419255	6.518368
3.531783	12.434857	19.111849	12.015473	6.214682	13.392601	5.537149	4.157413	0.082047	0.316987	0.070875	6.984019	1.761146	1.07567	8.784021	5.316126
4.703793	4.336166	8.462352	6.816057	0.954642	2.549961	1.313909	30.731741	21.699806	0.337223	6.349757	15.320134	9.43144	1.494696	5.740063	18.000498
3.029295	2.059107	0.486377	0.326781	1.168365	1.426189	1.859269	26.686573	1.995651	4.770485	1.765058	1.44141	0.263304	3.118885	10.094995	2.169117
10.154352	0.065531	0.33969	0.443653	2.51974	2.494879	9.406622	21.725897	16.497432	3.640657	12.532623	6.758513	0.708282	1.223792	1.153626	0.972851
2.042798	6.285153	3.783349	0.850551	1.47054	1.974277	0.746107	30.977532	1.178983	2.682053	3.866923	1.551984	0.655124	3.060177	1.258298	0.947189
7.55998	4.411623	3.408051	11.766885	2.500876	1.57588	3.474809	7.524921	10.65425	5.635553	14.425813	1.762799	0.118417	0.244798	2.872597	0.441788
11.682216	9.226324	2.777687	5.181531	1.39727	6.803201	6.419646	16.701522	12.525045	0.04455	7.248591	1.204783	3.919468	4.286441	0.075527	0.319658
10.145345	0.02944	0.688357	0.086941	0.228011	2.597396	0.975137	13.876252	6.079236	0.144837	0.966437	7.680501	3.1485	0.256327	0.184901	6.151627
14.997907	0.428201	1.92004	6.345443	5.175056	0.334066	4.387684	30.120927	4.926798	8.125275	5.483468	13.727614	3.015159	0.661864	1.466885	7.473436
2.033611	3.088498	2.074192	4.545992	2.070473	4.488326	0.271655	21.82055	10.571977	0.049273	10.898685	3.248241	2.059258	0.203869	1.944269	1.510816
4.482879	1.292778	4.245399	4.411842	2.597464	1.573131	0.326661	32.230729	11.406347	2.121804	7.006101	7.603613	0.629225	0.894033	1.845713	1.857754
8.87905	0.664759	2.218167	5.217684	0.53255	3.043986	0.626499	31.965614	20.727799	10.522965	14.148958	16.282844	1.415999	4.522427	1.193567	4.469209
16.395752	32.172167	39.755731	41.721461	7.446172	2.056025	12.907912	49.210092	28.72449	2.116582	16.839462	1.944416	3.186105	4.213214	15.663219	0.135697
6.982071	1.091698	1.472635	2.552185	5.0466	6.840558	3.004288	10.174489	11.732765	1.313113	8.277563	6.865342	5.381946	2.813539	0.079603	6.539787
0.883775	3.215976	3.430064	0.315448	7.62976	0.855607	2.129078	16.082577	12.899822	3.707863	5.35326	2.562694	0.667648	6.237386	1.913006	0.011272
0.742195	0.823448	15.756847	0.831127	0.212318	1.71979	2.371311	12.230381	5.264107	2.727328	5.444271	5.221739	5.566746	0.991791	3.055813	2.175775
7.557646	0.78893	4.245912	7.074067	0.901502	0.417005	4.315711	27.108664	2.969537	8.970306	0.695044	7.100049	7.088433	1.615037	3.226905	8.979763
10.796834	4.678661	7.68137	12.2636	0.81463	6.020653	0.310317	21.347337	3.445305	1.353167	4.347324	6.004542	2.274615	1.034314	0.243278	3.194567
1.051858	0.747302	1.361579	1.394222	1.590563	1.472597	0.319003	11.596864	2.971708	0.542364	0.107847	5.941694	1.709281	1.010576	9.839102	5.551933
6.722827	9.707491	11.350219	10.540892	0.711229	2.854025	4.312292	35.902834	21.890763	1.176143	15.008923	5.204678	4.072249	0.170768	0.184586	11.167186
5.799098	7.314888	13.675423	16.307772	14.131745	2.14589	0.046104	57.64654	42.529163	4.09287	10.863602	15.431952	5.497546	1.815089	3.298949	11.581026
2.646516	1.193361	5.772693	3.993996	1.177499	0.275518	1.196851	36.352837	7.246559	4.614498	5.409718	8.875056	0.124545	1.702962	2.738771	0.755503
2.206443	0.732798	1.148516	5.650912	0.602408	0.315637	0.7665	8.605153	3.704342	0.945702	0.431333	0.426021	0.984524	0.066747	0.634578	0.010466
3.633093	0.424802	1.808455	1.247282	0.340761	1.863972	1.488139	29.927684	1.295128	2.697166	1.449654	6.328743	0.589329	0.407934	2.963513	4.507079
5.514348	0.323476	1.079305	0.389998	0.125253	1.577876	0.281491	11.582635	3.219042	4.188876	5.380722	0.320855	5.152425	6.8726	0.67018	2.50143
1.649954	1.021752	3.629578	5.952214	6.524227	0.364602	0.236362	9.744136	5.991419	5.367133	5.484076	4.243021	2.542657	5.475183	0.262338	1.691478
4.509423	2.964056	2.082042	0.334209	1.253937	0.962374	2.606358	32.936588	8.682893	4.266841	13.811031	0.287889	0.200739	8.461839	0.270823	0.272293
5.042006	1.248187	1.355787	0.394909	0.06175	0.862333	7.777539	26.539394	16.336322	0.064106	1.705873	1.737858	0.121547	0.416292	2.372373	0.548917
3.680588	9.481921	7.447496	3.445763	1.522277	3.912682	0.399037	18.383824	8.423301	2.394691	19.560013	0.914802	2.345037	0.127173	2.401078	1.066626
7.813877	11.154179	7.636465	7.780371	4.141594	0.140625	13.476811	40.692014	13.95081	3.489458	14.923562	3.361381	1.656006	3.477695	2.962739	1.083647
3.034784	14.435654	7.269674	7.855033	9.47972	2.122996	1.404673	23.755286	10.514479	0.454305	1.484407	0.34023	1.747051	6.717864	2.316445	0.980701
7.700155	3.351592	0.941677	1.030735	1.157861	0.057662	2.525512	14.519158	3.009615	0.215401	5.131708	2.889327	3.356097	0.213252	0.093723	0.414522
6.368951	3.338014	14.2881	3.167397	1.993011	1.872297	1.31239	17.5385	13.361177	2.144188	20.399221	3.410922	2.302391	0.871417	4.267472	0.250111
1.614482	0.969322	1.060664	2.725091	1.117165	0.414656	0.697564	5.680349	9.130371	3.074881	3.293078	0.961865	1.037103	0.471632	0.478354	0.596999
5.78667	3.141171	6.994789	3.691099	0.526079	0.303757	2.207195	23.703671	8.948548	4.967637	7.213668	4.493476	1.901975	0.018939	0.141819	0.510828
6.827386	0.921991	0.931451	0.657422	0.103873	0.225258	1.629416	3.95124	4.262322	1.275143	2.625812	1.056768	1.251329	1.032154	1.068887	1.717292
10.688646	4.296219	2.898503	0.016004	1.075067	0.134145	5.300653	27.287017	3.359203	1.750334	2.728045	1.489535	0.430614	3.65403	0.278941	1.253461
3.072383	4.299802	3.302502	2.41429	0.219626	1.728127	1.555902	16.152181	3.318193	2.289662	0.146981	6.32611	2.002933	0.361987	1.754209	3.370516
0.335676	1.388069	0.56874	1.237602	0.028588	1.348907	1.30848	6.922286	4.172531	1.643025	4.38901	2.613378	7.207905	2.893335	12.043266	3.45958
3.999427	2.993018	3.439753	3.701598	0.382791	1.403647	1.403891	17.759794	11.13253	2.493642	5.673718	8.049291	3.818045	0.139684	7.0046	3.094309
10.492864	11.236922	11.854775	18.212994	1.345533	7.274434	2.676301	39.90619	26.915492	2.981343	5.960701	2.040657	2.844094	0.308528	5.252259	5.766693
1.156223	0.68849	4.236187	5.640743	2.405127	7.475913	1.550658	27.890425	12.917345	0.51095	7.164935	12.086479	0.294896	3.572172	1.092572	4.831203
10.468564	0.792823	2.444191	9.623421	1.42302	1.769633	4.87466	9.704376	17.686383	1.220899	0.780998	14.061332	6.317408	3.711293	0.875663	4.49293
2.967574	2.859547	2.422121	2.745668	0.336563	3.142703	0.985785	23.549771	14.802359	2.452497	2.18834	0.148856	1.372535	0.413476	0.340519	0.703576
8.974403	6.904767	8.760737	9.140698	5.564338	1.680319	3.32538	9.803991	3.546371	0.336079	5.26953	1.926718	3.642954	1.727203	3.480993	1.637197
8.8251	0.379404	1.011668	0.779869	3.478911	1.067163	3.07343	26.317952	2.608141	2.955755	7.201117	1.433813	2.985546	6.791468	12.484979	5.803476
16.156792	0.37081	2.110092	7.177434	1.715866	1.551292	3.372514	35.597908	1.013095	4.34692	3.140744	6.343192	2.024035	0.629492	1.253001	6.583324
3.56846	8.6698	7.131147	7.607486	0.022403	0.549202	0.864823	46.571509	16.04533	0.094365	10.667435	8.295138	0.083731	0.037618	0.152354	4.055224
5.703511	9.206452	26.933678	10.509301	0.049997	5.016965	1.681675	23.016333	22.922003	0.247223	16.563659	15.535236	5.028914	0.225512	0.91008	1.860458
0.292305	1.933981	2.435674	8.241785	0.092901	4.161368	2.276007	21.970501	11.926093	2.493666	12.123569	10.243664	7.368513	2.033777	1.548533	4.365067
2.463922	2.11187	0.093174	0.374144	0.659194	1.866962	0.758755	10.213755	3.569706	0.529937	7.329935	7.49786	0.952892	2.355145	0.063467	1.858539
16.91037	1.631449	5.061866	9.74016	0.788185	3.200531	6.856878	55.648144	7.660374	1.905194	5.95678	9.133966	4.214246	1.373003	4.983756	5.467372
6.654529	0.323937	3.148912	2.827479	0.262141	1.07863	1.654522	30.231972	14.734418	3.396883	7.540568	1.463192	0.171644	3.115902	0.111309	3.250225
9.266084	0.826577	0.567861	3.170445	4.183054	3.603571	0.817885	25.066871	7.581159	1.332922	6.192149	13.40225	0.902956	1.870118	10.872346	5.407485
12.938489	8.228212	5.456315	3.178507	2.256449	13.586172	0.182635	32.777267	3.908873	6.645473	0.777029	4.682202	11.98657	1.802784	0.414882	1.028637
7.311701	2.222745	8.219452	0.106726	3.268509	0.851839	3.07851	24.974013	5.919682	0.290449	0.659093	0.854261	0.55859	3.087115	2.20301	2.987892
1.24713	1.642594	6.626896	2.251577	0.065208	4.734033	0.214281	18.355459	12.953	6.38692	6.179407	3.799501	0.249076	1.972011	0.076868	0.059035
4.637398	2.147959	0.977291	1.340805	2.92171	3.008023	0.727143	21.850248	21.705284	0.852002	3.401516	1.161113	0.891648	1.467375	4.2194	3.316758
8.770271	1.654072	1.040399	3.843699	1.044408	6.498559	0.03846	15.663625	9.585706	0.442838	2.82748	8.785336	8.087802	1.189701	2.806813	5.559632
13.401465	0.192437	0.391773	8.099255	0.604957	0.110673	1.807582	34.412721	10.43154	0.56915	1.095301	3.706478	1.498843	0.325759	6.198583	0.387898
10.99182	8.50868	26.493733	15.932454	4.249388	0.394673	1.362702	12.080936	27.444498	0.204987	8.143458	5.176558	1.873038	2.065519	0.457708	2.856357
12.532514	7.732751	9.506704	13.095639	4.413411	2.457417	1.954771	32.705462	23.541109	1.698856	12.832073	3.966317	0.920027	1.677224	6.3729	6.266131
12.518431	6.916511	3.238633	2.12064	4.628919	1.101286	2.839739	24.30945	9.645766	8.190595	3.975105	5.091972	3.595845	1.836323	2.321657	0.188565
3.163941	1.855085	10.357264	1.678685	1.050542	4.335849	6.983121	19.720413	20.160578	1.324752	4.88196	0.95346	0.249228	1.338802	0.66797	0.470538
7.072009	7.467677	4.124085	4.233884	1.340474	13.832479	1.611034	9.64916	14.730942	2.401155	4.548559	3.425894	0.038967	0.965554	0.181894	4.288533
13.262267	2.845691	8.001223	8.856912	0.284861	0.120949	0.294436	20.963258	4.968669	1.987424	5.491031	5.619706	0.749585	0.0453	0.742913	1.841884
12.685062	2.2445	1.138328	6.591747	1.71975	9.538985	2.466783	42.640859	9.010575	1.108431	11.235918	4.865358	0.039195	0.020414	0.178867	2.709377
14.743599	13.72416	4.738151	1.016331	4.331692	0.337221	1.004722	20.699775	4.453816	0.989861	2.482683	2.489749	1.255816	4.043291	0.095511	2.681251
0.128578	0.342958	0.379428	0.355716	0.325049	0.969036	0.339739	11.036269	2.407656	0.084907	6.41653	2.651632	0.521585	3.368995	0.831062	3.157564
0.890879	6.648335	5.14563	2.554737	1.351294	0.849246	2.576762	11.140361	2.011222	1.391849	3.735634	1.483017	2.181945	3.881562	0.101595	2.295805
1.055148	0.836849	1.829968	0.586924	1.025866	0.037443	1.268123	20.917011	5.37934	4.028117	5.943678	3.178851	0.616848	5.806907	1.205537	0.092149
2.527733	2.157803	2.940101	0.292658	0.897303	0.875311	1.102635	24.25011	14.982607	8.383323	13.35465	3.537799	8.44629	2.544898	1.31867	1.852261
8.29033	7.558494	0.496242	5.440448	0.555962	4.64333	0.054761	26.504739	24.746804	2.053074	3.570229	4.3837	2.915584	5.447214	1.046677	6.065827
4.823913	1.022705	1.33567	3.386662	3.862185	0.456621	1.254059	20.089964	4.03127	1.41803	3.663175	4.111146	1.853056	5.16892	0.300126	10.283634
1.426449	0.643479	0.42916	1.127103	1.018083	0.222651	0.170668	34.538161	6.498047	0.152192	1.982298	8.920866	0.828616	1.126719	1.910894	3.56928
5.3374	5.747163	10.528975	7.844642	0.08164	7.923009	3.472827	36.275028	8.506678	7.616077	19.580422	6.665125	1.957436	5.86066	0.859264	8.104904
5.46729	2.751579	21.504544	1.664511	6.659741	1.121307	1.747822	29.012422	3.264418	3.670546	3.530509	0.326101	1.623184	0.844011	2.089967	0.089623
7.194473	6.196974	0.738319	0.446798	1.102694	0.827149	1.47645	34.814977	6.317223	0.166762	7.05723	0.868731	11.11029	7.468121	1.008705	1.541386
5.172849	7.655693	11.881044	13.826751	4.351201	5.849894	1.277666	12.849393	22.246624	2.426873	15.808051	13.478373	1.635348	0.802628	0.841282	9.07819
4.809856	2.067882	0.309602	5.874062	1.386593	9.176726	3.769524	14.068327	6.263671	1.954747	9.938215	17.873477	7.959443	4.070708	13.69823	10.467986
10.061195	1.194239	2.758205	2.202286	3.105472	0.371532	1.207264	28.777729	8.196394	1.481318	8.911603	4.463363	1.380581	4.020308	1.93331	2.979976
11.453751	8.474532	6.421398	9.516838	1.674694	0.288325	3.339258	17.690561	9.08863	1.594131	2.920297	2.041601	0.086791	0.063952	0.978417	4.123438
5.595691	0.806069	0.485612	5.139591	0.463204	1.772663	0.591056	24.590574	9.756252	2.022774	4.733884	6.019641	4.880559	1.898884	10.524476	2.021586
8.776253	0.730488	0.615886	2.880161	1.49807	1.203962	4.104963	7.96553	5.335795	3.449857	2.534169	9.568558	2.02113	0.023624	0.749264	5.077201
6.699387	0.302194	1.25495	0.971436	0.584203	0.935929	0.815278	19.01252	10.45094	12.013713	11.190996	3.334468	1.13954	2.094111	0.46026	0.678064
18.926374	4.843406	6.392446	13.683401	13.837917	7.682984	2.798901	25.296464	7.44589	1.091926	5.18278	10.513977	8.355647	10.044389	9.823819	12.902915
0.678498	0.201315	1.753218	1.231966	3.900645	5.386111	3.622339	3.837451	9.51037	4.781329	8.616447	2.763817	6.162304	9.656833	1.010701	1.351943
6.854601	3.452209	0.219794	3.987289	2.891437	0.669656	4.196992	33.455402	7.368965	0.87997	6.159	9.021348	6.458345	9.10044	2.813669	4.518562
0.973605	2.268677	5.421068	2.438474	4.545246	11.307471	0.009004	8.310217	7.695363	0.776313	1.984989	4.056625	4.381753	3.781706	6.110512	3.686075
24.907249	13.137142	11.213311	12.0252	6.055029	1.621391	3.208465	38.102156	4.48086	4.726737	5.348447	3.826292	2.619563	1.847341	2.025713	0.997862
15.271227	14.323497	21.24621	9.63833	0.125391	7.423348	0.666497	31.601996	19.447054	1.089439	6.369131	2.373749	1.146999	4.157498	1.249061	2.041336
15.172185	2.648654	9.525189	10.599959	7.259252	5.679405	7.819942	10.791199	7.725715	0.04833	4.790843	1.242029	2.092053	6.440563	0.724414	0.772406
5.321055	3.38649	0.737675	5.858419	2.133021	0.015934	6.813557	30.432123	7.045501	8.942943	9.072584	14.773537	1.089791	1.141804	8.085415	2.046274
3.847408	6.183146	1.913024	0.84399	0.174078	3.325209	0.594355	22.787041	15.559846	7.81153	8.296162	5.115122	1.014786	0.321645	0.55619	1.745546
8.431266	3.515548	1.607388	2.822719	0.384616	2.083089	0.649503	20.052424	4.09283	1.078821	2.571249	2.602165	2.212875	2.371575	1.909994	0.193373
5.294272	0.054308	0.282883	0.256792	1.764113	2.265555	0.10541	19.12869	6.815316	1.985309	0.461736	0.200297	6.94811	8.266586	0.737935	1.044386
2.452581	2.097618	0.011545	0.186661	4.235913	0.434679	0.780714	15.585335	0.807178	1.855141	0.116229	0.66463	3.003889	1.56809	3.229334	0.564789
3.904142	0.165373	1.400655	1.051355	1.965315	0.18185	8.743288	14.765707	10.891961	0.829582	8.218285	0.759522	1.102406	3.616568	2.592517	4.550483
0.037308	1.824925	6.578485	2.08937	3.396691	5.694934	0.037816	22.396661	12.376515	2.127994	6.873817	1.931583	2.391519	0.359675	4.564881	3.504602
2.157092	3.305369	0.762569	3.621782	1.552764	0.020132	8.341701	26.570404	12.077577	1.153789	6.966177	3.030692	1.109752	1.532611	2.177106	2.300135
5.581521	0.056974	1.855317	1.448826	0.589747	4.860204	1.750667	34.424919	2.435569	0.699679	5.183805	4.976333	5.906958	0.806347	1.747978	8.924794
2.258868	3.732672	6.722941	7.271844	4.235939	6.609875	2.056251	10.868593	8.267626	0.614018	4.284346	2.557	0.646312	0.851726	0.768615	5.141355
20.770022	1.106836	3.127347	7.043678	3.246417	0.145795	5.658802	23.747889	3.485231	5.82452	2.38005	12.679245	6.321838	4.408235	3.041715	10.316985
2.129275	0.619709	3.142909	7.566081	1.933989	2.480308	4.449888	23.136744	7.120107	0.105308	2.061478	4.778126	0.514248	2.107291	5.096743	5.274665
0.804036	4.21956	2.572919	5.997924	1.042937	5.079018	0.009048	10.692988	7.940794	4.335926	5.730477	0.111932	1.041528	0.772209	1.832262	0.975552
4.26529	1.876064	3.886759	3.140023	1.228882	5.270088	0.121889	19.489951	2.911211	1.866651	1.023421	3.180656	1.615169	1.431908	1.507144	5.227987
16.60366	6.945787	2.535708	10.366582	5.498843	7.050761	2.409144	24.276871	10.871687	1.393238	4.071036	1.922828	3.628604	5.36739	3.755377	6.408188
10.801002	3.852464	7.665582	1.377048	0.837118	2.736453	2.054145	9.89374	2.3928	7.1336	5.623771	5.433506	0.446892	0.924052	0.301412	2.842749
10.369244	0.036492	4.048633	10.447937	1.601823	2.663447	1.851298	6.379667	8.820787	1.121483	0.390457	4.341832	4.127057	4.644695	4.407581	8.352032
0.842232	0.700033	1.397902	1.490274	2.990783	0.741339	6.168597	20.20321	7.919526	1.490547	2.853769	2.519298	0.109514	6.409648	0.116869	6.206529
7.120883	3.406061	6.156227	9.642441	0.870915	3.103575	0.055492	17.491777	0.802848	3.632354	2.742644	1.225668	5.81614	5.84095	0.111662	2.413407
1.546593	3.159518	4.409561	0.980061	2.911834	2.740172	0.712852	32.995499	6.993612	1.789916	10.024786	7.702159	0.352152	6.059104	5.192394	2.646225
