ContB-ContA	ContB-ContC	ContB-DefaultA	ContB-DefaultB	ContB-DefaultC	ContB-DorsAttnA	ContB-DorsAttnB	ContB-LimbicA	ContB-LimbicB	ContB-SalVentAttnA	ContB-SalVentAttnB	ContB-SomMotA	ContB-SomMotB	ContB-TempPar	ContB-VisCent	ContB-VisPeri
12.939909	11.13941	11.514897	13.410728	5.188324	3.160578	4.749632	15.115985	1.798015	6.593581	1.682438	0.328766	3.772917	2.015399	4.825437	3.728009
10.650183	3.811358	3.05248	3.945387	0.170006	1.149708	1.551629	8.910475	2.609837	1.568431	0.890052	1.451934	5.222661	1.048954	1.4891	4.400107
0.346762	1.831979	1.625497	3.000305	5.085982	0.528872	1.722786	1.22128	0.144979	0.05788	0.875516	0.549983	0.210101	6.749388	3.974751	0.137307
4.59219	7.924532	8.639148	8.094171	12.985844	1.412034	1.810248	0.801359	7.068643	3.339235	0.616899	6.444776	12.1773	3.191018	2.692193	8.987657
8.014782	3.214774	7.181294	11.916867	8.914861	7.102329	4.654022	6.122951	6.230877	0.615924	1.215844	13.857167	9.352257	1.1494	3.251029	3.997662
2.571229	0.011792	0.651032	1.667391	0.412644	2.902794	1.425049	0.573583	0.225187	2.268964	1.883455	8.55543	3.658701	1.110764	1.75432	7.168275
5.108472	5.476451	13.425914	16.71459	4.978737	5.427617	8.873508	10.144908	16.058296	1.093179	8.506524	22.033811	14.313226	0.836842	6.560603	10.31064
3.55596	1.728086	0.252206	1.222587	1.299619	4.022145	2.26192	2.001171	2.201098	0.686865	0.460853	4.430241	1.660713	2.423812	5.097128	9.211468
1.848922	0.536937	4.210297	0.777573	0.884631	0.981066	0.983321	3.227625	3.215083	4.935155	1.382687	2.103214	3.541711	6.517695	0.325869	0.718053
0.225315	0.881705	1.074782	1.195849	0.038354	0.540534	2.981723	0.732052	0.706962	3.762171	0.07203	2.698134	1.49252	0.659835	4.530601	3.586878
1.139507	6.057033	1.802806	3.900258	0.408426	0.978207	1.280341	1.405019	0.13769	0.08016	0.827411	2.883989	2.324083	1.724313	4.802072	2.228078
2.13918	1.03492	0.559754	9.297332	7.526508	4.490697	1.38617	3.282273	2.103334	1.747028	1.206085	11.590294	8.726437	2.741612	1.921604	5.166036
12.337638	0.600447	0.214024	12.207861	6.461009	1.146571	0.866229	9.037579	2.428938	2.808494	1.478851	5.914502	2.948086	2.814128	1.181131	1.480756
1.731697	10.405539	6.338004	9.651306	7.624859	1.057857	0.277726	13.242653	5.212946	5.888927	2.123388	2.261951	4.848288	3.262168	4.859384	0.247423
9.573706	0.74707	1.838989	3.625201	2.770272	1.715693	1.541348	8.952709	2.716438	2.055357	1.460954	5.912705	0.681121	1.545536	0.301828	8.215535
3.335852	3.627348	0.925518	1.775444	0.066478	0.144493	0.562374	5.851719	1.534279	0.462322	0.829926	3.906861	1.32342	0.104369	0.638859	2.261079
1.252534	0.642751	1.33539	1.182393	1.995632	3.50543	0.582084	0.468015	4.296054	0.510629	0.037796	4.772895	4.146659	0.03552	0.981755	2.667679
1.244521	0.229672	0.342271	0.298059	0.540098	1.478083	1.194602	1.819077	2.500005	1.783277	0.413366	2.135602	4.551311	2.3443	2.096553	1.467734
1.755527	0.424167	0.106354	3.335931	0.640175	2.630718	0.910213	6.026224	2.870078	10.748702	0.762333	5.122862	0.265695	1.675031	0.448088	0.740684
3.821456	0.75929	1.006946	4.471018	9.332543	1.256057	1.288233	6.916702	3.011648	0.56636	0.815582	4.833914	7.599328	4.350819	5.315155	6.040967
2.723104	5.554745	4.555064	1.270338	2.925621	4.740014	3.382504	7.743191	10.093007	2.931641	3.254681	10.303589	4.372094	2.527286	0.420067	4.894849
3.328887	0.499266	2.134958	1.005694	3.617939	0.617519	9.709777	10.229428	7.294554	0.083013	2.028868	5.051768	0.331488	2.809019	0.849241	0.996136
5.240278	1.745083	0.517339	3.232555	3.615418	2.986917	2.808216	1.019429	3.224965	2.756011	1.40472	2.706742	7.917259	0.708381	1.259651	0.179031
0.817593	3.59775	0.278315	5.470768	1.587562	3.386822	0.637961	3.389637	1.910823	0.584378	0.0605	5.162349	4.013089	4.33799	0.738846	1.202158
12.517086	8.786278	1.344816	5.432479	10.851591	3.456759	1.574312	21.982484	19.109736	1.580991	2.579558	15.880839	23.337863	3.378075	4.02764	3.670508
0.913169	1.272981	0.257913	1.641028	1.711952	5.8731	0.512011	4.040806	1.489939	6.937809	0.831794	4.36629	3.71067	0.040926	2.679354	2.140652
20.5385	2.409373	2.719381	2.461272	1.30223	1.851198	5.409392	22.698532	10.367518	1.345397	6.392308	15.83942	3.935874	0.534011	2.59388	18.477635
5.48098	14.125527	11.720117	12.670067	2.249065	2.934625	2.770813	13.791159	12.207392	5.717551	1.446529	12.14281	7.830065	4.496432	1.448263	7.792778
1.016458	0.667195	1.874106	2.359643	0.239679	1.906043	1.870752	0.008595	0.564118	2.047207	0.154809	7.760056	1.765115	3.551264	6.339254	9.517859
2.917997	2.325888	6.128694	4.28519	0.098496	9.328702	1.78809	1.170146	4.657699	20.484204	6.061645	4.425105	13.059794	2.795097	0.495478	1.517185
2.5278	4.234082	3.87899	5.366355	3.475773	0.943484	0.660996	2.684807	0.860462	0.695717	4.195645	0.22278	2.577669	0.342983	0.168234	0.867968
4.479187	10.691875	1.652504	11.32109	1.517669	0.147407	0.749389	6.126764	10.591639	2.555837	1.583357	7.50612	4.954474	2.161038	9.088195	6.444675
20.549633	2.318416	2.978248	7.57695	1.52868	4.03122	0.760199	9.810645	8.095272	2.734523	2.821757	16.649959	1.347093	1.376696	0.189925	7.151496
5.289664	0.724052	2.385859	2.331045	1.044688	1.515524	4.45022	4.561385	1.03133	4.122388	0.534793	1.241559	2.817101	5.148015	0.520891	0.118589
7.499248	7.135549	3.509403	12.329033	7.213725	3.998062	0.343453	5.927759	3.323188	0.987835	0.482991	4.480329	2.606427	1.754915	4.207098	2.907243
0.84374	0.019682	3.294184	0.630196	3.135293	1.225338	1.101525	1.42101	0.690548	0.713987	0.167146	3.491038	0.018929	2.790706	0.824805	0.323722
2.493519	3.461375	2.117026	2.598067	0.087112	2.044851	2.223247	4.320048	3.731726	0.496383	2.29986	10.918417	8.876501	3.517558	0.614692	5.267422
8.64407	4.905056	5.644875	4.460074	0.258017	1.277963	0.913451	9.854855	6.503427	2.390649	0.126193	3.526754	0.48698	3.65008	0.451043	1.227698
4.229081	0.834927	3.669263	18.780762	10.709422	1.64761	0.194183	4.142586	12.899295	3.884362	2.876089	7.727233	10.845516	0.90829	0.52093	11.930341
0.654254	3.890485	0.326508	0.028773	9.506611	2.224076	5.84515	9.137959	8.618913	0.02853	8.52945	1.255871	0.408826	3.741657	0.30067	0.838063
0.973343	6.681821	0.048518	4.706103	16.887103	0.943769	5.153211	0.380876	1.582104	0.088554	0.240073	1.591324	2.182547	3.467601	1.890959	1.095496
6.028357	7.049499	4.080782	4.291219	1.072906	6.285208	2.603627	10.671288	7.042072	4.258509	4.254755	10.523954	7.307434	1.681296	5.636216	5.384495
1.424894	0.63839	0.070964	0.353695	3.419305	3.920733	10.238314	1.542508	1.030194	2.146739	0.032847	1.553835	1.475209	7.821225	2.244917	1.209599
17.509313	4.53427	1.727617	4.34954	10.524365	4.725968	0.794672	13.805027	12.942951	1.367773	6.170735	11.952971	2.890427	5.126593	0.400445	7.949559
0.507492	4.288916	1.077566	0.3336	0.386794	0.51332	3.227419	9.969736	6.688546	1.154034	0.509096	0.519582	0.492538	6.833306	0.118822	1.375114
2.947357	4.552667	2.151882	12.140408	1.300597	1.017982	0.627874	4.148491	8.383415	2.192451	0.752218	5.010544	2.705308	0.301293	0.005276	5.101198
7.361577	4.80439	2.715317	1.736256	2.26651	0.976804	12.030833	6.526326	4.502212	2.529161	0.629846	2.251308	3.740216	2.608184	3.993026	1.077396
1.728517	2.434465	1.077741	7.160043	8.793923	0.778228	0.276489	7.694031	3.595519	8.255711	2.05318	6.503655	0.017172	2.280233	2.600834	3.107278
0.976964	4.666897	5.644027	5.795138	5.030069	1.092946	2.75183	2.921543	3.610186	0.013919	1.319853	7.308914	6.060582	5.29777	0.315819	0.755041
5.342185	1.143507	0.41778	1.924774	4.310081	0.3861	1.449361	9.011196	0.993232	0.264463	2.544383	7.989723	4.362682	1.082615	3.022354	5.329272
0.037547	0.06818	1.275139	1.47539	2.286848	3.309462	0.261538	1.277514	0.633697	3.803173	1.609219	2.025479	0.674235	0.309682	3.522949	0.715316
7.715718	6.265229	2.243107	8.513097	8.233536	4.995635	1.32234	4.419441	5.966946	3.244544	5.757973	10.039358	2.50111	6.412583	0.091026	5.056092
2.586727	5.539106	2.223486	1.099223	5.747268	2.262122	0.00428	5.760803	2.148218	3.450792	0.390647	2.602958	6.356668	3.770477	17.656993	2.505477
1.882296	0.460789	7.497629	2.079373	0.663778	3.634017	1.323382	1.122311	3.424726	1.174677	6.739512	6.964274	8.195887	9.399752	12.215521	4.810998
1.542186	3.289324	2.743546	0.41233	3.813315	2.186728	9.261831	0.636252	1.206143	0.257122	2.741234	0.021661	0.924773	5.001589	0.298174	1.926085
10.246265	4.617836	1.677688	0.534626	0.463644	0.132811	1.204335	3.583807	0.289516	3.872577	1.169768	9.076002	12.240127	3.759269	2.74137	1.449943
7.156644	0.3569	3.694152	3.702132	3.209174	0.258237	7.342377	3.073745	6.367006	1.354174	4.264894	4.144758	0.18989	4.33148	0.164351	4.60055
2.092313	0.899104	0.555154	13.894997	4.80577	2.277121	1.773985	1.666104	4.724505	0.431389	0.581974	1.978916	4.204315	0.876698	0.22041	0.633632
0.491075	8.097124	7.526798	5.981613	8.796267	2.225767	2.346721	1.903964	5.10933	0.7683	2.645297	10.788723	2.4842	1.907434	0.615876	5.746683
9.008852	3.101895	6.876527	5.148274	0.911583	1.695265	0.831549	4.58915	3.581157	4.701844	1.600093	12.735539	11.094933	2.3467	2.50272	4.781764
0.822951	3.878728	5.062431	9.687565	1.493653	1.269666	0.436734	5.263521	3.610982	0.629579	1.210026	0.989475	1.378375	1.030833	4.405383	0.011258
3.982577	24.875038	8.483706	4.894197	0.090401	2.108212	4.451912	13.404718	0.062331	3.333964	1.924203	2.675867	5.174069	6.221249	1.148516	3.688269
7.619003	2.350038	0.725799	1.776844	1.233511	1.51734	0.075274	12.51841	1.450343	6.591288	3.128133	7.614213	1.743373	2.155138	4.071152	8.627548
5.558019	0.722575	0.149948	2.192562	5.521137	0.839504	2.710578	4.50446	1.965909	3.182667	1.753809	2.280447	0.993557	2.492817	11.16072	3.301532
2.461532	11.148422	4.509576	4.22238	0.548979	0.610361	0.251903	6.494718	15.300052	1.079413	3.480971	4.936977	3.523067	2.438187	1.550001	2.077989
3.204022	0.669098	3.587218	5.063828	5.605726	2.492151	3.523293	3.030314	0.464219	6.919538	0.77805	2.245855	0.060802	4.399957	0.861196	3.623127
1.816866	0.699891	0.011606	9.209638	0.472206	3.302892	2.485633	1.943651	1.373987	0.896235	0.828395	3.801844	0.439642	1.372693	1.652086	3.98027
7.314042	12.913041	5.065493	7.803505	7.337431	1.936705	0.524546	9.537375	3.329515	0.455298	0.531164	0.258304	1.497524	0.509954	0.315267	0.248732
3.944253	0.814257	0.197584	0.68159	0.352176	0.939355	3.46307	2.00958	10.443971	0.130274	2.452753	2.157048	0.599777	2.73574	2.24403	2.445431
7.819835	0.486825	1.390878	5.260081	8.303714	2.792607	5.371866	8.904972	4.351333	1.666789	0.247171	5.16244	1.507036	4.844751	1.079887	7.044818
5.220982	15.043008	12.838529	8.87393	15.235333	4.16709	5.244111	1.38631	4.253886	3.151433	2.117355	3.200277	6.373124	1.268839	2.042517	4.085167
2.09052	3.233558	7.679843	13.240797	6.124629	2.330697	8.037611	1.547025	2.645014	1.188673	4.218464	6.733851	0.798523	6.497897	1.45091	6.196956
8.850967	6.243737	2.273479	4.043972	10.018288	10.576503	4.808917	15.153989	3.232158	5.932007	0.106617	8.972208	6.810387	9.785161	7.722126	6.912319
0.648355	0.786703	0.309742	5.17862	7.111214	5.581161	5.605745	0.287489	0.12996	2.194738	1.821248	0.70643	2.500933	0.464472	3.328091	1.195642
3.602694	0.189954	4.014805	1.337768	2.530689	0.273361	2.156987	2.056183	0.353119	0.055578	0.226166	1.364837	1.754132	3.175217	3.607797	3.845487
8.086382	3.467145	1.104391	4.966542	3.933271	4.767916	0.354609	4.450887	2.47419	1.122102	1.188217	12.698345	8.120354	4.089528	7.77237	6.816429
1.319231	8.441278	2.627397	1.625634	2.584973	1.923128	4.405483	1.693497	1.87048	8.218276	0.878135	0.21698	1.329111	1.5634	4.56246	0.697289
8.468131	1.249055	0.835863	4.408223	0.900647	0.099897	7.105561	3.603362	2.38994	2.238382	0.81002	1.336721	1.210728	3.016318	0.866863	3.050239
3.601383	8.978023	3.55352	0.09675	0.525345	1.794528	0.659489	7.164309	1.369532	0.195072	0.871261	6.001231	4.897982	0.612005	3.594297	5.679368
7.552944	3.700373	2.624612	6.819599	11.174535	0.460416	0.698832	3.887229	2.489178	2.32212	1.954919	11.239086	11.825481	6.352579	3.388541	4.486351
2.450548	2.835056	0.427355	0.310583	1.052078	0.451596	0.537778	2.641672	3.546735	5.490514	0.161294	15.846731	1.48597	0.341919	0.419058	10.183943
1.313371	3.88787	0.112394	3.877938	16.284029	0.93889	0.041998	0.102089	0.026865	2.010442	0.517658	4.229609	1.967816	3.144572	0.505031	2.227698
5.565361	0.354608	0.517467	6.564952	3.82736	2.609882	1.787327	3.935936	5.305004	10.036765	0.476508	0.47721	2.600049	1.823418	0.254277	1.947477
1.601998	0.020146	3.103867	0.16235	4.828013	8.618466	2.965994	2.748177	0.374563	3.198767	3.329277	7.053199	2.280584	0.172816	2.872884	0.535763
3.918023	7.634298	12.724173	10.041502	4.03858	4.675189	2.202735	9.144044	3.674238	6.943599	2.251063	8.166242	9.930473	2.317166	0.727228	6.396013
16.331808	12.128862	3.838031	5.001259	3.16105	0.668803	6.337393	7.084367	2.890653	0.236776	3.254178	7.68231	3.108566	0.69797	1.162743	6.597708
13.890352	2.792452	1.208059	4.690452	5.207886	0.959084	1.453822	7.981859	4.420744	0.070108	2.542934	4.901168	4.923802	1.61189	0.527019	6.377475
18.161577	9.884252	7.187053	10.046379	31.436182	1.029864	2.374208	7.418232	5.373023	3.312715	5.460628	3.853839	7.903484	11.928798	1.314382	0.990705
6.033227	3.575712	0.078446	1.262736	0.838266	1.116036	2.318195	0.82305	0.353515	4.531616	0.012165	3.306959	0.871383	0.565315	1.876609	0.604519
4.781176	7.794916	7.903818	14.516335	7.081847	0.871565	0.529764	12.411239	16.059756	1.228565	2.60123	9.278511	1.365473	0.04105	3.109128	4.492316
11.508536	15.428248	14.850455	6.830153	2.637215	0.576979	8.088801	11.187577	11.951629	2.309522	6.528115	4.686116	5.082664	0.028109	5.872423	1.525329
2.534179	7.411649	3.245573	2.034797	7.107389	0.468368	0.357739	3.183123	1.718631	0.356012	0.151898	4.544368	2.053778	3.521394	0.686916	2.667195
13.331495	14.810608	1.155745	2.633013	0.256666	1.340526	8.276941	14.078594	5.305478	2.175843	7.214261	2.204212	1.851126	0.364094	2.922347	2.652687
3.404148	1.420841	1.69959	2.224215	0.600575	1.061936	0.354982	1.300573	1.096183	1.001938	0.152931	0.350459	2.275386	1.790793	3.294445	0.574445
2.087317	11.443745	3.55343	0.973375	0.93453	0.107087	4.305878	1.618571	1.564962	6.666412	2.936928	3.305974	3.742031	3.196766	1.106739	0.822941
0.829074	1.053187	0.804377	7.183327	1.903475	3.682613	0.766071	0.511549	0.554329	1.145446	0.646648	0.418291	0.76899	1.432265	0.50661	1.937067
1.084629	3.831075	0.356985	1.0166	0.084322	5.100938	1.681154	1.041724	0.053222	3.01223	0.478547	0.254914	0.235352	0.490483	1.02121	1.434145
14.353893	8.463754	11.858073	15.746009	8.037019	0.667236	3.982065	14.351436	5.421519	5.232347	2.307189	0.486747	0.758217	2.177424	1.111337	1.19954
12.764337	1.213056	1.030613	8.060643	3.653961	0.168173	1.121846	20.015244	4.065769	5.825205	5.80792	12.948935	1.522573	5.438118	4.256662	14.241279
7.305072	7.542036	3.276878	3.91974	0.849305	0.108307	0.150583	11.36399	4.710524	5.135183	2.681937	1.888497	1.459335	2.61058	2.345422	2.645767
6.74693	6.479803	11.072831	23.284562	8.656751	8.506656	3.588427	11.458441	15.588941	4.117126	4.738027	14.586579	11.82439	0.203471	0.814129	8.73167
4.318081	1.080824	4.120283	0.534835	0.187661	0.408378	1.931788	7.241671	1.660543	0.964336	5.47515	0.875985	0.641574	2.422059	2.426969	0.930188
13.199504	4.025719	2.449484	1.884511	6.933741	1.651214	1.511869	7.794729	1.223758	4.3223	0.042784	1.062937	10.272815	3.188882	0.433854	0.969065
1.913937	1.506936	2.685541	7.732361	0.639421	4.965069	1.294845	0.646132	1.690607	0.653621	1.17078	2.296759	2.276385	0.606086	2.565431	2.405526
7.462436	0.167697	4.471013	4.581079	5.084854	0.025709	1.716547	6.707007	5.328834	0.55391	3.911227	15.065149	0.688813	2.292503	2.825586	8.077801
7.263763	0.155453	0.699808	1.166899	6.008003	3.105872	0.779727	1.792021	0.545747	1.328705	0.638598	1.065767	5.165711	4.215147	0.828073	3.469394
3.207273	4.722953	0.575954	0.326582	0.111108	4.535644	0.3675	3.206092	3.347806	1.517156	1.690168	7.169393	6.361214	0.238188	1.005051	6.914064
20.942715	3.204435	2.898245	3.760617	6.61046	0.526	0.807328	25.037235	10.17196	7.192175	4.728612	11.523397	1.634476	0.250782	1.024371	5.312557
5.729841	3.862572	3.239111	2.275129	0.85312	1.099284	6.108223	4.37746	5.336254	4.248171	5.866946	11.787484	1.980969	0.258704	3.612243	8.816831
0.056817	2.558757	0.03539	3.774577	0.118329	0.003961	2.551782	3.843622	4.846944	1.086252	1.962479	5.645084	5.308868	0.825535	3.021715	5.01733
15.294649	31.26658	47.966476	33.341128	15.714917	11.54167	8.607454	10.880852	5.401529	0.703096	4.210173	8.26348	0.070708	0.100449	0.513111	15.628927
2.186833	2.655895	2.121361	7.526939	6.227267	2.710267	1.29764	4.983102	0.763141	5.083864	0.165656	6.477522	1.355374	3.530469	1.334256	7.533048
0.564887	5.277617	1.429775	0.58178	4.406827	3.288038	0.647555	0.867263	3.647365	1.97202	1.280634	0.795036	1.420485	0.896144	1.952768	1.101136
1.066393	0.234964	0.475301	0.036113	1.445861	3.649262	2.195353	4.537553	9.07722	3.090995	7.129347	1.908223	0.652577	0.533857	2.425053	1.974637
2.164024	9.390623	2.911091	9.042964	4.478684	2.495102	2.372344	2.879295	2.170406	3.52147	0.117095	1.25912	3.036122	1.803836	4.883189	2.690825
13.745821	3.195539	4.785775	16.884055	4.298789	9.607979	10.21619	8.228386	2.896097	3.399195	4.258126	7.677069	3.445983	2.214933	5.911203	10.034371
2.514891	15.881746	5.685974	10.230646	0.47768	11.751339	7.1143	6.314943	13.717464	3.517438	4.818132	1.00777	7.590363	3.873819	1.286997	0.142651
1.129377	1.875739	0.382538	6.334096	5.377223	10.523582	0.237292	7.109435	0.059592	3.960096	0.121443	2.99808	10.770852	1.077566	1.085416	7.907828
1.147074	0.265933	4.303134	3.757268	2.310625	0.505452	0.029736	0.9594	2.111802	2.993314	1.089849	3.677405	2.072671	0.363765	2.557417	6.891621
5.243484	3.031697	0.556864	7.183552	11.942961	4.141717	1.186129	3.885605	1.115375	3.437928	1.496162	4.717306	2.894347	2.92316	0.336918	5.525604
1.640097	1.058011	3.576803	2.364456	5.775549	0.525109	1.303805	3.363098	3.58687	1.545774	3.596609	2.222178	0.966455	1.255983	2.216805	0.576325
0.50922	1.668355	1.298843	3.259204	2.532222	4.24961	0.299039	0.536564	0.936133	0.041888	2.258001	5.237379	2.604828	2.363639	1.339793	0.345215
4.449507	25.751729	14.455417	24.578153	6.302142	0.026346	5.676956	16.878258	10.355572	3.707624	4.00434	4.274889	2.699457	8.979603	7.221741	6.290815
10.719198	2.425514	3.623875	2.969545	1.125062	1.528156	3.342222	9.772261	4.219673	0.12054	3.606613	5.376375	4.83789	2.007205	0.759058	8.816746
5.325467	12.303328	6.265639	5.456205	1.417849	3.44012	2.503632	4.68334	2.471387	1.161512	0.112869	7.565538	7.279264	1.074442	0.391697	4.39682
4.288273	0.97106	3.081109	1.020782	2.371927	0.012464	0.84722	6.322216	0.399327	2.297651	3.348059	0.813727	0.251826	1.812728	0.052968	1.66289
3.566363	1.385772	2.10875	5.445122	3.010072	0.63186	1.072675	11.984699	1.562465	4.695577	1.417006	9.425699	6.299833	0.840695	2.702235	6.761241
9.423394	8.996598	16.444502	14.623026	5.630752	8.339301	1.965753	10.286153	2.030514	2.7759	0.093832	6.133711	5.903558	6.391787	0.088169	1.886722
0.902095	0.024839	0.386701	2.106894	1.082798	0.044724	0.591038	0.528967	0.298912	0.443586	0.207418	0.252855	0.188969	2.23355	0.49492	0.802157
1.602308	6.560868	1.215521	7.16707	2.293614	10.173794	0.837584	2.66281	5.058355	4.842605	0.628845	2.747012	12.133412	0.002291	0.494533	14.801585
10.540526	27.758127	27.612768	32.112752	24.760733	3.514105	1.763359	29.344682	17.581733	11.649185	0.383229	14.821756	1.799122	4.550634	6.443365	9.984411
2.461621	2.897094	3.782411	3.015292	0.202174	0.963451	0.350323	7.637622	1.80988	2.760117	1.172232	5.646671	0.590459	0.631995	4.089669	2.164264
6.910193	0.341038	2.447481	9.524249	7.398178	0.566325	5.989785	2.841412	2.669589	2.771817	3.594371	1.612943	6.704711	3.44548	2.092011	3.252719
1.55002	2.568525	0.569724	4.956311	0.630611	3.952144	1.168437	0.575449	0.124302	10.159842	0.662867	0.108332	3.732502	0.708392	0.250911	3.413366
1.324908	5.796448	3.088608	5.948776	0.209448	2.742	0.745736	4.300096	1.677175	7.505413	0.516688	3.440878	1.136655	3.489416	1.209723	0.450369
6.775807	5.137318	3.405818	13.684577	17.789892	2.197182	0.329516	4.063429	9.218918	0.72304	10.654895	12.597121	2.662345	5.681275	5.198386	6.023959
0.038918	0.62269	3.265003	4.079139	1.775569	0.819466	0.610162	2.01764	0.430858	1.294274	0.098925	6.523749	0.021192	1.577366	2.221434	4.46238
2.359306	1.518755	0.974775	1.268841	2.828104	0.063957	2.80766	4.794032	1.441342	0.138378	0.063168	5.320968	1.529085	0.268103	0.584204	5.980648
8.169888	8.836891	8.086287	19.387374	3.786219	12.437375	3.563475	3.765174	4.895057	8.611573	6.174195	4.013372	0.470034	1.572261	3.232189	0.972751
10.025082	12.36401	3.115432	1.553821	6.27753	1.70651	11.645078	26.220885	10.089043	6.819954	10.953814	2.550409	1.257695	0.436117	6.350522	1.681069
1.173238	2.982092	2.288692	0.476828	2.061165	1.244732	0.641118	0.38042	2.119123	1.432426	0.93758	1.395686	2.155232	6.042747	0.901642	0.419234
6.787274	7.379312	1.183518	2.096418	1.089472	1.765583	1.728435	5.234007	2.814707	0.070308	4.254209	5.729593	1.397271	2.445733	0.037882	0.204927
2.102267	10.522581	11.08006	4.191099	1.736575	5.972593	1.06116	3.009857	9.80661	0.830818	3.877184	1.700649	2.544822	0.092566	1.2871	0.10326
0.134822	5.928415	0.49056	5.398386	2.748903	0.924664	1.459161	0.486366	1.626802	0.307186	0.483934	4.534267	0.461986	8.125675	0.160833	2.379833
8.694682	8.696956	3.508559	5.411814	0.352118	0.438375	1.52985	1.934132	4.562531	0.50761	1.42425	10.680768	0.462326	0.370703	0.309181	1.329407
7.426326	4.138837	4.168247	3.266441	1.731836	0.209216	0.927834	2.057283	3.047982	0.811615	2.920784	6.466735	0.611991	3.138554	0.000138	1.863604
6.351983	0.251346	0.863136	3.221516	3.414507	0.038602	0.914867	7.791387	0.451479	3.170609	0.689965	0.515034	0.047218	2.950332	0.109739	0.090835
6.622066	3.13536	1.242211	3.157402	0.545734	3.654396	0.089458	7.04889	0.982301	6.5406	0.91528	9.623993	7.673281	2.068351	2.080736	3.605685
4.810429	1.050071	0.677248	3.105399	1.294479	1.10938	1.599338	7.661663	3.578232	0.410671	0.59435	6.703829	3.508726	0.410163	1.717878	7.656745
13.217089	2.833421	1.034955	4.86013	1.837533	2.76283	6.6732	6.953686	3.076615	3.250292	1.444117	7.66275	2.130145	0.201588	0.158061	16.335261
17.510237	19.512704	10.314441	18.258427	1.254756	5.462115	0.173018	26.223746	22.29372	11.82819	4.11689	8.866592	7.950949	3.426285	2.034211	17.278192
6.067437	7.313126	5.094643	3.947179	1.247019	1.422935	9.309515	3.918088	7.64038	2.228119	4.744456	7.199103	1.825253	2.201283	0.298985	4.454388
5.906156	6.560667	12.105042	16.520708	4.991043	8.565194	0.417256	10.188712	4.670764	0.64672	2.82113	12.345607	22.206721	0.889628	0.37095	3.744052
3.821553	9.509805	3.565199	0.056244	0.933155	2.166905	1.577319	3.502735	6.472904	2.235331	3.03229	4.258184	2.470091	0.206303	2.490489	2.57819
2.161879	10.362063	6.637876	5.089364	4.071137	2.7084	0.353214	5.666471	3.591539	0.012037	3.450898	2.245599	0.725842	0.623151	1.962204	2.089824
6.530453	3.519733	1.478244	0.886903	9.421689	10.455712	0.325225	6.172939	1.006962	4.89594	4.132009	2.599687	7.551404	10.685716	9.947477	0.794565
7.393856	0.079511	2.100646	2.355269	0.95565	0.440912	2.596792	11.718799	0.018682	9.084782	0.074822	1.465216	0.038471	4.88254	1.965033	0.28917
5.030075	1.97091	2.003583	1.365311	2.081483	0.419707	3.752789	2.967993	1.827635	0.602124	3.797594	14.23586	1.577762	0.164555	4.724709	4.14212
7.175037	4.200561	8.490863	4.575114	0.751325	4.569639	6.657876	13.219206	13.480383	0.422056	8.749365	13.638199	1.271757	0.603722	3.766136	5.029921
2.235763	1.091806	3.841855	9.353501	5.125479	5.006489	0.487671	1.710587	8.115564	0.136348	5.26171	6.724507	4.392721	1.794481	5.051713	2.786008
21.164043	3.862681	1.494149	1.324254	0.337638	1.506763	0.460855	17.848832	2.608616	1.463891	5.997559	12.191433	0.0886	0.61887	2.131727	2.089602
6.548074	0.201072	1.442514	1.495987	2.4687	0.212419	6.07207	14.850579	2.539277	1.495283	2.936685	4.688824	3.382314	4.506475	4.465171	3.726677
3.501789	2.150972	2.705448	9.811501	3.116523	0.404574	0.681226	1.823893	6.945687	1.836062	3.844932	0.492026	2.33224	0.154175	0.322521	2.629132
1.397463	0.25082	0.297978	0.749849	1.877232	3.515304	1.142644	0.799789	1.406951	3.161265	1.157266	6.762357	2.845725	1.745088	7.021399	1.14443
5.386389	1.769099	1.089669	0.235179	0.03391	3.248319	0.353583	14.924649	2.584028	5.650347	0.337458	2.113958	4.617817	1.530141	0.025702	0.09874
3.491206	1.271448	0.543428	1.770499	0.636688	0.933006	2.41531	1.875794	1.994795	2.124198	0.612905	2.866611	1.909848	0.766437	2.380009	4.090137
2.767988	1.272777	3.864822	0.835915	2.449852	1.939769	0.106793	4.717919	2.5759	5.902522	2.094831	0.365278	1.04613	1.907526	2.579894	0.444922
5.811214	2.320645	3.220086	1.773325	1.625881	5.668285	2.305817	8.066237	8.09259	3.757375	1.230003	0.647275	1.102408	0.057756	0.406592	2.043267
4.780537	2.238349	2.467934	4.887765	2.595397	6.560868	1.494199	9.177911	2.429694	0.023389	1.197139	5.290238	3.973565	0.411425	2.916826	2.901663
2.74722	2.261398	4.965839	8.136241	8.27225	4.446867	1.404086	2.793617	2.856952	0.752997	2.323978	6.15706	6.443082	0.658914	9.829807	0.10866
5.42033	2.187851	5.235529	4.428852	1.368853	0.269304	0.092107	2.735858	3.107494	0.604682	2.647012	1.84391	1.976636	0.0518	0.029091	3.269248
0.403034	1.577276	0.418252	7.436224	5.69497	5.226506	0.258624	2.030842	4.218831	3.499815	0.634142	1.782123	0.548833	0.247157	2.376204	0.794695
15.013728	13.170934	9.464076	10.060086	12.959151	4.068578	4.187578	17.65573	12.51178	12.581781	3.532937	13.86013	7.387439	6.208174	2.395844	1.769006
5.313229	0.388959	1.213057	0.749782	0.758578	6.260454	6.375091	4.240298	9.225476	1.836779	4.349979	2.43676	2.405687	3.732259	0.207493	2.004136
8.639195	8.510649	2.021685	2.943017	1.22724	4.667986	2.202078	8.629046	11.213435	1.188956	7.535044	3.832189	1.117557	1.59795	0.694839	5.903623
3.667518	1.632427	1.149431	10.724734	2.928316	2.421747	2.231563	3.689	2.93361	1.605242	7.42928	4.868688	0.271173	0.652522	3.689661	1.258599
10.8463	1.371312	2.080013	10.41968	3.325788	6.64617	2.71053	10.231722	11.884909	5.009443	5.568363	5.735577	2.78433	0.364546	0.199207	0.611544
2.655946	4.64673	1.880756	0.529517	5.206363	1.305584	0.78974	1.797739	0.091644	0.344517	1.362855	5.941805	1.454802	1.967433	1.086816	0.148077
8.614458	1.299286	1.07811	0.513145	1.213517	2.286542	0.890208	2.31132	2.927362	3.095979	3.654777	0.852775	0.770885	0.659456	1.918716	7.632131
8.968928	4.718427	4.975238	3.475556	5.732853	0.849467	6.794009	4.413954	3.924356	2.390039	1.791872	0.095352	2.076034	4.585809	1.854181	0.034478
0.142383	0.255474	1.443858	0.255075	0.946875	0.848683	0.540706	1.574923	0.266539	3.502052	0.462337	0.632253	3.544968	4.710897	5.401272	0.309353
4.491382	6.039618	4.174156	2.487975	3.413083	2.601646	0.28828	5.956193	1.067535	0.004448	1.231884	1.592376	9.707116	0.586458	0.828381	1.555276
16.440436	11.304587	2.329469	6.028844	8.714194	3.417444	2.459595	21.263312	17.450349	9.575715	1.499971	7.952287	6.113371	1.034514	1.323558	4.64184
14.20884	4.739219	5.914253	7.435029	1.353786	2.029763	1.525932	7.78754	2.754627	7.438761	1.9395	9.548996	1.916265	2.695828	3.204121	7.821693
19.251892	2.217252	1.653143	9.920639	3.192353	0.92465	0.381369	15.114486	0.145407	5.805214	0.187707	3.050142	1.962531	3.518834	3.322508	1.430646
16.618546	0.878341	2.09381	17.246515	7.870668	5.566209	4.530286	14.565187	9.071036	1.585771	7.769814	11.925325	0.291806	1.021089	1.196887	8.51634
0.377412	4.876377	4.096867	1.534589	2.039992	3.296241	2.937632	4.032977	6.570892	5.142691	7.093699	0.743769	0.321937	0.037574	1.284375	0.747783
5.973587	5.545001	1.18306	1.280041	2.822023	0.010119	2.675939	3.187557	0.321256	1.135717	1.991649	4.259969	12.291546	7.864267	4.589963	1.248533
2.888878	9.088225	1.60636	2.684184	2.995298	2.246112	0.016541	7.168445	7.660421	1.057463	2.211651	4.50441	0.333226	0.60994	1.225442	0.820783
6.122965	0.289974	0.783463	5.304826	4.487981	6.45862	3.629526	1.449741	0.163099	16.594551	0.924848	17.186983	7.282071	14.18672	4.20438	8.866862
4.584947	0.486347	0.662775	7.468186	5.302466	0.322007	1.213215	9.971864	5.471895	2.558194	6.300208	5.767196	6.195404	8.259644	4.612363	3.331797
18.35338	6.308819	11.638544	16.555199	3.892147	0.690486	0.94246	8.318281	5.811146	0.432053	0.190223	3.936107	1.104875	0.036355	1.836299	4.947488
0.915958	1.718893	0.224405	7.394466	4.859188	2.165819	0.273905	1.707223	3.911119	5.188954	0.343811	2.627888	1.629895	3.742694	3.237957	1.56123
4.690935	0.178481	0.695697	2.747123	0.817185	3.325267	7.231944	2.443308	0.360497	1.085355	1.438841	14.914096	7.801596	1.371782	0.336935	5.280363
0.183306	1.477117	1.096735	1.767674	0.866075	1.08155	0.051198	0.543111	5.319005	0.348614	1.037679	12.043258	1.255023	0.076755	0.798251	2.311941
5.363122	2.015544	3.400804	10.832277	4.151457	3.177238	5.786386	10.426654	5.777088	2.802658	2.234294	4.402685	7.218227	5.612385	6.690666	2.278091
2.760827	10.800897	26.516099	14.389079	21.821764	0.960642	0.181473	4.95207	0.708674	0.024522	3.477313	3.278794	2.200955	8.086191	4.480529	2.218808
3.660183	0.097864	0.669531	0.491196	0.080261	0.509947	2.248845	2.291282	0.263363	0.708372	0.007789	2.217576	6.740778	0.530328	1.019783	2.075434
1.087455	3.127759	2.663469	6.454333	0.29743	4.807935	0.736967	4.925187	2.06442	1.059654	1.590175	1.150033	1.248165	1.520118	3.65494	1.923915
6.511276	6.824784	7.89666	8.852148	10.089468	2.824465	0.50819	13.019369	10.860994	4.038134	7.23904	7.836601	2.524874	3.462809	2.628101	0.081557
4.966438	6.570897	7.429705	2.911515	0.013369	3.496183	0.132475	4.985443	8.140511	3.060495	0.191743	2.29529	2.050681	0.768825	1.638536	1.556388
3.484818	3.865045	0.695517	2.539961	1.750107	3.803028	5.969112	0.718221	2.853091	1.111404	5.098848	4.428905	4.467858	0.671801	0.205012	2.731127
3.745635	0.993206	1.278051	1.282913	2.205533	0.023148	9.439445	7.397731	1.121252	3.070669	0.345388	3.031558	6.818305	0.917287	3.685548	4.64238
3.441037	16.652232	3.071249	2.845019	1.340652	1.56019	0.716302	6.688604	6.209037	1.28658	2.017209	8.457826	2.703859	0.824342	0.39223	2.728052
5.893899	5.392404	0.972919	0.226442	1.058647	0.27324	1.535003	3.857315	5.240357	1.069053	0.978116	5.49785	0.056834	5.144688	3.682919	2.201923
2.23972	1.559928	1.772601	5.135373	8.072842	2.724075	0.109108	0.052659	1.575378	6.48595	0.182275	1.316545	2.574862	11.3722	1.875946	6.247301
1.514247	0.112295	0.133688	2.116907	0.54847	0.753176	0.395105	3.992838	0.434455	4.281717	1.30399	1.251162	2.477755	6.100765	0.641939	0.926285
6.223154	0.576821	1.677552	4.200229	0.405869	1.676453	0.703965	5.052694	4.215622	0.128337	0.894042	2.008935	5.329458	5.987259	0.092492	5.218163
7.843121	3.333443	4.102861	6.418375	2.775867	3.411852	6.123559	12.126366	2.899391	1.183415	2.090234	9.276196	8.769198	1.797386	0.829122	8.501272
2.791575	1.528032	0.86325	0.141731	0.783499	0.702665	3.612485	8.565888	1.023301	0.827603	0.877338	3.290283	0.637736	4.332762	3.665636	2.139913
3.622891	2.281451	2.438639	0.359694	0.392045	0.575586	0.405254	1.180897	1.138121	0.170498	0.004179	3.038339	0.204964	0.038126	0.054166	1.736721
4.642127	3.626074	5.070196	9.014291	0.198093	1.027602	1.285002	2.060073	5.034563	0.859201	3.693513	3.955769	5.035606	0.197424	0.362018	1.565161
1.149025	1.304935	1.402091	0.839655	0.231209	0.11322	0.864765	5.946142	2.734391	1.965528	1.47998	2.620464	6.150578	2.108959	2.043349	5.095764
11.414681	0.985726	0.170771	10.701003	5.196973	0.696413	5.152949	15.218062	1.742694	3.63464	0.016246	15.832241	5.328485	0.019115	3.262242	16.50893
0.152288	1.737553	0.313164	3.247655	5.383994	3.327062	0.077751	0.059587	0.582179	2.027625	0.424557	0.712633	6.528559	6.649036	1.977327	0.242427
1.868953	0.27627	0.461234	1.540099	2.127416	3.258924	0.704025	3.502452	0.998022	1.293989	0.701695	5.856363	0.03178	1.386607	1.455589	12.529692
4.479224	6.778436	1.966018	3.300164	5.845923	7.502039	0.332857	12.198364	12.720288	3.065738	10.62111	1.795644	1.013299	2.953494	2.100196	1.121008
1.068721	0.227466	0.438891	0.035845	0.061759	1.791399	0.919425	1.064016	2.651692	1.011405	0.9978	2.091946	0.413835	2.661997	0.710973	2.829491
12.20539	4.294023	3.768857	1.031237	0.9159	2.333	0.825524	7.221593	2.307062	1.587812	0.746356	11.423795	2.019172	5.911291	1.786689	7.533046
5.819555	5.843976	3.876451	1.254339	0.315008	1.582438	0.249913	0.140008	0.286246	3.090325	1.16845	3.386358	7.391317	1.065046	1.998717	2.1231
12.322732	5.031931	11.201808	16.689351	6.319589	2.780082	0.156907	10.59321	3.53381	4.21966	0.037207	0.915361	5.043173	6.379272	2.549488	8.697946
0.090153	6.167323	2.903282	1.285675	5.431909	2.661768	1.922757	8.854608	5.138372	0.072903	4.667649	10.72993	1.45609	4.423737	8.207951	2.49463
