ContC-ContA	ContC-ContB	ContC-DefaultA	ContC-DefaultB	ContC-DefaultC	ContC-DorsAttnA	ContC-DorsAttnB	ContC-LimbicA	ContC-LimbicB	ContC-SalVentAttnA	ContC-SalVentAttnB	ContC-SomMotA	ContC-SomMotB	ContC-TempPar	ContC-VisCent	ContC-VisPeri
1.788429	2.629015	3.852856	1.334274	1.432678	3.884278	1.988971	10.594204	3.390402	0.333607	0.538027	0.19584	1.092398	0.071019	3.571786	0.210757
0.262717	1.022372	3.553283	0.610972	0.789021	0.538625	1.718848	0.970846	5.380662	4.863075	1.539625	1.077709	1.745874	0.081452	0.875875	1.470278
0.250088	3.925431	9.474262	4.384862	4.654198	0.30309	1.204743	7.488025	12.618817	2.637331	3.170675	1.411583	1.636301	3.61248	0.704165	4.584176
1.627347	1.292375	20.2548	8.273803	8.231355	2.034253	0.540391	0.726734	4.553477	2.258104	0.228804	6.854887	8.553758	2.219965	3.448206	6.220803
1.714262	0.526795	4.430997	1.541277	1.415187	5.326265	3.133181	0.341118	2.229323	2.090674	0.008799	7.645508	9.164013	0.133976	2.734183	2.656255
3.56052	3.106863	4.699024	7.877588	0.723054	0.186876	0.734563	2.293373	8.859396	0.741	2.04802	3.808927	1.651173	0.533286	0.099111	5.140086
2.203785	4.267951	18.361652	11.189087	0.7147	5.279795	2.306449	10.131272	10.76725	0.908464	8.772142	11.769465	16.121278	0.657647	1.827308	3.439558
1.105322	1.078727	6.268342	0.498865	0.236729	5.458852	0.926865	0.832058	1.740585	8.380685	4.771925	0.67509	2.362492	0.501714	1.333822	0.611884
1.120127	1.128909	2.726587	5.228377	0.708662	0.748626	0.828806	6.462513	4.326549	3.185826	2.986516	5.085035	1.867008	1.532095	3.623486	4.201369
0.005376	1.030226	3.709422	5.994036	0.060277	3.031935	1.147708	1.153824	4.150392	3.170944	0.554968	2.161786	0.894741	0.686067	2.361913	0.962442
4.942361	0.106032	5.202701	0.941066	1.662156	0.531284	0.701187	0.857312	3.707834	0.387253	0.889391	0.410956	0.210739	0.714218	1.272686	0.533972
1.161499	1.450446	17.431614	3.078701	0.023252	7.060695	0.923576	1.070746	8.396645	3.14784	1.456116	0.498652	4.671414	2.215109	0.158473	2.661606
0.280291	0.041999	6.936984	0.024905	4.488106	0.307131	1.539184	6.173851	9.391286	0.844914	2.535649	0.562257	0.530486	3.286824	0.454566	0.618203
6.591668	3.443681	5.286796	3.464925	3.308428	2.888458	0.524088	0.45856	0.456699	1.82103	1.215679	2.622112	0.584216	4.097481	2.642918	2.768019
5.574639	1.412228	18.115957	5.590549	0.161421	2.248098	2.831141	4.480168	5.287923	3.079199	6.233606	1.027136	1.079235	0.529391	0.469371	0.104039
1.423804	0.732476	6.908714	1.381932	1.873665	0.702682	0.606519	0.541246	2.989388	0.122103	4.13559	0.223866	0.887498	0.400081	0.259079	1.13693
1.237223	1.296114	20.993215	14.963704	0.886839	3.439879	3.177784	0.979823	7.167469	0.662136	6.877434	0.973111	0.884148	0.277145	0.513519	2.376675
0.304743	0.094312	2.780298	0.545527	1.812948	3.941457	2.275008	2.642891	4.697458	1.595047	0.702511	2.210578	2.273802	1.473201	2.371142	2.896504
5.932249	0.02509	2.275224	1.596042	0.251052	1.480398	0.360208	4.637931	1.421583	1.675689	1.147362	3.8898	0.828664	4.492574	1.226455	2.461974
4.94319	1.292359	3.323462	4.054509	8.445612	0.522455	0.285179	2.123975	2.141383	1.611032	0.518902	2.045252	1.752159	1.295211	6.43811	0.807279
0.147318	0.639652	30.685381	6.970247	0.10442	1.896979	0.750998	4.689029	15.00504	1.333158	2.87024	2.096101	1.518486	1.088278	2.155939	1.239043
3.33888	5.496206	2.873861	15.488168	3.358127	4.27473	2.392919	3.140402	7.587144	8.675458	1.995096	4.592712	7.017934	4.312168	0.077291	1.94941
6.907924	0.963721	15.163175	13.265742	2.349505	0.92453	3.255894	11.999776	16.515572	7.345004	18.406714	0.651905	3.095663	7.770209	5.337264	3.862623
1.165983	1.712516	6.689063	6.09744	8.024798	6.233307	0.535072	1.632877	2.560429	0.26313	3.897807	3.15392	2.326739	0.328453	0.30645	2.958731
19.039808	26.207813	8.874066	18.667687	3.849614	5.59503	2.158645	21.293678	20.575366	2.371851	3.196255	8.588966	40.265946	4.059108	2.98838	1.41402
1.661416	1.1917	0.252555	0.518929	1.411414	1.860155	1.040856	1.754549	4.346147	0.433735	0.322881	4.058052	2.326563	2.147477	3.117936	3.551979
1.33956	1.069199	8.105799	5.787901	6.193704	0.112018	0.970057	0.74561	4.036095	0.8916	1.258644	0.145197	0.126198	5.381317	1.278005	0.983015
0.462438	2.603805	6.15276	2.468328	2.715315	1.043885	0.646654	2.551818	5.891923	3.989632	1.510722	4.001296	2.781701	2.59732	2.287183	2.636139
0.690932	0.057957	6.048262	2.689315	0.30763	2.616514	0.189169	2.526265	4.367012	1.009777	0.837461	5.070597	1.350404	0.61346	1.798158	6.571536
1.142567	0.174882	21.411485	6.507312	0.72881	1.587406	0.825726	2.853478	8.62301	1.179549	5.164461	1.667528	0.685571	1.060932	0.758691	0.202916
2.765862	1.379772	22.037006	17.78751	0.778597	7.962786	11.348283	15.344572	18.245658	31.673975	6.310023	10.425014	23.422471	16.837497	9.292615	5.776305
6.062309	5.956349	4.760782	3.894409	6.379848	0.913826	0.340826	4.825977	8.618176	1.098358	1.017027	1.259973	1.40332	5.101111	3.48132	3.213569
1.115282	0.076373	3.532345	4.250904	3.950741	0.468894	2.417908	0.347848	0.393803	2.881502	0.11136	1.04155	5.576186	5.069114	4.582759	1.729656
0.447308	0.977099	3.55796	3.337291	2.529543	3.531166	0.430313	1.661228	1.237809	1.524879	1.937573	1.697585	2.173652	0.165938	2.086599	0.332472
2.010047	5.215415	21.517268	4.578056	0.49155	4.901627	0.054682	0.895627	4.003688	2.156719	2.670127	9.761323	3.734198	0.479338	2.627782	3.199108
6.578783	2.609167	0.477949	2.528069	2.426108	0.673065	1.61289	6.8724	5.636755	4.261679	3.448002	5.475273	0.734732	2.685985	0.704084	5.049296
0.883748	0.034055	12.108192	12.575404	3.281746	1.177789	0.019331	3.548748	6.568937	0.079537	1.17486	3.303213	4.017583	2.082307	5.294757	2.343338
0.590271	0.652547	2.43783	6.468084	0.031659	3.128626	6.518472	0.265125	9.312526	4.109862	0.743957	1.628525	2.21852	0.457596	3.020498	0.683553
0.349499	0.788804	10.102163	1.005143	1.431486	0.817964	0.036136	0.243045	2.268138	1.472064	2.924911	0.136012	0.935612	0.031961	0.032412	0.10699
0.670222	2.515871	7.337481	9.20885	0.813278	2.144444	3.775005	7.337265	8.645592	0.169745	0.845293	0.186142	4.662916	0.22423	5.893286	0.012569
3.220431	7.002992	1.354601	1.974513	14.175794	0.439327	0.341381	0.442025	2.823741	3.326511	0.378148	1.306773	0.282666	2.625475	1.902297	2.463143
2.132853	0.160451	1.802479	2.568657	0.033019	0.597705	0.931853	0.372608	5.184268	1.903017	0.616017	2.838823	1.303748	0.334324	1.393893	0.857269
1.61983	1.656636	5.947662	4.529432	14.758007	3.788998	2.756143	0.530222	0.608618	1.011581	0.210822	5.227016	1.6374	9.755782	1.62683	4.420428
4.002789	3.76337	2.320509	6.396614	6.855052	1.949179	0.070167	3.131048	9.659253	3.134779	2.075702	4.189633	5.563607	8.122512	2.125813	2.953426
5.895933	2.251593	5.236613	4.581641	2.055376	0.33695	0.65932	4.464925	8.819356	0.487576	4.702415	5.383921	3.533999	0.49456	0.49351	0.584476
0.174883	0.522604	5.005229	1.033534	0.942125	0.057631	0.367521	0.937716	0.515053	0.173965	1.531457	0.12174	0.934306	0.038297	0.062465	1.302526
1.678904	0.774563	8.263456	2.382028	0.46717	1.326564	7.136004	5.309037	4.579628	1.765146	3.16573	0.742055	0.289727	5.119758	1.768063	0.206654
0.840937	0.522853	1.481556	1.887242	2.372782	0.628786	0.891292	6.099382	1.49352	1.254466	0.899835	0.230979	0.58687	0.420565	0.346602	0.373672
1.559126	7.299334	18.325353	7.178711	4.305118	3.764795	2.269519	8.054931	5.648504	2.250998	7.385273	1.773851	0.248731	1.186284	0.722959	3.141775
0.460729	0.632413	2.501171	1.274958	2.759709	0.431042	3.220043	2.190471	0.990658	0.097479	0.698487	2.129658	0.77556	1.724811	3.781567	1.484817
0.242701	0.164529	1.395134	1.900662	2.288955	3.650271	1.353882	0.564577	6.385443	1.189564	0.449685	4.047391	1.469943	1.789012	1.290293	2.077254
2.274456	4.777788	16.504866	5.179002	4.887856	2.179999	0.610287	0.032438	17.230927	1.170919	2.193022	3.487817	0.783258	0.005671	1.036528	1.125352
0.38765	1.031866	2.166513	4.199564	7.325749	2.426063	0.36058	8.676144	0.361041	1.097238	0.048892	3.901516	0.668546	1.343721	2.259224	2.421643
0.556086	0.592529	0.758318	4.080113	0.25297	2.182329	0.779846	0.416533	3.379956	2.419896	0.091697	1.881772	0.46004	0.122087	0.746475	1.849644
1.008862	0.896958	5.224716	0.156334	2.694002	1.503338	0.354686	0.194195	2.377308	0.909712	1.834694	0.491889	2.843737	1.034582	1.504317	0.99527
5.692161	2.776978	5.180151	0.574091	1.081595	2.459989	0.657203	6.633444	6.992508	0.91611	1.775109	0.060379	4.632221	1.875065	2.203467	0.415592
2.275265	0.166499	16.401025	3.162385	0.824734	5.507283	0.687758	1.710492	4.861064	0.840872	5.101525	3.100978	0.232846	3.451881	1.544444	2.374096
0.594174	1.579817	10.464476	0.833477	4.67252	0.861591	0.733535	1.08574	3.735235	4.29055	0.121107	1.086872	2.62528	0.534088	0.306639	1.459355
3.028976	1.545261	10.293823	3.52941	2.202357	0.201703	2.742114	3.744042	13.172192	1.688737	4.941005	6.685035	2.082134	0.836162	1.460991	5.27218
0.710339	1.024301	7.467844	5.396765	0.151896	1.023264	0.096316	2.006074	4.876728	2.155912	4.977437	3.375699	5.666055	0.510526	0.452063	4.498731
1.434818	0.873648	19.62013	6.289254	0.379991	3.12157	7.184651	11.453853	8.323693	1.161445	9.309226	4.453308	0.428124	11.952465	6.052405	4.425899
0.282717	3.516689	5.546236	4.228237	0.532708	1.23688	1.131052	0.314134	0.16853	0.632972	0.740562	0.096441	0.406704	0.654772	1.198062	0.2349
9.440111	1.887759	0.855028	5.29272	1.316776	0.978231	0.385711	2.570498	0.588582	0.025294	0.176388	3.350639	2.451559	0.516195	3.138991	3.272566
1.858137	0.686643	13.661857	2.138356	1.445143	0.384638	4.405772	4.546998	1.632446	2.321213	8.379408	1.593522	1.100096	2.018328	1.017896	3.847453
1.448383	4.494869	9.365742	5.154329	1.440809	1.55689	1.665178	2.190809	4.55646	2.124628	3.945178	1.269095	3.747396	3.116358	5.665791	1.135277
1.994995	0.831222	5.348253	3.968622	5.174278	3.576023	1.106848	3.608344	7.197349	3.352442	3.690875	4.238714	9.360202	4.194959	4.496928	1.566685
0.029244	0.456642	5.234433	1.890305	0.237624	1.470213	2.068188	0.784468	0.776834	1.242235	4.136964	1.093753	1.874838	0.1835	1.298099	0.557484
1.283918	4.685274	3.591326	3.781344	0.74403	1.273801	0.173558	1.659578	4.753751	0.738079	3.046618	1.087794	5.177638	0.756768	0.347091	0.803499
0.580015	4.897309	0.036491	0.008256	0.285418	3.06158	0.775962	0.055896	6.734043	0.808621	1.561125	0.060326	0.950643	1.701322	0.358983	0.180132
0.026694	1.38442	7.544827	2.940761	2.460584	1.707784	0.357413	0.621746	7.135976	1.961254	1.495909	0.021475	0.194484	0.735614	1.539811	0.657403
1.874446	2.619847	15.716837	11.142286	4.52705	7.902838	5.845122	2.154433	8.567262	2.112492	0.833325	5.992063	7.203054	1.659027	2.916697	4.450464
0.358721	3.718668	2.323467	1.067755	0.766059	0.893755	0.10464	0.696098	5.348684	0.387658	0.272336	0.865347	0.368932	1.417774	0.153414	1.189135
3.820172	5.610325	12.522348	5.320896	1.69636	0.844829	0.262071	8.408918	11.13079	0.763092	2.863789	5.8883	0.692314	1.91924	1.070552	4.765452
0.516787	2.268636	0.780782	0.752788	0.396863	2.429332	0.800453	0.315516	1.744241	0.890755	1.39324	1.213331	0.875319	0.117417	2.773835	1.627392
0.783208	1.01575	4.831133	1.734923	6.904038	3.743001	4.297603	1.364867	3.242404	1.066393	0.839322	0.56921	0.146474	2.196269	2.499664	1.447397
0.727529	0.085638	25.031227	0.39572	1.201997	8.085722	2.500312	7.905269	10.781492	0.272608	6.605456	5.172341	5.240534	1.413728	2.446243	3.680849
0.608293	3.490622	6.988826	3.1121	4.246377	4.491797	1.967305	0.803371	4.449717	0.182355	1.850825	1.378276	0.477948	3.02688	3.36835	1.321865
0.007796	2.008744	0.822092	0.729432	0.800551	3.298841	2.402075	1.06256	3.079416	2.473113	1.518134	0.347511	0.217893	1.383776	1.082403	0.315069
1.613025	6.004275	8.1973	1.13754	1.107381	3.357946	2.39673	1.073889	0.606689	2.660559	0.688142	1.713051	3.197541	0.862735	3.040706	0.986456
0.517853	1.02317	11.472395	1.636881	1.304109	0.181257	0.74417	0.248785	3.035091	0.419661	0.603324	0.249602	1.415256	0.656575	4.141463	0.223972
6.516277	4.871416	12.87603	5.737112	1.25508	1.077742	0.472314	3.900452	9.985983	1.902869	7.056171	6.288532	1.414642	2.115165	3.486898	3.125307
1.40106	1.648015	0.837668	2.185949	6.296039	3.119566	4.10595	1.611341	2.884354	7.699266	2.856773	5.345736	4.145747	7.00347	0.117563	5.258157
3.114832	1.93165	0.140448	0.089209	1.338281	2.016704	0.427223	0.554922	3.141304	3.075086	3.005151	4.501512	1.675715	1.532917	0.94176	0.200925
1.612233	3.776345	8.209067	18.848251	6.596229	3.308029	2.387673	6.271349	11.608388	0.462067	1.725156	0.828128	3.876552	1.321244	5.155687	0.181
4.816224	3.028514	29.67192	21.618611	5.765554	2.559166	0.231531	8.284081	10.714762	4.384961	4.596183	2.015696	2.644546	3.490152	1.586861	5.844299
2.482309	1.852237	35.840637	19.448152	0.589367	0.071304	0.78981	16.295263	26.006837	0.935269	11.77298	1.640761	3.806268	4.622346	0.442449	1.598955
11.202955	6.14295	9.044303	12.871972	5.225996	2.008795	2.944059	10.254207	7.58292	0.341781	1.892543	6.133535	4.026483	0.236096	6.22473	3.734364
16.244822	7.320048	4.326607	3.06322	6.632073	0.693144	4.519944	16.348175	6.667963	8.040473	6.246471	1.287503	1.379559	1.866558	11.036229	6.050934
4.277682	5.881235	11.023932	7.552988	0.410047	1.265546	1.792555	5.759159	12.845075	9.39505	5.086032	0.076667	0.645228	1.74128	0.427095	3.117399
1.552985	4.922349	6.930434	1.325674	0.641746	0.285086	0.213091	2.310747	4.420462	3.394637	2.288732	4.06623	0.946164	2.171522	2.32014	0.729475
9.458827	10.370464	9.066035	8.143195	0.105536	2.89986	4.949163	6.507437	12.599094	2.282885	9.973346	6.925231	1.978879	1.382995	2.216028	6.636974
2.446295	2.750923	1.05089	1.773329	0.229677	2.028793	0.100938	4.034221	2.688613	0.041159	1.00993	3.619082	0.529832	0.171765	2.808213	0.458178
3.942521	2.824365	7.258982	6.781716	2.319419	2.496023	8.204023	15.892222	21.930624	4.391689	14.041385	1.258175	0.360721	0.564783	8.00896	2.6443
4.646639	6.099767	7.427932	2.689204	1.473352	1.624105	2.383453	4.937262	6.617181	0.261754	2.280233	1.181748	0.001315	0.377215	0.369712	0.958937
6.401104	4.110726	8.673735	1.907373	0.352672	4.839217	8.257019	7.387873	5.739839	0.812292	7.968185	5.169531	0.395256	0.708869	2.356821	1.089685
2.280699	0.250296	15.876308	1.459814	3.418822	1.25262	3.787912	0.428052	5.457873	4.829429	3.387164	1.269967	4.677838	4.759224	0.489166	0.022239
0.695847	3.466968	5.24054	7.782448	1.261977	4.135244	0.580235	3.70371	4.013872	0.621759	2.023102	0.828051	1.629632	0.596965	0.444088	0.386161
9.319468	11.615983	19.258149	16.02455	8.889809	0.394301	1.735184	16.03793	7.716771	0.363706	5.806926	0.862203	2.68574	2.419478	5.84611	2.316146
1.107403	1.263148	11.717443	9.274828	1.12605	7.590984	8.841662	6.647195	16.856941	0.354246	3.284507	2.221595	2.116684	0.384902	1.476757	2.049973
0.86592	0.561249	2.231946	1.291557	1.673442	4.124567	1.965551	0.196299	7.744714	2.209984	1.835044	1.357588	0.300883	2.156953	0.96709	1.708913
32.634437	12.916822	24.61515	14.290495	3.524094	6.025823	2.716927	31.234342	19.973616	5.72789	4.288949	12.444742	16.239917	0.153138	1.06622	7.253863
0.525768	1.724707	6.520998	1.327387	0.031161	3.822502	0.359954	0.053793	3.681663	1.215134	0.404857	2.292231	2.264908	4.283183	2.134967	0.754222
10.341381	6.461147	14.870109	7.182933	3.703169	1.302191	4.38584	20.696875	5.14024	0.505832	3.713099	0.415997	7.147836	0.689597	1.283582	0.291764
11.153132	0.047651	0.379973	1.07732	0.303478	0.643746	0.4628	5.630615	1.680569	0.158507	1.242638	2.375634	1.575507	0.053333	7.849076	1.852608
0.492808	5.191241	13.906829	3.050999	0.258923	1.171789	2.196336	3.565312	5.235608	3.789921	4.754115	2.330045	0.123087	0.225609	0.127194	1.180729
6.244897	2.348458	4.136838	8.706829	0.199307	3.95929	1.21748	1.993469	17.603512	1.134258	4.143685	0.616295	0.159076	2.798572	1.705308	0.61501
2.130749	1.732614	2.658219	1.824338	1.636912	4.418729	1.001159	4.31764	6.55983	1.262668	1.131096	2.125176	1.430057	0.096113	0.196562	4.036295
0.950653	3.427192	16.712831	14.4297	7.813902	4.823297	0.257507	0.043482	14.835968	3.842439	1.834219	1.531265	0.333961	9.172853	2.718488	1.912223
1.057264	4.141702	7.003857	1.057234	5.093175	1.730642	1.355281	2.981175	6.537419	0.560445	1.159749	3.29626	0.045159	5.047052	0.207733	1.381436
2.398668	5.343976	3.690823	2.938724	2.107014	0.688947	4.479443	1.294825	10.786915	0.753135	4.931077	6.79112	5.014336	0.409092	0.579912	5.229087
13.649142	11.255996	5.709203	16.517497	19.032928	4.196144	7.478509	18.019772	13.097981	2.213416	8.672793	0.383498	1.236977	9.15793	23.079609	1.012972
3.699177	3.906344	17.847669	8.428615	1.631372	0.418363	0.061054	5.446361	9.950596	0.735448	1.760089	4.949235	5.959254	1.698466	1.130583	1.248546
0.543219	7.631393	3.325499	4.750022	11.491728	1.559927	1.094229	6.422771	7.914996	3.432905	5.652713	5.362084	6.171685	21.650727	1.643559	2.541595
0.421515	0.64113	6.545179	1.588941	1.232297	0.023571	1.613216	0.255358	0.600417	2.461682	0.007519	0.664507	0.845792	2.726313	1.842794	0.828157
1.708453	2.42335	6.590977	4.585345	0.316291	1.91244	0.091736	6.121278	17.250691	0.105064	4.779439	0.193968	0.798093	1.302648	2.17762	0.689077
5.072458	2.375883	10.438597	4.366553	0.273279	3.01168	2.793958	3.500355	8.131838	4.000223	1.46795	1.957123	2.704845	0.695291	2.070241	2.218476
1.358828	1.304329	9.059908	3.594809	4.561215	6.322881	5.744997	6.12165	24.293125	1.268979	9.001285	2.951892	1.122557	7.542633	1.629227	0.712457
0.709942	0.100829	20.016214	7.612179	0.703847	1.256797	1.112671	0.84868	1.307104	3.301802	1.453038	0.387543	1.874032	0.870053	0.954029	1.248466
0.91067	1.834217	19.244212	1.175391	4.99185	3.760559	2.939253	1.574658	12.576209	1.197628	5.736661	2.117255	10.981705	6.205871	9.857595	0.904256
0.537482	1.172205	5.408332	13.046548	6.192473	0.991316	1.102294	1.375854	5.931601	4.304475	0.499443	3.640328	3.68886	9.936273	2.159403	9.087322
0.363202	3.665752	9.972816	1.239874	7.18491	3.567753	3.552301	2.166354	2.448896	1.366595	0.585128	0.045181	1.433574	0.761053	1.723692	0.001078
3.55931	4.183837	10.04923	2.889638	0.667502	1.416605	0.846455	0.530453	2.913546	0.70385	1.197393	0.260601	2.05378	0.249868	1.285562	0.265056
8.068465	3.166493	13.121169	16.461376	5.009838	0.761421	7.476146	15.077012	11.392147	0.40626	2.229813	1.386854	6.732841	5.626618	7.182053	0.211311
1.782059	0.202575	9.355532	1.89371	0.429599	4.871088	2.398247	3.794708	3.08429	1.265641	1.025986	2.330093	4.77152	2.316635	0.40319	0.883419
4.869645	4.792087	20.619038	7.076427	1.393296	1.141987	0.863503	7.219466	5.044177	0.158279	0.481137	10.97568	2.999686	0.789679	0.252299	6.998326
0.017783	6.179113	0.009031	3.076465	0.465315	9.020898	1.05151	1.135845	2.895653	6.076412	1.877155	1.897145	0.111209	0.164796	0.140949	3.644156
0.928778	1.421633	6.714798	5.031484	1.315972	0.872671	3.108479	2.69417	3.540278	1.128056	1.298521	1.336977	2.120866	6.078648	0.360921	0.808488
0.125572	0.652714	5.641808	0.071652	4.532741	1.960588	5.185505	0.774199	3.537119	0.96628	2.731155	0.495941	1.912927	5.14588	0.97259	0.586136
0.339157	2.503165	9.762277	5.116004	0.646549	1.105836	1.334271	4.322746	6.085914	0.481203	0.186729	0.093173	0.488538	0.556755	1.26623	0.77801
3.598659	11.047285	14.942598	2.727568	0.011237	2.289453	0.779024	4.57426	19.614545	3.003583	6.617306	1.811082	6.301638	0.843977	0.069252	0.487496
5.805999	10.939215	18.320995	22.34876	29.222338	8.640329	4.021963	10.76242	17.015606	13.370232	1.69907	7.835042	1.271143	6.116989	4.263503	11.207738
2.002859	0.09583	0.773049	1.187671	0.388876	0.510826	0.140708	0.032408	3.139169	0.988633	0.877181	1.023654	2.020163	0.027472	3.000715	0.149079
0.318183	3.462429	9.70057	1.299897	1.433412	0.637151	1.785067	5.170532	8.716977	6.998452	5.756706	2.431653	0.994663	2.801709	7.828288	1.297613
1.639698	0.170017	7.134115	5.169129	0.553833	1.372003	0.067019	2.544866	1.689149	1.645482	1.636295	2.062911	1.381229	0.67181	1.817979	0.925352
3.05604	3.446797	12.488455	7.679996	0.142103	3.788006	0.30959	3.405805	4.448726	2.117998	0.711378	1.846091	4.717067	0.713775	1.948167	0.474235
15.545688	26.212393	4.855569	14.899261	20.32738	3.877754	3.46936	19.421651	12.427433	1.069444	3.970195	30.941793	5.192531	2.841906	1.145021	15.417821
0.563456	1.405741	0.600242	1.521845	0.202086	0.019481	1.488081	2.574199	6.807831	1.355534	2.849382	0.213843	1.08701	2.692097	1.04334	0.013545
0.893219	3.644126	4.744943	3.822159	4.260467	1.603856	1.728881	0.066067	0.113305	4.515644	0.158861	0.961492	5.688015	2.648813	0.509833	1.845851
0.161087	2.126743	8.539142	0.615538	0.265056	2.419505	2.181989	0.79096	14.271245	0.770505	0.833952	0.367156	0.618911	0.698163	1.32656	1.101304
5.862569	16.505756	18.420977	17.164094	1.832432	0.787411	15.668647	11.473904	30.002099	16.500917	19.151888	2.090957	2.75413	3.304351	20.373957	5.531402
14.514817	6.104739	8.525182	2.09759	0.847239	2.686465	5.795547	7.543447	7.12869	1.97401	3.927435	0.772584	1.962742	0.018077	0.089612	3.580484
3.205208	3.393522	13.297764	8.673493	1.630317	1.152882	1.15943	6.774084	16.299497	3.164229	2.694418	1.870152	3.227678	0.576708	0.486902	0.881017
2.30714	9.902349	8.930434	1.835371	7.757131	2.584413	0.172403	2.367911	4.656079	0.527246	0.516234	2.202884	1.550938	0.125848	0.52983	2.784313
0.383393	4.680826	3.297703	5.364068	0.896049	0.776417	1.174414	0.068556	0.916049	0.097831	0.659027	0.168022	0.850098	2.151635	1.508948	0.146522
2.280502	1.988033	14.928688	1.710451	1.013892	0.397878	2.052303	8.280661	7.893845	1.783388	10.573741	5.250991	0.878953	1.148539	0.102984	4.44641
2.91764	0.554359	10.853941	8.422049	3.924806	0.795039	0.742237	1.378968	5.980385	2.339612	0.574983	0.089221	0.803075	0.81468	1.301433	0.285237
1.105888	0.141216	3.091103	0.474112	0.294135	2.03746	0.365401	0.159107	1.021503	7.042799	0.314144	3.588856	0.124007	1.407505	0.849898	4.137498
0.1224	1.065843	12.427736	2.890712	1.823094	1.158495	0.920796	0.08695	3.932887	2.105301	2.593184	0.516479	2.187976	7.549277	2.265114	1.155473
1.158593	1.651899	5.471385	1.619639	1.783624	0.932565	0.756798	8.720581	5.263525	1.771324	1.610823	1.069874	3.581637	2.212331	4.619755	0.373409
6.785539	1.861215	41.604308	15.073678	2.711607	19.855313	0.919289	18.096793	24.310068	0.803525	11.937328	2.878898	1.819348	4.377286	6.05063	4.267835
6.58025	1.25703	8.746226	9.470924	0.194708	9.586919	1.562455	25.1507	22.246704	5.585708	2.242057	3.148655	3.746117	1.706556	0.669962	5.767879
0.064466	0.024658	6.492322	0.61652	0.881706	0.32991	0.895682	0.630985	1.887062	1.073453	1.162208	3.650017	0.768998	0.301098	0.174547	0.655139
2.704576	3.924849	33.648731	17.770449	0.613054	2.148426	3.42713	8.130962	13.366163	0.724517	4.038709	3.323619	16.694226	2.667507	7.850316	1.869409
0.178115	4.242102	3.240459	1.684702	1.19746	0.027261	0.071629	4.465675	9.252899	0.081123	0.990193	2.294929	1.547404	0.676443	3.062721	1.808194
4.07827	6.85448	15.782694	4.44942	2.142884	0.573471	6.996875	4.958816	5.621021	0.413872	0.853822	2.892188	4.515579	0.104515	0.98417	4.881062
1.201311	0.856342	0.17915	0.219279	3.009908	2.592389	1.129298	1.875941	1.964924	2.953726	4.421613	0.054226	1.182127	1.230432	0.511949	1.344832
0.28648	0.557978	1.486938	0.710473	1.200349	3.0026	1.812037	0.942634	0.823838	0.044098	0.912733	6.372368	0.745841	0.398074	1.49082	1.464906
0.418253	0.537394	0.040311	0.300653	0.692914	2.381464	0.03438	0.947534	4.228835	0.312301	0.758003	1.088259	0.040299	1.454321	1.798682	1.053689
0.5181	0.075436	2.992621	3.008467	0.696977	1.107797	0.606889	1.908184	3.428988	2.053237	1.921741	2.257938	1.916993	0.424822	2.026653	1.037831
2.399115	0.125209	20.628478	4.63369	1.735985	3.389033	0.230138	2.04308	10.377412	3.726548	2.863685	2.232999	1.837188	1.273649	0.003239	0.178299
1.737953	0.663686	0.938274	0.025618	0.513258	8.982904	3.571624	0.481818	7.697033	2.042699	4.395577	2.863113	0.387276	0.191758	0.341356	1.209074
1.191607	0.247523	2.20878	1.714343	0.097251	1.95446	0.509675	1.035325	2.396253	0.718766	0.310942	0.239025	0.181741	0.290738	0.028583	1.048392
2.308224	19.561158	8.83495	20.720124	2.872725	2.974025	1.107803	3.51295	13.433754	1.85439	2.78414	1.131943	7.619878	3.234873	0.906331	2.58751
0.918425	0.327842	0.260524	1.001059	0.757642	1.280671	0.088006	2.182725	5.732714	0.270756	0.47968	0.98256	1.141259	0.475939	1.808361	4.537723
6.632745	6.555545	15.485182	14.774458	5.457545	1.176643	5.688825	7.506145	15.076274	1.135286	5.075995	3.805596	3.934248	0.953096	2.805429	1.57308
1.036772	1.152798	12.459864	3.082964	1.322193	1.668514	0.169712	7.353539	2.25815	0.51726	2.984421	0.464495	0.182671	0.728068	1.220582	0.348794
1.123059	4.262705	6.053863	0.856495	0.216693	0.61956	0.200507	0.802757	1.289067	1.112061	0.972527	4.250528	6.066616	0.907819	0.313261	1.311226
3.825684	1.87119	13.787205	1.536364	1.066867	2.19592	0.273136	3.144015	8.8938	0.806293	1.547287	1.356333	1.442837	0.338949	0.703211	0.639598
1.699203	3.705982	12.619343	12.881089	5.248156	23.063835	0.656202	3.199722	5.234659	0.241524	2.831844	4.48599	2.190402	1.314166	0.205826	3.338198
4.17375	0.248325	8.177545	11.553083	1.455056	6.654571	3.814497	8.355647	16.390096	6.491498	4.644118	9.679011	2.480604	1.306309	0.61009	4.644485
1.449947	1.38394	1.67381	0.50991	0.085492	2.120564	0.116418	1.273212	0.731102	2.78019	0.346811	3.127105	0.808294	1.128925	0.987966	0.641569
3.857951	1.542488	9.625451	3.970821	1.644406	0.36774	0.095692	10.924851	5.419044	1.038929	1.861475	1.688099	1.186524	0.374506	4.180965	0.979587
3.630202	5.484253	14.325536	4.628072	4.926702	5.40956	2.619036	3.964797	8.088634	3.999945	2.950003	7.076927	4.007528	1.132491	1.028506	2.620821
12.297733	8.355752	8.890447	6.708436	0.280014	4.42138	3.559534	16.984772	8.233402	0.782419	7.911521	4.372856	0.65885	6.810267	0.326115	5.417233
0.338606	0.08288	11.045181	1.733207	2.634288	5.350399	0.638057	1.818421	8.98718	4.385439	1.348611	1.319787	1.663155	3.995592	1.823821	0.32911
1.031569	0.892058	7.23969	4.224367	0.22967	0.480397	0.208753	1.958391	0.403577	0.951741	1.002953	0.511082	0.17242	0.231927	1.391365	0.278199
1.384141	0.487677	8.583616	0.670591	1.435098	4.562482	1.186646	1.517253	0.116424	1.630547	0.917968	1.032573	11.326902	0.166718	0.177157	1.058639
1.422436	6.258727	2.782691	0.851942	1.769921	3.607678	1.119909	4.634247	3.701358	0.972245	1.907463	0.810681	0.700471	1.368061	3.006805	3.412516
0.676389	1.374858	5.361523	7.801528	1.691402	6.667216	4.686028	0.341972	12.226961	0.112315	1.356942	0.513587	9.080806	0.57847	1.050948	1.707381
4.543668	1.833543	7.083345	0.93509	0.157339	1.344094	2.079362	2.071007	10.981224	2.337359	5.691582	0.20986	0.08	5.815175	4.198431	4.078974
2.613491	5.542187	15.024446	6.126464	0.545714	0.147217	3.165216	2.663312	8.862385	1.844763	2.288207	6.203721	1.511889	0.375429	3.231998	5.617283
0.243257	1.188152	6.197363	0.985721	0.290524	0.387025	0.037841	2.253735	3.118281	1.258705	3.119883	0.59481	0.086794	0.200571	0.095885	1.023358
10.822952	6.912321	12.884839	11.471865	4.712115	2.258315	2.058196	10.730608	19.616764	7.216081	3.88951	7.540713	8.675279	0.122661	0.910387	1.016463
0.503007	0.044286	7.278348	2.693702	1.560902	0.645608	0.404918	1.111999	11.003776	0.870098	4.562436	8.204753	0.043959	3.209258	0.00421	4.629054
8.61252	3.650978	9.314722	5.038978	0.875195	1.280021	3.584931	4.571887	1.050483	0.182067	0.256806	6.119453	2.334589	2.787033	11.325544	2.090843
6.400445	1.173802	14.57896	1.9464	5.11194	3.522373	1.629778	2.129935	1.102253	6.71148	0.736189	0.455955	1.479381	11.049227	0.218529	0.474952
2.456585	0.071768	0.773814	0.728263	3.165131	0.257849	0.442095	0.107097	6.701096	3.622657	13.133767	0.853569	0.58061	5.232146	1.707942	0.016978
6.889284	2.857705	7.856306	0.191148	1.72133	3.165662	0.932621	6.894874	7.32436	0.062289	2.767559	0.377127	4.150079	3.275954	2.020681	0.111777
0.401525	2.209962	3.075554	2.524091	1.483754	1.317787	0.621349	3.763621	1.300934	2.164048	1.855798	9.705522	2.008269	1.33593	1.037144	4.845253
0.609261	0.431361	2.253845	0.766547	0.194558	2.367315	0.862087	6.935698	2.367265	0.110999	0.624242	0.528581	0.645184	0.739029	0.650156	1.192801
0.396345	0.849293	9.641102	4.159556	1.235408	0.01677	1.666813	7.844875	11.398707	6.127228	2.988422	0.344039	0.868131	0.152882	3.888392	1.74412
2.876291	4.223122	27.7076	17.120333	4.368773	3.767911	0.437068	4.641265	3.573333	0.010296	1.094188	3.910083	1.011114	5.64384	7.371847	1.865616
0.579562	1.723652	5.537435	0.5206	0.271373	0.662003	1.223549	0.275107	1.529633	0.468913	0.15812	1.132227	0.251781	1.055797	0.284841	1.680931
1.244684	0.095506	12.253003	5.170075	1.811608	3.127184	3.921507	2.739776	7.51398	0.337084	7.141568	1.386532	1.726075	1.703525	3.924408	2.485681
0.413477	4.144724	14.428535	9.079345	0.66784	0.778577	0.026168	5.741801	6.064282	0.198405	2.372481	2.856281	0.96645	0.011937	1.694667	7.423925
3.773174	2.122792	5.47831	2.066717	5.889081	0.686858	3.399762	9.042826	4.32088	2.310643	5.079936	2.022245	1.79175	4.877741	0.181102	1.011573
4.666752	3.114899	4.073639	8.533141	4.012945	3.593483	2.745964	8.124371	8.769989	4.003971	6.443626	5.848215	0.42949	8.886491	0.398059	4.661166
1.958924	0.678927	8.076555	0.633322	2.695833	3.836665	0.793333	4.210851	1.465979	2.280542	0.751645	3.964606	3.562217	0.966618	0.923745	1.375058
3.833398	0.325495	2.652489	0.515638	2.057407	8.431207	2.12788	1.492899	2.123837	0.452829	0.078128	0.572939	2.612895	0.678083	5.513868	0.257694
5.317012	17.20396	31.966341	23.832356	4.238132	3.202331	0.562758	12.587537	1.303491	14.438671	2.420004	2.419373	0.683131	0.310397	4.345142	2.594473
0.122905	1.03677	5.777018	1.981107	1.254794	0.112085	0.372765	3.90012	27.704493	0.859566	3.001107	2.340419	0.694144	4.068489	4.757522	3.124643
4.806577	9.236111	18.33847	21.687217	3.067999	1.647226	1.014288	4.474415	15.416174	0.256164	2.893177	0.357965	5.3767	1.324697	1.443284	0.426231
1.190862	0.878801	19.608156	6.405794	0.069704	1.451107	0.392599	2.048643	5.936285	5.023816	3.972434	0.407894	0.043764	0.156231	3.783732	1.103773
3.090159	4.078563	8.270401	2.729861	0.692647	3.771125	0.28234	3.743443	7.2243	2.174937	1.570172	2.323536	1.488741	1.164722	1.072741	3.017019
0.022217	0.655405	17.818159	1.518378	0.584669	0.438473	0.766019	0.748167	3.098297	0.60709	3.107649	1.584361	0.595345	0.305019	0.400031	4.674756
4.863562	2.67807	7.559376	1.497331	1.055813	1.033431	8.073954	0.23734	6.682464	0.870316	5.071907	9.370736	0.638386	17.241323	13.94318	5.711265
6.406947	1.345172	0.098263	8.630142	0.613092	0.264819	0.536535	8.199014	1.907833	0.103645	0.223682	0.988105	0.529535	0.323644	0.123867	0.574804
0.463954	2.891503	3.328798	1.942732	0.526388	0.011196	0.00881	0.345593	0.694368	0.167096	0.325908	2.499254	0.014573	0.135011	0.016687	0.279855
0.181212	0.396385	7.299557	0.488774	0.497596	2.108448	3.750138	0.424327	0.528831	0.718387	0.037614	1.181042	1.344673	2.99829	0.435258	1.900142
0.438663	0.864088	7.055176	1.903415	5.169252	1.810685	0.203947	1.898128	7.225041	5.355957	3.361065	0.755749	1.353849	3.894033	1.812006	5.233633
4.996066	1.167843	1.56289	5.304067	7.064671	1.564861	1.029952	1.661756	5.612653	1.017691	4.33141	0.786176	1.980874	3.316527	0.322935	0.379258
0.135498	1.9795	8.154837	2.062192	3.555929	0.628503	0.966303	2.399741	5.187211	1.302783	0.769107	1.559839	0.047952	0.881294	0.215748	4.741904
3.307656	0.287773	21.607387	4.123348	0.652789	3.893399	2.303618	2.288988	4.268409	3.653005	3.831593	7.748386	0.481729	1.410789	0.099115	4.632176
2.518517	2.529316	4.675671	2.24304	1.347632	2.719728	0.9375	3.095461	7.853038	3.969666	1.403875	2.195586	1.20934	2.17309	0.111681	0.953771
2.974412	0.623592	0.136453	8.683051	1.924861	4.07396	0.462161	1.422126	0.731611	0.912512	1.452608	0.346508	0.356304	3.143351	0.886115	0.394501
0.982943	2.018298	3.689356	1.362604	2.794837	1.539829	3.084676	0.566275	1.287758	3.140156	1.176725	0.623949	0.844998	2.762908	0.063544	2.881071
11.2675	28.825162	16.67941	19.354875	3.495919	8.47147	1.609137	30.616285	10.808495	1.69222	4.689339	3.251802	2.576969	3.454849	4.399916	2.989234
0.16615	0.213038	18.433677	3.362416	0.290151	2.544995	1.113318	0.524352	2.090541	0.805365	0.482832	1.353059	0.541304	2.723851	2.130605	1.894914
0.81302	1.065799	6.454499	2.560939	0.084777	0.988035	1.159774	4.403085	2.158786	0.635536	1.755549	0.893468	1.558205	1.844998	0.501411	6.32563
2.180405	0.741793	3.394352	0.430438	1.425769	1.143396	1.917819	3.807191	3.468268	3.364434	0.569597	0.029872	0.240237	1.56871	0.34325	0.205536
0.287237	2.104795	19.264899	16.770772	2.970179	1.801196	4.220113	2.813928	7.505768	1.08367	1.767235	2.647865	8.337332	3.147015	1.104311	7.981355
0.423889	0.737608	9.83569	6.448362	3.876787	0.193296	2.310219	0.685626	13.155889	3.733928	4.784236	1.093528	7.409416	2.600885	0.105523	0.862585
