DefaultB-ContA	DefaultB-ContB	DefaultB-ContC	DefaultB-DefaultA	DefaultB-DefaultC	DefaultB-DorsAttnA	DefaultB-DorsAttnB	DefaultB-LimbicA	DefaultB-LimbicB	DefaultB-SalVentAttnA	DefaultB-SalVentAttnB	DefaultB-SomMotA	DefaultB-SomMotB	DefaultB-TempPar	DefaultB-VisCent	DefaultB-VisPeri
0.871512	2.302687	3.777229	0.220384	7.15092	13.323702	0.946545	2.819366	0.222187	1.515467	1.842337	3.402771	1.43216	0.404295	0.706141	4.867192
1.917603	0.419227	2.806028	1.955799	3.126111	4.356408	4.263243	1.716992	3.95101	3.23046	0.646545	1.806701	1.258439	1.223996	0.368713	1.194726
1.861464	3.278476	0.027883	1.821996	13.749247	3.536117	0.104713	0.366278	1.963359	1.156994	0.056982	0.390853	1.152143	7.167375	0.424454	0.75892
1.053471	21.55989	9.483677	11.615861	31.442117	0.486584	6.760588	0.510183	0.957389	4.950424	0.8084	14.827098	6.064741	15.864887	5.110915	5.847125
5.720815	1.991255	3.955823	7.536671	0.360822	7.674234	2.579752	2.839004	4.47016	3.399722	0.445175	3.246397	8.216759	0.981641	4.463005	1.734644
0.924496	4.574859	1.235736	2.543834	2.30637	7.787339	0.290819	0.26655	3.162137	2.854006	0.893528	6.205371	3.120324	1.380618	0.671524	5.081651
7.146928	21.542895	9.817397	8.093322	12.33892	5.924386	0.894542	6.203767	12.938629	0.672682	4.363056	6.932143	7.085131	17.008521	1.407621	4.832922
1.093905	0.485568	9.126127	4.888001	2.382871	20.112683	1.661612	2.050048	13.825561	15.780523	5.53992	0.402822	4.354787	2.883924	3.019051	0.38256
2.941091	4.314402	3.198374	0.781007	4.602278	0.629734	0.872321	9.490547	0.213082	1.307013	2.060343	2.988423	1.252841	18.611816	0.332544	0.726214
0.338156	1.817356	1.228304	2.659233	1.025023	1.599251	0.529027	0.791986	3.613835	0.232681	1.711015	0.099725	2.419087	1.542751	2.931584	0.449195
5.823047	0.159196	2.833553	6.741772	1.375249	0.788599	4.085654	2.099156	2.614963	0.619298	0.637069	1.813045	1.429881	1.712531	0.200182	1.357383
0.467359	4.932768	0.624676	3.087311	6.051115	10.332332	2.899691	0.125941	6.962332	4.996838	2.434915	7.280962	2.484751	2.543137	2.659807	9.908527
6.206535	8.266448	0.724512	0.363858	11.56196	2.423301	0.074077	5.675361	3.056555	2.271425	3.050882	8.69557	1.189832	4.183769	2.327023	2.641353
0.561872	0.139104	21.821317	7.896344	11.464559	7.515289	2.54635	2.218483	2.551478	3.993325	0.106456	1.654705	2.810446	5.267726	3.65958	0.454176
3.06156	1.123492	3.19325	5.096563	1.40058	4.222322	1.505601	2.324839	5.545847	3.61316	5.004544	1.033444	0.691761	3.665328	0.01667	1.158907
0.037566	2.254669	11.391261	8.149503	2.957429	1.454766	0.122369	0.927588	0.538632	6.946825	1.34941	0.632545	0.164755	1.127388	0.043013	0.935591
0.414115	3.769513	1.368465	9.181802	7.130541	12.785211	2.321436	0.864996	3.102656	2.52898	0.865416	3.693427	3.19149	2.524681	1.267379	1.990942
5.935045	4.392193	2.453631	4.709496	5.525941	4.329924	8.201714	5.55461	2.404701	2.874306	1.636644	7.497795	2.655753	7.375086	1.455383	3.842529
6.470943	2.52334	1.793418	4.524992	7.442552	7.859557	1.151721	1.369512	5.115027	3.475441	2.055227	9.554173	6.205321	7.186981	10.074867	8.587578
4.561814	1.314264	0.836805	0.968951	16.160875	0.47242	0.53184	3.250077	12.224684	2.276589	5.676182	7.719936	3.347339	6.630341	0.10817	1.681869
0.077438	2.780791	33.525837	16.007326	1.878767	12.76653	1.534526	6.259207	12.441696	4.719329	1.505732	1.167187	13.242832	3.91906	2.622285	0.445963
0.937479	4.709784	2.361315	6.555283	4.939616	0.944561	5.771087	2.231668	8.261767	4.701056	4.642742	6.542135	2.035076	0.91493	0.459612	3.217976
9.323108	3.773247	13.989489	4.268389	0.409136	2.763805	1.367167	11.16916	7.907445	4.367902	16.6124	3.736902	8.719323	3.768974	2.526584	0.458919
0.316002	1.035633	2.404454	2.564861	4.045103	3.538922	0.473101	0.161242	0.975255	4.121162	1.364284	4.759677	2.367311	0.017017	2.968858	0.80218
10.820089	14.948331	9.702821	1.930822	3.079155	4.179257	5.359417	25.330847	33.338353	1.307562	5.303638	9.943253	18.831269	4.365347	1.891652	4.262744
0.179882	7.29228	3.737444	3.109416	0.253679	10.161248	0.744761	1.552914	5.364167	11.159725	2.667696	10.982661	18.921672	4.451831	2.864664	5.950551
4.077406	3.134492	11.274502	5.336843	8.969786	1.127221	1.510201	2.681276	2.082115	0.075255	1.984526	2.035813	1.076913	4.943269	0.931396	3.568726
0.79804	5.832605	22.013487	20.782131	1.355045	12.86732	0.542487	0.282913	8.473403	5.872734	1.783843	7.580357	18.49632	0.805775	2.301952	5.354406
1.001353	2.073153	2.305003	2.201574	1.096144	11.143424	2.436575	0.550173	5.144066	2.067541	0.60755	4.22134	0.218835	11.984664	0.776483	10.030537
1.116599	2.675523	5.328622	4.847402	2.151938	6.902125	1.983935	4.918308	2.033148	0.590184	3.379654	2.237646	0.605106	0.463297	1.845265	0.895398
0.311644	0.155867	2.590913	8.746241	0.713299	5.396131	1.752833	5.516787	1.757543	6.256534	3.388089	0.735093	4.422292	2.372989	2.562641	1.84479
11.471671	7.207585	14.587192	10.482336	3.134827	1.168404	0.298754	9.390537	15.883946	1.880603	5.770609	3.947466	9.213932	6.612681	2.091511	2.779867
2.992067	1.772248	2.563578	4.013995	9.817856	2.292596	0.153123	1.39644	2.829101	7.314385	2.547079	4.940656	0.262028	6.45711	0.414682	0.674351
6.177361	0.68851	8.159503	4.506531	2.244571	11.580641	3.137809	15.602632	20.823391	2.838174	10.369158	13.184587	0.504484	8.428965	6.226289	13.793407
2.594054	8.671408	16.005243	8.557311	11.063223	8.073183	0.072411	0.703494	4.617689	6.719341	0.532373	4.175132	10.603914	2.789459	0.021429	3.415588
4.391625	7.166337	12.07734	0.314488	8.400971	1.460701	0.566978	4.405014	6.575929	1.394648	6.97424	5.801032	2.43832	1.075655	1.857941	4.390809
0.973213	0.665037	1.930795	2.36379	2.307004	3.797302	0.455786	2.933727	3.815624	0.113823	0.438948	0.836073	3.842021	0.739524	2.381944	1.147918
0.232551	0.620355	3.863557	4.418207	0.37988	8.151579	4.974669	0.38897	6.690452	6.380751	5.6306	4.578271	1.441129	1.726736	0.187912	0.357668
1.796673	9.620727	0.159503	1.791365	8.251711	2.01654	0.145058	0.864766	3.060776	3.268931	0.306759	4.108356	3.793764	1.944657	0.873077	4.46334
1.202375	2.821975	5.485759	1.666658	2.539097	4.56809	4.923002	7.416356	10.57213	0.833597	5.504679	2.432515	4.445236	4.068959	0.131289	2.273836
0.699024	1.902382	4.495434	2.591726	1.994359	11.844363	10.604681	0.251312	5.765253	6.179706	0.850581	1.061934	4.001527	4.738661	1.683111	1.046405
0.656786	0.561799	4.992371	5.678616	1.841048	0.252705	1.006687	0.041627	2.112138	3.218566	0.260752	1.24598	0.730904	0.301586	0.877778	0.352617
0.410193	3.234146	5.539566	3.406186	1.68563	2.894273	1.149529	2.529635	0.920881	8.658525	0.808172	1.463061	1.027477	0.165674	1.323269	4.604037
9.083175	11.165196	10.10887	8.854389	14.219928	6.03985	0.653971	11.335883	20.843088	1.846914	6.557139	12.813619	6.347131	18.892949	1.240549	4.977648
0.232994	1.591019	12.238475	7.165763	6.214867	4.483287	0.264079	1.222957	8.867946	1.65038	0.766169	3.555976	3.130782	2.607852	7.597829	2.600692
0.371117	0.339828	0.711551	0.335778	5.192691	0.368688	1.87817	2.040143	3.683075	2.390223	2.044866	0.226679	0.791064	0.806436	3.016804	1.792538
1.221004	0.454529	6.396464	11.093656	2.267206	5.158664	0.660817	0.62503	1.289011	1.045739	1.351098	0.317441	2.295556	3.183434	0.804503	0.330788
0.36183	1.478246	1.764726	3.570693	5.607691	5.129041	2.613735	0.564026	2.297665	0.451785	1.169375	0.733476	0.373647	1.713882	0.457236	0.14621
0.350277	6.956376	5.838946	3.572505	12.437013	4.20677	0.118964	0.43485	2.788596	0.176935	2.523899	1.235822	3.163865	5.518996	0.691905	3.609799
2.340926	1.107366	3.746793	5.148645	3.900937	1.760508	0.309243	6.144039	5.928302	0.648123	2.96039	2.68698	1.563237	3.036341	1.460789	1.896956
1.752738	2.329736	13.731101	3.836168	4.680862	3.690327	2.251652	0.299525	2.496014	1.457689	2.033967	0.161678	2.103696	3.934739	2.064575	1.432782
1.98322	7.808295	7.774857	13.149638	10.882632	7.978995	0.972785	1.408753	10.253962	0.4678	1.526068	5.478747	2.209199	1.148906	0.05458	0.36357
3.047852	5.275641	0.424505	0.125882	2.979373	0.898912	1.172843	0.499356	0.40242	3.287818	0.202831	0.017477	0.47934	0.294566	1.147373	0.85819
4.262058	10.060798	1.437124	6.735158	10.854918	9.656021	0.364193	1.56816	8.63501	3.911087	7.709673	4.159361	11.585915	9.261579	9.067533	4.650397
1.432118	1.902907	1.342806	3.115577	5.649982	1.201986	0.169501	1.84059	0.093039	1.001427	4.518808	0.497473	0.978902	10.127771	3.954549	0.14547
3.689521	0.190605	1.454674	1.36827	5.551949	5.45446	6.664955	7.818103	15.107575	1.184759	5.966474	4.860774	12.372146	3.329656	1.417705	2.507669
3.731585	0.548525	2.234803	1.272878	3.51267	0.37173	1.099568	1.184347	1.742651	3.771974	0.317907	1.817072	7.311112	1.190758	2.669681	9.544681
3.166211	4.036492	1.785091	2.120513	0.749805	6.812327	0.085619	0.816572	5.457547	0.322688	2.972697	2.372432	6.423379	0.48944	1.32904	0.580527
0.503963	0.627018	32.166249	24.527615	2.482839	3.477867	2.727192	0.96109	7.420205	1.777696	8.458592	5.382998	1.983648	4.576815	2.47677	6.709175
0.71398	1.881882	4.312742	1.73916	5.12337	4.240424	5.099607	0.127904	2.408858	2.166844	0.004433	1.870286	1.92993	0.429946	0.543809	0.210971
2.411767	2.037653	1.181974	3.298203	10.844224	1.568825	0.749016	4.21497	6.659281	3.677122	5.368612	0.303763	1.406555	2.600566	2.229046	5.149274
3.798905	4.924923	6.500809	1.182156	2.087739	1.4645	5.23857	5.353092	0.333326	3.981224	0.767939	5.665501	0.639603	7.681838	3.650618	4.358412
1.079312	0.273286	0.185164	2.112585	3.735275	5.901882	3.413935	4.330286	3.371349	2.935361	5.146552	1.079138	1.141301	4.664895	1.777125	0.87281
2.310625	0.49109	3.553333	2.94525	2.067148	3.945173	5.792443	2.538019	2.536026	0.715692	1.041982	3.358671	0.128221	1.426217	2.673875	5.907659
1.000172	12.964658	19.929496	8.968715	9.007448	3.039563	2.451258	2.471339	7.912348	7.722866	0.349912	1.02726	4.894202	0.48314	1.086256	0.626359
0.942617	0.297819	1.567595	5.06646	1.045046	0.14024	1.604972	0.916215	2.668043	4.773145	0.083229	1.028653	0.861796	8.611565	0.123087	3.683426
2.073814	1.814996	1.348033	4.903235	0.100498	3.723493	3.62268	3.381578	0.193123	2.253156	6.092912	7.204437	2.406149	0.680716	1.191893	5.237491
7.372435	5.796209	8.839641	12.950493	1.079743	2.475073	5.282213	6.120223	8.214236	3.412861	2.629761	1.748678	0.889322	0.909542	1.021758	3.467872
0.467547	3.93207	2.716	8.810415	5.650218	4.165757	1.106403	2.529298	21.384431	2.015876	3.53304	1.520831	0.109232	0.923791	1.602663	1.597978
1.918344	0.280556	10.156521	7.982756	4.635546	4.591179	0.438996	0.323294	4.185392	0.680191	0.521231	5.958943	4.45815	5.218555	5.024005	3.599148
3.448003	1.975475	2.578818	2.00884	3.711493	8.075114	7.796144	0.656734	4.396864	2.305738	0.806581	6.43946	4.972597	4.731302	10.256276	7.776126
4.314834	2.280775	6.546701	10.790275	7.491622	4.132445	3.918116	2.052503	11.739032	3.6231	1.258041	3.721197	0.131017	7.343753	0.836594	5.976893
3.936059	10.227164	4.221435	5.38867	6.24863	12.451037	1.952454	3.233748	3.64089	6.993699	1.650619	0.968723	8.707772	8.309819	2.019171	8.992148
1.517318	1.097087	0.358536	0.155309	3.41617	2.053381	4.67618	1.428085	0.137925	2.409345	0.092761	5.52262	0.454261	1.109926	0.094591	5.213642
9.599084	3.759298	1.113954	0.711719	0.938351	0.14474	1.153977	13.451939	3.79932	1.907365	2.662494	0.68767	0.177518	8.211355	2.548797	2.588811
2.409633	3.151651	0.974118	0.721213	3.672371	1.939414	0.393501	1.016012	0.567739	4.161868	0.222219	5.442796	4.6031	2.597306	7.782642	7.254295
1.423307	3.264757	6.46506	3.361587	3.709426	3.801905	1.763177	0.145742	1.392254	0.32703	0.413016	1.962594	1.538808	1.673439	4.710428	2.21381
3.703608	0.213571	1.593916	1.035802	5.022113	4.967668	0.457913	2.595078	7.793185	1.616175	1.879129	1.122618	1.669519	0.014282	2.781524	1.660839
3.715241	4.894957	2.361631	8.34724	7.690719	14.748949	3.094964	2.014719	10.765873	2.494568	6.325758	20.769768	14.324841	4.45781	4.730954	28.291345
2.704203	3.351681	7.613186	9.870999	4.165393	1.781936	1.832146	2.319892	4.497629	0.741866	1.080818	0.891096	2.208057	2.764494	0.866771	0.615277
5.23411	2.202883	9.697416	5.946706	1.154883	2.682167	1.216482	2.762755	4.784783	3.872977	4.01201	6.374616	5.661956	7.742008	4.503081	5.318195
1.859378	0.120979	4.156421	0.200148	6.589145	2.764409	1.786788	0.932868	0.804359	6.009862	0.350986	5.847127	1.710269	2.580508	1.283902	2.701258
16.310594	3.853884	1.505123	9.178876	4.630854	12.962215	4.214918	7.469269	3.055433	4.310062	3.983148	0.305935	0.664537	5.997525	3.967356	3.315703
3.331935	3.545313	2.156012	3.252571	16.099378	5.757748	2.010636	1.233742	5.245884	0.343769	1.078721	2.999941	3.188606	0.183494	0.939956	0.704187
2.374178	1.823337	9.569002	5.864416	13.025541	6.066379	0.792	1.370142	1.321029	5.052891	0.036497	1.742933	1.537863	6.238904	1.223399	1.150884
2.383036	1.81309	7.397934	6.021437	6.581148	1.238188	1.736044	6.201771	15.391068	1.054648	4.361848	1.457741	3.286628	0.217493	0.317367	1.298755
10.384139	3.633002	7.049329	4.983185	16.070713	1.221313	0.397298	11.69248	16.448808	0.118283	7.5625	1.345712	3.291713	0.690003	4.2612	4.937117
16.476719	14.794018	15.260421	12.709453	27.514698	0.004313	1.866271	8.597433	7.062558	3.43762	4.291512	4.625474	5.598866	11.506438	0.519076	1.779573
0.203024	6.741655	2.219834	3.019603	3.226041	4.145373	0.602317	3.069253	4.278284	2.250704	3.882326	10.553394	0.751995	1.930823	0.299729	3.663669
3.472075	3.019783	4.982342	7.381749	4.331132	1.305309	0.502574	8.684697	5.11065	3.498705	1.194011	13.547243	1.076003	1.185156	3.448862	2.192794
11.809623	13.931534	15.05902	27.390724	5.427467	3.76395	8.026105	22.236675	18.895095	0.23525	6.042049	3.545267	5.050627	0.283737	5.619179	1.766878
7.173207	6.30602	10.383849	8.335926	0.58605	4.114269	0.950771	3.756171	10.026422	1.60929	3.898037	4.503055	1.92158	0.436674	0.82833	2.557664
9.897847	0.008458	10.44506	3.959165	1.435815	2.903095	1.215376	20.030815	23.72723	0.943416	17.151026	1.623612	1.518883	9.631728	3.738195	1.720689
0.679718	5.738189	6.075419	8.749591	8.862715	1.955596	1.129078	0.520502	4.936701	0.020149	0.573943	5.73251	2.807579	2.154419	2.691846	0.796143
2.279164	4.654024	12.952028	8.156904	2.745074	4.886613	10.247253	3.407911	5.683592	1.457507	3.885678	10.90625	1.029549	0.821179	1.079551	1.438198
1.015258	5.736042	1.931773	2.767877	2.45998	5.561123	0.15742	1.247628	0.805639	2.581761	0.493194	3.032671	2.759219	1.686415	2.038456	3.119339
0.378101	3.241564	12.387112	1.689974	2.411866	2.870591	0.487066	1.425253	1.115955	0.244751	0.39837	0.380554	2.779459	0.548719	0.471036	0.509972
21.258765	18.057364	11.989414	10.714922	19.050822	1.216607	3.143957	17.419046	4.752087	8.670991	1.282653	1.094765	2.682007	7.787936	1.831409	2.201033
3.501837	1.722947	15.42753	7.039692	1.936621	13.762759	4.89562	12.350001	17.396114	3.098216	5.116947	6.578165	4.57287	0.198738	2.789342	9.003395
0.386458	0.256967	0.857499	5.90084	2.224057	12.251747	10.467443	1.270673	3.973727	2.793142	0.797988	2.219439	3.968437	5.969891	2.207402	1.802929
4.553986	6.200933	3.61665	1.84156	8.099869	9.215603	3.739244	4.725016	17.763398	2.870962	8.33604	16.555203	4.280063	0.231968	1.954522	12.365168
0.018122	0.438627	3.714358	8.802545	3.147234	2.244086	2.947337	1.235804	1.069875	1.325977	1.492023	2.447296	1.440125	1.711035	0.82473	3.759253
4.194616	5.652926	1.007588	0.969155	1.690106	3.746729	2.803746	3.794106	6.546752	0.547811	1.778472	2.837872	6.217012	8.488452	5.493079	3.248141
9.042952	4.372077	13.376208	5.528759	0.354007	3.58983	0.459713	1.694324	3.891198	1.195195	0.899866	2.145534	2.159099	8.683047	8.882172	3.735525
0.449386	0.217007	0.998109	8.025659	20.50991	2.202622	3.291139	1.021545	0.364981	8.123036	0.613711	1.620434	5.564413	1.787499	3.255233	0.290526
2.255337	2.104122	5.810723	4.662357	0.082246	4.661204	9.549659	5.091448	6.610923	0.481316	3.061844	1.46393	2.180464	2.490925	5.173139	7.01588
2.731344	3.166213	1.498483	2.278522	2.952611	3.709517	0.295936	1.292704	6.351871	0.068495	0.569273	3.745297	4.281941	0.557109	3.615208	7.602063
1.697168	1.001423	3.548785	7.224275	12.06528	0.149111	7.453624	1.763518	1.70721	2.434339	0.252716	3.315826	3.736977	12.016173	1.17707	0.675343
2.964011	2.213373	1.790721	0.610382	7.541327	1.37495	1.543826	3.433359	2.471496	5.86651	1.393835	7.419933	1.633939	10.570888	4.321851	9.292879
1.92192	1.841331	0.457059	0.207795	6.635346	2.315679	0.897722	3.179001	5.116386	1.050523	3.365972	5.387737	4.212382	2.022407	1.579538	4.574471
3.309276	0.620242	4.891107	6.399511	1.142111	17.442253	1.442979	0.75288	4.549608	0.551437	1.5863	6.448992	0.285153	4.184426	7.133124	3.678681
0.175275	5.032653	5.281176	4.361712	7.657835	4.509677	0.068666	1.499447	5.897156	6.08474	0.302757	1.334813	6.525075	3.262074	0.107322	8.201133
3.485671	4.092631	0.224311	1.396049	0.91724	10.389247	5.06631	5.14255	5.254391	12.314713	0.550809	4.378408	2.283998	0.499683	14.670983	4.016007
1.454911	0.813838	5.430969	4.358875	0.507857	0.894926	1.314012	1.638849	7.062326	1.482832	3.551594	2.94023	3.161946	5.496776	6.320446	1.010424
0.192628	1.667005	9.168809	3.913724	1.427916	5.995449	0.863098	2.72989	2.82486	2.820662	0.296423	0.618886	5.356546	0.288492	1.451474	0.765684
2.286577	5.875244	2.458917	1.157896	0.792012	3.348327	4.981152	0.757316	1.318209	3.907777	0.654961	0.200742	0.693311	2.882839	3.543611	2.50134
0.0473	0.746168	15.504278	2.130518	1.147399	9.031637	7.153642	1.304226	31.845269	1.424167	6.359896	3.244018	3.29247	5.590035	0.475388	0.69832
1.54805	1.495036	2.146316	4.498961	1.629368	4.220293	2.037847	1.574043	3.231607	0.910017	1.786489	0.803949	3.535448	0.316214	1.264609	0.655499
4.072792	3.98303	0.582427	8.541556	3.561956	3.047718	1.440934	5.403612	12.707288	4.489005	7.304381	10.451974	1.123773	3.371024	4.311716	3.380367
0.284332	0.834266	10.752447	11.186628	11.259633	5.617579	2.02359	3.77169	10.387212	4.92417	6.515883	3.334383	4.988878	10.99727	2.087397	5.910973
1.220486	0.418249	3.73894	3.562321	3.395386	5.301684	5.030961	4.041892	10.108081	1.96775	4.950454	1.378628	3.766133	2.143101	0.709589	0.632308
3.51244	0.010139	1.138591	1.643399	4.033472	7.026194	3.379748	4.398348	4.398667	0.902779	2.247566	0.904552	4.948734	6.268747	2.276355	0.210565
8.397651	5.503694	19.919236	19.301805	6.706979	0.454955	3.744393	13.587239	8.913996	1.192813	4.936273	2.653496	2.726409	6.371568	4.811741	0.879568
7.966585	1.446816	1.285992	1.762966	8.981619	4.415175	2.132412	2.560716	14.413016	3.23077	7.9489	4.787501	4.186519	3.029536	0.62787	5.084094
0.136327	0.717804	1.516924	2.943924	3.56725	7.697251	2.938416	1.935478	1.123727	3.503335	0.588971	5.226937	10.330111	3.1453	0.549096	2.722063
0.44212	0.825525	5.507484	3.920476	1.553099	3.804484	1.765212	4.880247	2.127139	3.731713	1.681752	0.040148	1.523838	1.113413	2.020548	0.363119
2.13456	1.697495	1.838859	1.361358	2.461333	2.11536	6.730639	2.730106	1.029502	2.25954	0.534154	1.244223	0.542581	7.611999	0.946276	2.283242
2.103879	0.981165	1.90766	1.564156	0.133886	5.237751	2.740576	1.658565	2.762701	0.064058	4.903036	2.659072	2.21921	2.400452	1.379714	2.390117
4.046554	2.611009	0.105205	3.735117	5.905114	2.154903	1.878165	1.84218	7.322623	2.762497	1.394131	4.457501	4.028587	6.093303	5.004716	6.518539
1.251089	6.671049	7.031522	3.733682	3.17618	18.076836	3.141617	1.16122	16.914066	0.253528	3.901022	0.709018	4.378457	0.779189	1.345222	5.692696
6.709428	17.877213	20.074029	28.861835	41.345379	8.526597	5.250526	25.003994	26.577458	15.737725	0.819236	19.360766	2.022521	6.24716	1.984461	12.989235
1.049341	2.225812	7.204616	2.633302	3.507083	3.72982	1.277058	0.882416	2.4662	1.57511	4.771263	1.500267	2.215893	2.895758	1.698537	1.432934
5.017557	0.101801	2.425119	0.485422	0.632989	3.138099	0.70918	5.191502	4.022021	1.133741	0.994937	0.447988	0.240979	0.340943	2.658492	0.583157
0.592707	1.707248	5.320916	0.424774	0.88945	0.982458	0.716058	0.013853	2.178704	0.397762	0.037038	1.907061	0.252237	0.013467	2.729757	1.746942
1.959336	2.198721	1.364862	3.187213	6.116761	5.05445	1.035223	5.016931	7.579913	0.539568	2.206071	2.098609	1.410995	1.705175	3.127628	2.037577
8.359555	20.809445	0.76043	3.174611	20.612969	3.60039	4.262921	3.775078	12.651607	0.699397	2.03382	26.11249	1.452593	0.40388	1.325816	15.395753
0.849788	1.163508	6.751244	11.220858	1.525643	7.145544	0.093337	15.982267	33.335928	0.295684	3.655603	2.033973	0.140619	4.975088	1.19073	0.994723
1.704353	1.497334	1.890142	2.463388	15.70293	3.641753	1.941695	0.435632	3.365538	3.76712	1.092161	1.159348	8.16025	5.820928	2.752933	3.441391
2.504274	2.074053	7.928526	7.656777	4.101619	3.25915	4.9772	0.746195	4.451418	10.370804	1.958635	1.152459	0.323683	2.189159	1.734886	1.146859
3.533508	4.631479	14.483923	7.938707	0.41633	5.770057	3.076838	12.044535	26.556907	6.648341	11.981047	1.308417	1.065216	6.067	9.508561	1.82826
4.377722	2.606104	2.929831	1.820415	4.00275	4.26947	7.045794	0.713535	2.632899	1.461248	2.23514	0.851615	0.454141	3.007453	2.492762	5.695186
5.106567	1.41701	4.493026	7.372115	12.787607	3.751748	0.36694	3.861684	10.563971	3.088252	3.464629	0.782971	0.587654	4.483824	2.969842	0.46458
1.446804	4.505776	3.29062	2.009912	2.003171	3.730785	0.858365	0.361282	0.986341	1.018365	4.214402	2.684127	1.099092	4.168276	0.634533	0.158926
0.428408	9.961399	9.993129	4.352981	3.122689	0.511757	0.618879	0.281759	5.971896	3.512138	1.170101	0.83339	2.143045	12.940062	0.602649	2.507658
1.449082	3.042746	2.503802	1.633124	2.661372	4.351414	0.154768	0.129992	0.604743	1.093775	2.222678	2.548141	0.15746	0.494673	0.063047	2.312021
4.941361	1.171235	2.767549	8.124174	2.796073	1.098238	1.337582	9.111768	19.257119	0.852244	7.17425	1.378406	0.532008	0.288605	0.951718	3.480172
1.074725	3.694116	1.695397	0.528376	1.014703	0.142367	0.294922	0.231315	0.542423	0.899694	1.653519	0.100953	0.135263	3.677926	0.522414	0.051754
0.351143	1.36178	9.173898	6.794967	0.784564	4.284944	1.230762	0.348442	6.649496	2.606406	2.79486	4.767633	1.02559	0.044378	3.663077	4.377447
4.580725	0.437588	5.491687	3.469563	1.111067	2.07484	0.65797	2.348165	3.777166	0.72853	0.124601	7.237126	3.978438	2.156397	2.929836	3.0897
1.421122	0.274944	2.61086	2.892148	0.147994	6.2766	0.654168	2.482818	7.451418	2.859335	2.239454	0.826015	4.520327	0.695514	2.646867	0.186192
7.726135	4.374015	18.945948	2.228832	0.67154	11.300958	5.1595	11.463336	21.630699	4.388504	1.795752	5.132162	2.115437	1.219606	0.865891	10.118145
1.908571	1.060493	2.758635	5.698403	0.530993	2.43877	1.721998	1.598366	4.198973	0.260444	1.265262	5.701137	1.053192	0.795448	1.556341	3.55181
2.378528	7.566754	2.657793	4.87586	6.275991	13.855412	1.15541	0.223564	13.37686	0.130734	2.458274	2.005288	10.167196	0.491137	2.347449	2.213332
1.940947	10.747922	2.1575	0.648114	1.988458	10.174315	8.577764	1.387488	0.796206	1.052506	0.230134	1.984121	5.474411	3.911049	2.187466	3.609328
2.384244	2.388384	0.938765	6.737656	9.856882	3.105321	15.005221	0.931034	1.893943	5.541523	0.162819	4.281013	0.895912	2.398208	0.718186	6.622966
5.078305	5.209429	0.219208	0.600438	3.219512	2.106959	9.714455	2.397015	2.983045	0.476418	0.913826	3.55422	3.73392	3.546916	2.490745	4.231223
0.363954	4.974616	2.878042	3.165913	18.156051	12.185788	2.800118	0.249121	6.58683	0.684769	1.301045	7.160623	1.493834	13.795576	0.705358	13.582809
0.310973	2.474318	2.369455	4.366203	3.406947	5.915959	0.763621	0.984674	4.464691	2.342144	4.419615	2.861607	4.300916	2.102869	2.754647	8.658052
1.975737	2.166641	15.183598	21.182381	0.037759	2.591068	1.818663	5.575802	5.837121	2.285621	1.206995	6.002414	7.959065	0.892371	0.621612	1.673299
1.168186	0.733013	1.664653	0.137659	3.825426	1.750588	0.218202	2.386422	8.066477	3.271896	5.152887	5.954282	1.616373	2.612416	1.312615	0.995067
4.167734	0.63968	7.284111	26.527884	10.290025	14.039867	2.026486	1.584079	16.831814	2.529018	6.361433	2.258743	4.246276	8.146204	1.554556	0.809188
1.082391	0.077122	4.622618	11.414443	1.231318	1.219269	0.127747	1.830041	11.59786	1.411407	1.396164	0.602577	0.099664	0.822949	0.903709	1.139443
0.067198	13.492661	12.601544	4.388268	7.560405	1.008829	0.566823	0.467086	4.34447	1.502453	1.567073	0.264248	3.996912	0.116105	0.556166	0.025973
0.553781	0.33981	3.847384	2.021034	1.104556	8.786963	1.469959	0.571546	4.013193	2.669988	1.640528	1.009287	2.801669	0.087299	1.198541	1.609089
10.755044	13.958403	11.567595	9.061785	13.68259	4.498811	6.607001	7.610731	7.101719	2.990307	0.93092	5.554572	3.064965	0.035694	1.829086	1.761958
2.975142	1.151151	2.603087	6.690466	6.006614	1.538168	0.732654	2.003982	0.694626	1.157066	0.147747	0.181512	0.132115	7.822775	2.473158	0.894153
0.733659	12.772746	0.156313	3.645847	0.398765	0.800782	5.422095	0.602079	2.23716	1.468627	0.935872	4.993433	0.599778	9.808754	0.310857	5.486178
0.090917	0.25513	0.191643	6.141233	6.09133	3.196265	0.083261	1.912911	4.418026	1.114339	1.722355	1.708224	1.466192	3.368056	2.914258	1.646691
3.239084	2.511852	8.617533	3.653379	11.93666	15.684287	4.353963	3.274711	9.725038	1.679405	8.499889	6.731024	0.154132	1.511375	4.36361	0.884594
0.305308	3.719839	2.34869	1.698827	5.899721	0.51512	2.092541	1.890919	2.669296	1.21048	2.232233	1.366519	3.908565	1.462027	4.487156	0.392814
2.259917	0.789954	1.359027	5.841166	18.592406	4.519611	3.656496	0.757826	2.183131	1.734036	0.359098	0.126654	0.960025	0.581842	1.592788	0.660242
2.300878	2.388054	0.441945	0.639338	16.776878	16.233591	1.45012	2.440531	2.120646	1.784	4.277934	6.92273	0.108083	2.957101	2.862874	4.829269
7.163417	7.713608	10.843081	19.454129	9.942799	6.508307	4.489765	14.168301	5.825103	7.078881	1.773086	5.555436	5.233489	0.257771	5.389208	0.529282
1.547846	1.617744	1.677001	0.272103	2.47697	6.761594	0.93341	2.190705	4.042486	4.599169	0.633205	7.957973	9.057183	1.27212	0.403596	3.38213
0.800562	1.171424	5.171957	7.039163	7.18258	7.001804	0.753928	0.05723	2.029866	15.062681	2.228933	0.289522	0.304148	11.905247	2.290326	4.140045
2.70172	1.954338	4.057375	4.828289	1.691922	0.04341	0.166365	0.749487	2.511646	0.088822	1.215496	5.570488	1.363495	2.439821	0.362578	0.277446
2.32888	1.962467	2.209972	2.285208	9.403826	4.620988	0.308958	5.785717	9.823696	2.063096	4.386506	1.571114	2.468437	0.436404	1.849059	0.827892
1.362236	4.082462	7.760056	5.060535	1.816019	3.795747	3.785379	2.053063	10.753588	0.112114	2.704971	3.523867	0.158297	6.701868	1.588822	2.576046
0.767437	0.549044	13.705549	10.637039	2.226505	10.671652	7.553472	0.0661	10.595167	2.864581	1.204851	0.802863	3.415888	2.275857	3.674887	0.225259
4.877453	0.21563	11.789348	10.132749	5.292816	0.566253	0.845294	5.159486	8.707533	1.368831	6.876547	0.18519	2.584425	2.483284	0.306107	0.870458
1.899154	2.812199	2.134138	3.179084	12.483603	5.979704	0.235499	2.139924	6.981669	2.129065	1.073052	5.820232	1.152136	7.317563	2.971288	3.46178
1.928569	7.787285	12.84582	20.944437	22.081233	5.764082	3.242996	2.170749	1.746819	0.256845	1.900174	1.076315	5.334082	5.5639	1.601869	0.066697
6.195278	8.400284	22.923187	5.852178	10.014718	8.9806	1.599855	7.120543	16.815303	10.842002	2.639738	6.944757	9.307444	12.052604	0.286338	2.505064
5.293557	6.007081	12.703689	18.051329	6.441699	3.679029	0.447648	2.487681	4.853401	4.697263	4.027772	5.221017	4.688666	1.543232	0.369532	7.260715
5.233368	1.400546	10.108814	4.999423	1.507132	1.86608	2.058991	2.008348	0.021609	0.090082	0.876218	2.206107	0.553041	1.191519	8.308801	2.780327
1.359531	1.797142	5.433202	9.710434	4.381	2.298996	1.027854	0.395003	5.695104	1.52255	6.230092	1.480546	0.5937	1.688119	2.014965	0.138452
4.3065	0.219402	1.654304	0.597514	0.19986	2.805916	1.341031	6.164984	0.384727	1.292049	2.125324	1.226136	0.575227	0.606908	2.645759	0.216381
3.662388	0.42311	1.465295	2.17098	5.355707	5.380274	4.986619	9.0694	17.359413	1.133098	7.554203	2.927248	11.87808	4.291508	1.4754	1.171846
1.189108	1.643397	11.017587	3.868342	0.812129	15.683947	0.293707	1.1922	11.115211	4.408778	2.529768	4.923253	0.498164	1.659438	5.818015	3.799035
0.54201	7.510398	2.097545	7.770977	3.63372	6.467427	3.311142	0.315442	1.738189	8.3199	2.053606	12.575317	3.552227	9.988559	3.117668	4.2859
1.261166	4.720899	6.033923	3.085004	5.315103	0.564681	1.08897	4.542266	9.440034	3.074375	3.996529	3.170418	2.547155	5.675776	5.623035	0.550712
1.882052	3.314871	4.179497	5.983757	16.82005	1.299116	0.033075	3.773502	6.137562	1.233505	0.881396	6.230117	0.910714	2.492338	0.281695	0.333695
0.071871	3.1967	3.233089	2.983484	1.665931	1.849359	0.279906	0.295491	10.71506	3.450952	3.170134	6.808614	6.223672	3.491614	3.426651	0.510688
4.599552	7.318888	4.099839	0.591561	8.30651	0.226036	1.110393	0.590279	0.774537	6.646514	1.179645	9.383283	7.937167	6.684609	1.218613	1.536497
0.078526	4.200207	5.242149	1.221513	2.954172	3.746176	1.807105	0.222996	0.783283	1.462005	0.076016	1.02062	1.912591	0.340592	0.656438	0.045739
9.79656	3.890756	1.717364	5.005982	3.399796	2.094572	1.339241	5.29182	4.243915	0.999521	1.860378	4.002208	0.802758	12.075859	1.04598	1.538445
0.256542	0.330672	0.991563	2.186824	1.394927	3.842978	2.780514	1.122874	17.750185	8.698021	5.486943	8.908571	0.936069	12.43644	0.642112	4.246684
7.098159	7.905637	0.892473	1.13516	4.288771	3.041159	1.796247	4.307247	5.861216	0.844066	1.034923	12.303306	6.593913	17.047225	1.553054	10.140063
5.618605	1.930629	0.747992	4.098421	3.473851	3.993576	0.014225	5.229353	0.307984	0.256064	0.7607	0.384581	1.146252	1.669897	1.462673	0.166711
4.029272	7.906465	12.246796	20.222682	9.810681	4.215373	0.014169	10.657673	2.968175	6.16539	4.488278	5.268327	0.990648	0.839154	0.723452	0.940386
5.190375	11.817358	10.216518	15.3276	3.191081	6.755963	3.216554	11.672453	7.644696	3.328558	0.724245	1.456516	0.267187	2.517916	13.180529	6.470161
10.576186	10.359383	27.093848	19.548706	10.302671	12.761133	1.377853	2.782071	12.524977	0.818322	7.631631	0.9224	14.482068	2.338973	3.125011	0.420887
0.598107	1.46892	12.3217	10.921297	0.002498	3.897391	0.40702	0.043912	1.66126	1.359795	4.821547	2.733429	3.784277	0.146526	0.699571	0.455649
4.220828	1.913926	12.652206	5.099111	8.715238	4.117897	1.04765	0.394204	7.749223	0.106839	8.747029	4.701008	4.822075	1.993715	1.246512	1.987587
0.238066	2.414973	1.286378	1.54189	1.837525	0.751945	3.946698	0.127494	1.795075	0.008939	1.009191	1.140929	1.036688	2.172274	0.806844	0.276205
0.634167	1.477874	2.004015	2.355624	1.618154	4.366505	8.927509	0.584747	8.799001	1.656502	1.704354	11.678717	1.408193	14.904369	6.148113	9.188676
3.311028	2.225296	2.616733	0.038465	0.922512	1.835833	0.327413	3.003052	0.948791	2.743955	0.226715	2.167138	1.97133	2.332916	0.810278	3.69247
0.328959	2.770575	4.145139	1.886699	8.155052	1.588214	0.1989	0.035574	1.816503	0.074243	0.504073	1.718928	8.517038	11.652552	0.552824	2.642562
3.300265	2.456452	0.391885	4.343333	2.987583	6.76732	1.622152	1.003725	2.508487	0.998956	0.36407	5.126789	4.225352	11.497051	2.961771	3.891104
2.063631	0.466562	1.040049	1.408703	4.730833	9.557791	3.434432	2.519962	5.722858	0.93701	5.429637	3.822653	1.233487	1.884997	2.215092	3.412011
2.23328	0.624964	5.009015	4.533772	0.727727	5.95238	2.527298	3.504352	2.378997	4.024542	1.160455	5.506491	1.548571	2.356526	5.711319	8.677047
1.851075	7.806002	2.905434	3.683838	15.584069	1.389779	0.662001	0.296006	1.875616	2.862057	0.281951	7.028127	1.352396	2.157597	2.787414	5.454418
0.988171	8.22004	4.47094	7.464602	3.320951	1.935404	0.896745	4.504718	7.023801	3.573762	4.823333	6.755638	4.652247	18.73367	0.043303	4.784962
1.820855	2.303245	4.45701	0.294739	0.879402	7.734761	0.126264	0.33675	8.138826	1.796795	2.74421	1.237821	0.857684	1.369877	1.544342	0.827157
1.319104	1.006084	4.216412	2.705677	3.919078	6.189248	3.784912	1.686477	3.099893	2.46204	2.244234	1.799661	0.569879	3.608212	0.466936	0.276986
0.449664	1.42773	2.869332	4.060702	0.201758	3.187433	1.789482	0.464852	4.229587	2.866658	1.842703	0.930955	0.228802	0.373079	3.700535	2.493533
7.729936	7.34884	21.426662	18.664573	11.143974	4.273061	1.285307	14.245154	16.55269	3.989767	10.902355	4.344378	2.37837	5.826558	4.168973	0.505717
2.8403	8.975691	2.900193	7.501557	8.113007	3.599106	5.785306	3.529993	6.79039	1.419317	4.057917	7.907787	2.941125	3.910038	0.229467	6.461083
1.473223	1.471544	0.090559	1.580919	5.998062	0.159852	2.947206	1.881195	1.765462	2.737884	1.131579	1.293407	1.12144	1.502675	1.178739	1.386727
1.377053	3.946915	7.514064	4.87593	0.513677	13.098282	1.656178	2.5556	7.79686	0.870327	1.542314	4.372343	0.78118	1.894545	3.970553	2.273521
0.159007	1.214799	0.035828	4.293804	3.273171	1.967261	0.591047	0.133149	5.501917	3.879419	0.036442	0.295428	2.015376	2.658877	1.06638	0.078136
0.815974	1.669915	7.528123	6.138448	14.21209	3.898461	0.441977	1.07457	6.499069	0.28197	0.219822	2.62143	3.947483	12.048571	0.008162	0.325259
