SalVentAttnB-ContA	SalVentAttnB-ContB	SalVentAttnB-ContC	SalVentAttnB-DefaultA	SalVentAttnB-DefaultB	SalVentAttnB-DefaultC	SalVentAttnB-DorsAttnA	SalVentAttnB-DorsAttnB	SalVentAttnB-LimbicA	SalVentAttnB-LimbicB	SalVentAttnB-SalVentAttnA	SalVentAttnB-SomMotA	SalVentAttnB-SomMotB	SalVentAttnB-TempPar	SalVentAttnB-VisCent	SalVentAttnB-VisPeri
0.846906	1.729945	2.014945	3.512499	6.237484	7.624948	3.70176	6.180521	10.242007	13.181828	10.922776	2.850473	1.190117	2.80119	1.130179	4.627041
1.589157	1.431835	0.874607	1.137273	0.382865	3.507088	3.099407	4.14726	12.098913	11.893888	1.514398	3.795914	1.012057	2.976681	0.373369	0.081542
0.617091	3.345236	5.895297	9.357013	4.781767	7.174566	1.279235	1.885127	4.599504	23.421789	17.711486	9.430445	0.569981	1.64647	0.219865	3.560392
4.132034	1.250657	0.481875	0.141916	1.784487	2.180263	4.179059	2.188345	20.905362	25.952046	0.511245	10.555755	1.789443	3.975066	1.056921	1.116025
13.963427	11.308243	4.818284	2.354106	0.502392	0.705745	7.54133	0.924	10.690574	42.913307	7.388244	8.319007	8.964005	0.023122	0.679218	0.19611
5.096297	0.25079	8.040897	5.480108	3.455502	0.685065	1.332043	1.140406	10.960365	24.279887	7.809361	5.760113	0.610781	4.698941	1.087729	6.38008
11.667924	9.904918	5.149726	34.837192	25.865491	1.964511	6.324527	10.493027	23.58479	110.880316	6.048949	25.442773	14.04078	5.049236	6.975326	10.544512
1.902007	0.261459	24.757266	3.488587	1.596292	0.241559	6.419169	0.934184	5.179872	18.065547	6.762619	0.464899	2.401604	0.985457	5.151607	3.233708
2.585081	2.446705	11.618317	2.688511	1.209424	0.030063	1.246921	1.415448	8.428312	0.220513	1.496151	2.789747	2.381934	2.264641	3.017604	1.669198
4.182288	1.875411	0.392674	2.181588	0.614638	0.370566	0.962222	0.030256	10.429485	22.017356	15.648702	0.345104	0.670101	1.248333	0.006227	1.254572
1.379152	1.61189	0.071826	1.890339	0.263704	5.15402	2.487494	0.435717	8.873771	11.490154	0.092567	5.08233	0.004336	0.837363	1.018236	2.734598
16.958687	2.794271	13.302454	9.932023	7.695673	4.666515	1.107907	3.211735	19.56175	55.024679	9.73707	12.502678	8.466667	0.353882	0.07715	8.020633
0.20756	1.096958	7.640564	1.80179	0.188081	1.093744	4.60536	4.74665	4.012256	25.706461	4.033969	6.399807	0.345855	0.977633	0.283288	2.175787
15.409002	8.521355	24.03163	25.909804	15.139017	8.51107	4.466722	0.374362	12.549632	37.249062	9.909763	10.085904	2.518892	1.487677	6.62654	0.679207
8.607512	1.076345	16.552379	16.178933	6.581421	0.946965	4.739459	4.269651	14.84768	47.743094	26.912025	0.334474	2.259198	3.407128	0.297486	1.068958
13.978013	18.785837	7.260358	14.977578	2.896407	0.795321	0.14212	1.592494	14.447364	34.907402	9.68367	7.716451	4.422165	1.966655	0.005274	9.191358
6.323507	3.147975	5.974421	2.223751	1.494427	1.735316	0.884129	0.731256	11.045722	31.227208	8.829954	2.147116	0.108204	1.956394	1.511323	2.160769
1.044542	0.663789	3.865627	3.671654	2.730296	0.083291	2.086659	3.15243	1.806885	2.002689	3.328896	1.409556	1.428058	0.142819	0.396034	0.938171
6.370171	3.755295	0.365104	4.458868	6.204196	2.810115	0.91904	0.370649	10.596502	25.414241	0.37454	4.102499	0.217267	0.99819	0.62272	3.761205
18.623115	6.56123	1.524439	5.373159	7.23265	0.809868	2.157538	7.203539	15.716506	46.965443	3.73348	23.260862	5.316962	5.369544	3.398964	10.772795
1.086343	8.596675	14.936331	13.96066	12.898553	4.71272	0.987351	2.16668	15.562898	21.148804	17.075363	2.58182	2.244179	7.104097	5.549443	5.681173
12.005682	14.235121	5.315906	9.146552	5.132257	3.684915	1.738895	11.270407	21.825958	46.431249	3.25999	39.83044	0.414877	0.067428	9.349582	13.930172
17.777292	2.855447	30.880234	33.01751	26.328736	1.978746	1.142793	12.584339	40.632107	48.388861	30.876452	4.316368	3.847275	12.766228	18.154293	2.426436
0.427586	0.233991	3.503419	2.154608	2.997222	0.887485	5.170729	1.029965	8.471165	26.996661	15.445014	6.521215	1.399894	1.987559	1.054939	4.942995
1.180469	5.923401	7.045253	9.265315	4.424867	6.752169	4.304136	0.077357	8.9696	8.270138	15.886743	3.652594	5.189031	4.047009	0.618575	3.720571
1.768221	0.57544	3.259318	2.49317	2.440807	3.275338	1.232522	1.272141	2.334844	15.187549	3.368124	3.059942	0.515947	1.494082	0.146454	3.287223
16.022212	3.554524	3.241555	5.023694	11.998527	0.050631	2.350253	0.193675	22.456882	70.345547	12.090453	19.021681	1.138636	0.558392	2.457549	0.645603
1.939004	2.647674	5.658761	0.935285	0.270274	4.330939	0.783757	4.796778	2.94186	33.907073	10.571397	6.572969	1.605496	0.716894	2.072018	5.335058
3.522267	0.405281	5.906562	3.780759	1.622561	0.727821	0.282183	0.745744	15.320507	35.569894	5.045606	10.2948	0.459136	6.306578	7.022729	15.137722
0.36649	2.795611	11.669627	16.660988	6.580823	1.392284	3.555469	2.981404	6.499652	46.506869	16.280016	2.31114	1.631431	7.344303	3.225511	0.332173
8.885582	2.401091	16.452541	12.668998	13.231486	0.614642	21.356507	21.340204	48.499328	25.591366	38.066287	1.731176	24.218378	12.722258	5.216059	1.63809
8.207654	2.984533	7.665864	10.470428	12.640456	2.966872	3.921368	3.593717	17.043045	32.729335	32.890745	3.409642	5.527716	6.126244	8.075917	2.867341
5.758312	3.590432	0.861665	2.351271	2.507267	0.453954	1.757873	1.841966	18.35989	27.393935	2.856765	2.070134	1.149907	2.151923	1.102694	0.502459
1.842181	11.476958	5.124481	3.448717	6.106171	1.825038	7.551423	13.972023	1.88061	9.205181	18.204311	14.327977	0.519181	5.363096	3.497606	17.652903
1.677481	2.918202	6.550749	2.468977	0.104106	1.548178	10.366025	1.062048	8.053264	26.841801	4.89344	12.208744	9.235212	0.728601	0.874761	1.279068
19.801772	2.359513	8.041657	1.534255	0.131768	1.81632	0.124161	2.616526	34.31408	24.026307	21.137336	5.682244	3.242911	0.987509	2.577455	1.905221
2.100295	0.313587	0.54586	0.14294	0.123334	0.386116	5.816304	0.31332	11.729403	44.787839	9.64459	6.777621	7.734798	0.270374	1.159849	6.005573
2.874683	0.89878	1.708892	3.721142	2.27632	0.921494	0.497737	0.199816	9.11677	9.928521	3.476199	3.236637	0.021166	0.259836	1.265798	1.216257
4.741023	0.556181	5.361279	7.503435	2.431288	0.568741	1.17853	1.944126	2.466425	19.238386	2.59565	0.731042	1.463453	3.61182	3.74768	1.570864
2.943293	2.656676	0.719967	0.056333	1.771738	1.949999	4.955604	0.831583	1.95031	9.858678	9.624372	4.87661	0.579168	2.406115	1.66824	4.129668
1.419998	0.003412	3.483404	0.543303	3.149051	0.72185	0.803963	4.64599	1.562931	5.271076	20.729867	0.492698	0.680221	3.995154	2.120707	0.174705
14.31996	13.500477	1.609919	4.446125	3.396323	0.150027	4.348775	3.741077	19.395774	14.282678	1.928952	11.134009	5.54123	4.34636	7.44922	6.103875
4.188339	4.530833	5.245965	4.128382	1.410662	1.555069	2.128957	3.839359	1.979395	37.432379	8.160751	4.392122	0.103898	14.100884	10.801694	5.744727
3.927197	8.582874	0.716307	1.771309	3.653459	13.930354	2.443039	5.912518	12.583865	26.444953	2.912212	7.474522	0.673518	9.544675	1.470164	10.860386
4.762595	0.916474	2.319533	0.681125	3.558951	9.015487	5.474223	2.966508	5.373933	27.488805	11.396195	5.519876	3.70501	2.16289	0.172515	3.053514
3.117684	3.532318	0.091757	0.093101	8.46662	6.701541	1.211084	0.36469	5.272278	39.974832	10.11145	7.642858	1.407613	1.363949	0.018756	3.905292
0.097555	1.483192	1.027422	0.141016	0.277434	0.266891	1.317658	1.398259	4.985171	30.032352	9.537776	2.838241	0.75733	0.568533	3.28866	3.75937
22.765678	2.252363	2.619925	15.270624	0.758111	1.331565	1.422548	4.616244	43.643503	51.598931	13.000553	4.44897	1.3861	6.000613	1.540954	4.939197
8.266764	3.089466	4.737351	3.28951	0.968278	2.549851	3.507663	1.136457	10.528086	30.494201	12.31236	5.864587	1.529811	0.750205	1.681622	3.874545
16.517281	6.617897	5.515541	6.174593	6.712872	2.674874	2.651819	5.665841	20.416872	39.379402	5.529252	19.125432	8.820103	0.069176	9.257978	11.007917
3.410708	1.530866	14.208192	4.407026	0.433525	2.785635	4.353994	1.434747	11.517856	65.445895	12.821487	5.92095	1.555657	3.92425	8.198707	4.325025
11.741782	1.252783	10.146276	17.408041	7.236059	4.419789	0.999591	7.638801	19.941529	49.985636	6.342464	9.547585	4.37377	1.453902	1.086835	1.375932
1.849913	2.104082	8.101497	5.882777	1.50926	0.89768	3.061943	4.537233	6.340284	31.338322	3.362793	2.824122	3.204373	2.396361	0.777756	0.210911
6.532338	5.085322	6.39426	18.164909	3.737935	5.902099	4.308216	0.183205	12.888316	21.710647	2.089924	0.270772	1.640748	4.983981	1.199322	2.151282
7.307404	5.38279	7.284466	8.720672	0.565069	0.983747	5.793555	5.677153	21.678143	32.464934	9.163662	2.029821	0.563099	0.353956	7.169405	1.348075
0.984963	0.571725	3.079432	0.311378	0.705364	0.244644	0.42564	2.607564	4.158802	24.848569	7.825682	5.641467	2.454326	0.592095	1.582441	0.842932
12.978978	6.1678	2.756849	12.198875	5.512262	0.230301	0.437622	7.186515	18.562774	76.305125	1.433043	9.573697	1.885875	1.056775	5.067256	2.708798
9.907638	0.049999	10.446611	13.62384	1.415399	5.471779	0.138754	19.266283	14.079499	48.794895	10.379538	6.362487	1.632271	7.337376	1.341928	2.114166
8.404596	7.191012	9.807886	11.116472	6.379439	1.56934	4.037694	3.243694	23.890918	42.41697	0.648636	8.220658	2.503638	3.860346	0.902529	3.75199
3.9791	0.356616	5.386015	1.019001	3.702042	0.027667	1.312842	3.850566	17.707372	38.017564	16.302808	2.599108	1.457122	0.272679	2.90421	1.54688
4.934751	0.005192	0.700576	1.79691	7.419856	7.003869	2.199841	1.94447	9.888584	42.711606	8.455295	3.030876	10.568882	0.179279	1.417863	1.331286
0.694234	0.563938	0.74044	0.108746	2.604673	1.092131	4.458534	2.621661	7.383268	53.271471	3.432538	9.434572	8.578659	0.399269	0.392565	0.448962
18.388784	2.251358	7.736998	7.990229	4.906912	4.608761	0.793976	7.31769	19.677921	47.608093	12.101683	13.326226	0.738124	0.656514	0.621811	6.402633
5.580129	0.458218	10.466189	16.249741	8.14605	1.05309	1.131684	15.560198	20.776687	54.177925	6.053319	6.667594	0.305727	2.277718	0.78185	8.629812
7.157984	4.524136	1.66507	1.490707	0.389017	3.826565	2.737405	2.753419	17.562568	39.613851	7.040216	6.936597	1.788075	3.761921	0.427138	2.478957
4.261152	1.213591	2.007197	0.197318	0.711829	1.450797	5.417773	0.526679	9.219698	15.039932	3.42634	4.935992	0.304962	1.770431	4.83676	0.283542
6.170305	0.272627	0.289441	0.504282	0.832879	2.500416	0.14318	5.233287	18.163961	51.792654	9.471434	8.088725	0.190007	1.889606	1.554031	2.65077
3.304546	3.631878	9.624358	2.05748	4.656945	4.879482	4.919621	0.765323	9.808936	31.680981	4.110097	6.361155	3.954116	1.315715	1.328065	1.998823
0.047223	1.711761	0.497242	2.524691	1.481706	0.419481	2.123299	0.141347	0.175626	13.172575	0.430414	0.321292	0.281744	2.333068	1.74994	1.69466
4.227154	1.110435	6.334887	10.148277	1.424898	2.373779	1.257436	3.142491	9.286442	25.506853	3.954018	2.94568	1.801513	3.551001	4.414821	6.897797
1.227622	1.973039	3.569003	0.962974	0.864268	0.134765	1.109723	1.608239	5.13958	12.595923	9.486339	8.98689	0.367413	1.802962	9.156191	3.533251
3.174718	1.572788	1.812387	1.073048	0.952937	0.759918	1.000728	0.708769	4.257111	5.767736	3.652167	2.433572	2.175376	0.627921	0.031299	0.068786
17.347111	3.038056	2.377566	6.039527	0.531121	0.797655	4.940844	4.53168	29.305914	44.770292	2.533769	8.983234	1.808919	0.126922	6.547199	5.073103
13.878858	9.090928	3.010057	2.341307	4.025651	1.791928	1.270479	0.824959	15.626697	29.093437	4.886633	13.866956	0.365213	0.416571	2.351369	7.036165
0.093002	4.669842	5.200234	0.544542	1.009417	2.607926	8.596097	2.305131	2.191845	24.285351	3.524328	0.251964	0.242472	17.599017	0.421566	3.409897
2.573942	0.31022	2.120268	21.771242	0.273413	1.497443	1.909814	8.451957	22.353442	31.983799	18.533819	3.761388	0.854507	2.892594	0.404801	3.844946
4.560834	0.812228	0.510755	10.569101	5.895455	1.851305	0.396347	3.372262	13.557699	43.462713	4.96813	3.064242	0.364603	1.033997	1.65853	2.522169
14.18427	3.841843	18.175218	10.418599	9.306843	8.829937	3.658121	1.327686	14.421841	24.744068	9.339871	8.395892	6.903752	1.307922	9.218296	6.554381
27.134182	5.673301	8.004075	10.495701	14.98706	6.36684	2.032462	7.081162	30.173222	57.756068	6.228985	19.760854	3.30908	1.339448	2.157593	20.848133
3.412127	2.399247	7.871133	3.229548	0.975502	3.287799	0.399592	10.408242	8.81481	70.902841	9.281302	3.509042	1.007089	0.41067	0.2973	4.146026
25.570166	6.512223	21.148073	29.549073	19.200166	1.495371	0.182075	2.665392	15.731354	44.480648	13.648292	8.71885	4.022668	5.156104	3.545915	5.968136
0.689365	2.182396	10.378817	2.820194	0.199525	10.419107	1.261613	0.704906	1.944148	17.550206	2.246468	4.456603	2.317836	5.314197	0.609176	5.823288
3.766156	1.59302	1.142786	10.220159	1.763753	3.425074	1.097805	11.997765	10.171867	28.343962	5.693626	13.327486	1.39702	2.419651	1.355735	4.236081
0.718713	0.824053	6.668177	2.325513	1.241114	0.393276	0.098441	7.863682	8.352338	16.87395	13.244247	3.456573	0.914203	0.034232	0.719225	4.703714
4.264313	0.21441	0.946566	2.949484	5.757327	4.657693	4.288542	0.078778	6.844796	34.203071	1.009362	2.161382	1.57226	2.137002	3.193462	6.433149
0.398625	0.327859	2.240075	3.362297	1.96868	0.40903	0.211138	0.541531	8.08421	17.947373	10.771264	1.6537	0.156729	2.621681	4.837835	0.913457
7.675836	0.675602	5.17232	8.236562	4.464341	0.816268	1.417706	2.794812	11.099417	15.109411	1.449823	9.136178	2.146394	0.797592	3.413895	3.657553
20.204884	6.55423	20.105878	9.551499	2.558449	5.313995	0.119313	13.825634	39.587901	32.045539	17.468192	2.502024	1.524434	0.593071	7.397086	2.336493
10.672458	0.074344	5.91176	6.57428	4.245932	1.473233	0.873312	4.29552	19.415669	39.484833	12.679172	6.745732	2.589339	1.923896	2.391558	0.044622
23.662579	8.98987	29.947335	35.209284	24.165732	1.284982	2.84681	1.920882	41.720532	36.724506	3.082775	13.136314	16.22107	1.275318	8.228551	3.778071
10.242305	6.503135	4.099491	7.656662	7.428997	1.160139	1.363587	3.088538	7.721421	17.438192	1.490816	1.988123	0.706309	1.351852	0.157747	5.322761
1.552537	4.404599	1.430748	3.330364	0.260537	1.057865	0.672708	6.629125	11.14162	27.436077	6.097316	4.338186	2.976565	0.058374	0.237736	1.473531
0.809079	0.160093	0.401375	0.006032	1.054972	2.38226	2.464788	2.654136	5.028385	6.077571	4.358111	1.174885	2.301513	0.132849	0.728325	1.276268
9.261872	6.072612	3.253302	7.400683	5.997941	3.773168	0.181965	4.511079	7.576758	25.378126	9.47609	13.931967	1.225785	1.093732	0.668335	5.509247
7.600114	4.221443	24.991821	15.223797	6.220961	0.182231	4.588259	9.421781	28.791651	34.506457	3.197104	6.772982	3.340704	0.030596	6.772146	0.881897
11.572825	0.003559	2.344434	4.069925	3.676287	2.432847	0.650019	6.241439	9.195047	47.575544	12.839232	10.058301	1.729413	1.451762	0.400649	4.625163
16.075425	1.314986	0.290199	0.008723	1.578541	3.755842	0.368747	9.154859	11.043981	20.722314	3.217017	14.130892	3.940679	0.940638	1.439601	6.3512
3.386675	1.107695	5.41383	5.263479	3.011364	1.629626	3.075509	12.946451	5.600704	13.876787	7.388239	9.386361	3.187353	1.146688	0.857414	10.873514
0.687789	0.897242	7.079167	13.166119	8.890226	2.002966	0.268391	1.361599	0.766992	10.352657	4.219678	1.51754	0.864796	4.357099	0.95054	0.278221
14.169288	4.169513	4.170904	10.330808	9.183468	0.709899	0.466554	0.853746	24.69208	39.352706	1.932107	10.561263	0.16934	2.789696	0.027093	11.114109
4.661377	2.880559	0.197974	0.117422	0.829073	0.912696	0.282247	2.313739	3.471439	11.035877	7.20235	1.861493	1.531125	1.084867	0.314868	2.344189
3.230555	0.367757	2.325189	16.955808	6.452402	0.122232	0.447359	2.963451	4.636591	21.957432	10.707455	2.631648	0.791162	2.413956	1.446025	0.626204
0.818176	1.683725	7.578865	4.396504	2.078916	0.663018	0.976278	2.28653	2.428121	9.007469	12.001068	0.539936	0.661957	2.921212	0.032381	0.956742
0.800066	2.683255	0.13787	0.003705	0.325849	1.979491	4.108748	2.275596	5.144164	5.383202	7.185658	2.993301	8.357462	7.786451	5.543478	5.067704
9.190921	2.186082	6.226056	5.258389	0.779078	0.713683	1.44692	4.201314	37.45525	69.726492	16.466642	10.867613	1.572737	0.182256	1.758902	1.381604
0.950601	0.93315	0.735995	1.352744	3.345942	4.647076	5.857853	4.273198	2.02196	13.877091	2.776209	5.290856	4.102301	0.082233	0.668798	5.201862
5.82748	0.168631	2.631317	4.923354	0.441222	2.546691	0.429099	2.268767	7.090392	19.327657	9.414877	11.130557	2.55901	0.403513	4.573025	11.362012
7.270849	2.99332	7.527946	2.639049	1.443957	2.373623	0.546204	0.793539	2.123668	33.101489	1.964445	6.49428	4.626778	0.795828	0.373117	4.984256
16.810188	2.927265	8.57513	26.27833	2.679709	0.914188	1.785556	9.303179	35.921722	42.434253	2.961357	23.831125	1.459038	0.030584	1.152947	10.909299
20.980161	5.859783	7.33548	22.500992	4.743374	0.428576	1.788507	6.630461	34.870743	39.991371	10.23782	11.878609	4.978409	7.23051	1.382364	8.502113
6.63624	5.577013	1.680583	2.123469	5.853983	2.261342	1.83438	3.192281	12.263907	10.389114	5.434161	1.485396	3.328966	1.232696	6.785332	3.754003
22.018219	0.991269	5.767168	14.489063	6.287224	2.005534	2.760699	4.144427	16.306616	49.708505	3.085689	19.39008	9.929367	0.724546	6.780469	7.607858
3.147816	11.424318	1.026101	4.2904	5.464166	3.797114	7.18226	3.740758	0.620966	6.621788	7.8021	6.596173	7.726755	20.283172	2.975548	4.288762
3.645825	2.512328	1.604065	1.47927	1.911825	0.122214	0.493533	2.6412	7.037534	20.490335	11.694941	2.095822	0.176197	1.480177	1.072895	1.139397
0.701119	1.786164	10.325319	7.203669	3.455142	0.977753	0.073116	4.336787	6.622653	34.619929	3.299377	3.167984	1.049683	6.372979	0.052031	3.225981
10.456274	4.28036	2.545112	2.657644	4.384511	3.841501	1.621428	0.866048	4.541165	17.988359	15.410666	2.660285	1.83191	0.077664	1.397973	2.772015
2.010805	1.66173	7.169978	3.121306	4.000945	2.577534	2.516152	3.212755	7.620909	9.326677	1.577286	1.861369	3.269333	0.743914	0.171434	0.457992
12.975073	1.104778	1.149548	4.032827	2.13277	0.916435	0.728451	10.764587	14.128436	54.728146	15.249017	8.681287	1.783037	1.98832	1.967497	1.665191
17.627249	9.453192	5.792333	17.33208	14.634211	1.257169	0.272013	15.046424	25.045645	41.699142	14.623422	24.096589	4.611254	1.398227	4.079026	7.214859
4.890827	1.512184	0.609765	1.28331	3.702961	2.939351	0.792644	0.371963	16.444731	36.507302	10.217224	13.005722	2.001909	0.640023	2.960713	6.593033
2.916827	1.054047	1.205416	3.437745	0.711514	4.434176	1.899244	1.628332	3.05669	14.483732	4.850389	9.553159	2.884466	0.112284	2.094533	4.444927
9.786882	0.610175	2.276873	7.085043	6.358966	2.022839	3.650396	5.917146	17.338979	49.573312	11.768558	19.952721	3.734701	2.719452	1.207808	5.700109
3.150888	1.265872	1.232414	0.997515	1.649996	5.482116	1.40363	14.421356	9.899381	29.01841	3.806112	3.902805	1.916716	3.1342	0.80337	1.592785
3.751996	0.863101	5.598817	2.085641	0.848646	4.962179	0.3383	0.089831	6.740772	31.665392	17.771963	12.216932	1.309878	0.142894	6.539718	8.903709
8.727274	2.549188	8.451481	6.03711	1.769443	1.210842	1.40117	15.725007	10.792644	39.274626	11.932256	5.853624	1.074207	3.042668	1.980655	1.724052
9.029913	0.347456	0.00088	17.114056	6.150306	0.020718	0.624107	1.786104	7.416764	26.340703	6.233668	10.495757	7.696088	0.57787	4.926832	5.550074
2.239373	0.478591	1.463722	2.599596	1.821334	2.650385	3.754311	6.700053	0.689677	29.88054	12.013279	1.798347	0.786231	2.126366	0.600288	2.587415
3.487538	0.497505	4.465687	3.766946	4.882117	0.154207	0.001807	0.402895	7.556077	35.57576	10.401814	4.513724	0.358477	1.989507	1.079491	1.798124
5.90922	4.716307	4.889115	5.351923	10.763663	6.401346	1.460127	2.641344	17.289222	3.741055	6.389077	1.531817	0.11831	2.305914	0.73268	1.97083
2.344435	2.736311	10.653961	11.101183	13.39153	2.456206	3.101376	0.678504	7.105484	38.310976	9.73018	4.526254	0.76475	2.75816	0.605166	1.465857
4.173617	0.991765	0.301677	1.461364	1.089422	0.776486	1.198827	3.242924	2.944788	17.060353	6.681048	2.539574	1.971753	0.71915	0.324147	2.463037
12.6753	10.585382	12.024446	16.154148	11.937919	0.777522	1.006975	5.50327	15.836278	35.595176	6.99283	22.013521	3.213869	1.2282	0.511814	2.866085
8.915759	2.281689	24.569716	25.933017	5.483377	0.899005	1.007589	6.010452	22.905575	49.395687	34.163284	0.088283	0.406373	2.328666	12.226207	2.758263
5.908111	1.70094	0.087704	4.12381	0.229219	3.288385	1.40133	5.06806	6.417737	34.938328	10.418686	2.52034	3.629577	9.197685	3.690028	10.199175
19.733003	9.180731	6.250098	12.77891	8.948066	0.048755	0.500907	3.385616	26.101567	32.629763	0.413513	12.555188	2.769173	0.599381	1.131792	8.04868
0.570784	3.709311	2.950595	5.216795	1.451851	1.312182	0.352181	1.621596	2.644083	9.020942	0.183271	0.864146	0.885387	4.479589	0.460186	2.045139
0.47203	0.632539	3.215331	0.140387	4.901942	6.85824	0.091626	5.515416	3.693632	6.116209	6.894492	0.288832	2.199497	14.195539	0.399279	0.646452
14.68787	2.211389	3.741994	1.461136	0.170097	0.246787	4.927543	4.546816	12.065304	36.461489	0.076343	10.039505	0.385758	0.063755	1.747297	6.825725
10.561356	0.759128	7.336483	9.581576	2.712957	1.618065	4.968638	1.678688	15.813022	21.18729	1.831285	2.479506	0.515573	1.03875	3.843122	1.771013
9.353689	9.024714	6.340294	4.532145	12.919849	1.948334	0.011116	4.733253	6.866466	25.888185	33.923065	1.295348	1.009394	2.939608	2.309052	8.26425
4.391848	4.056125	6.66631	12.301279	8.014048	0.649416	0.087675	3.832661	4.924872	35.633933	33.990627	0.232492	2.532404	3.605704	0.371527	0.293181
16.707678	1.530988	20.294072	12.928147	20.046131	4.557206	4.260889	6.082812	34.67345	57.51093	21.057804	4.301882	2.160355	0.71305	0.615738	2.786288
13.834516	6.424138	1.811101	11.00046	6.992887	1.509462	4.973221	2.621146	11.331517	23.83153	2.024011	6.028896	3.698453	0.706157	1.918738	8.263906
9.660175	1.556895	0.527834	2.876795	0.323882	0.405864	1.216245	7.742029	2.510575	14.213074	2.684172	3.640906	0.526487	0.071735	1.446127	5.256696
15.091009	1.818383	14.872202	40.627455	6.382357	3.622227	0.949638	9.994979	39.773822	92.904489	25.798112	14.470658	1.063248	10.341875	0.555407	6.331115
18.627469	0.563914	3.124779	10.576504	17.884128	0.872943	1.949176	9.036984	20.568146	66.008991	5.782976	4.84788	3.519678	0.535107	1.188322	0.634612
1.779375	0.884805	8.523422	17.282953	1.271867	3.516118	1.95764	3.737214	9.206621	39.859914	18.029413	7.620925	2.864256	3.348068	1.911684	3.203708
8.860455	1.268789	20.281137	22.365366	10.547482	0.131381	0.656923	9.658286	25.441684	62.852809	0.957111	3.745368	2.871163	4.191508	3.521842	3.100474
0.00863	0.405293	0.468128	1.125912	0.096703	0.630614	1.434052	5.337157	2.153181	19.44753	3.818659	1.70285	0.94743	0.865877	0.016589	1.077801
2.004125	0.044171	7.032574	6.862784	3.556407	0.690088	3.73459	5.384699	12.432242	33.223909	11.611611	6.441772	0.494268	0.598494	0.897227	3.19197
4.74867	0.535969	3.824718	2.779922	0.514507	1.431272	1.249551	4.600467	1.824744	7.143208	4.990896	2.065856	0.539458	5.886649	2.957704	0.124986
5.533569	1.461524	0.967221	1.312938	3.647079	3.145329	1.271896	1.116961	14.335197	33.000598	4.086557	1.736934	2.512162	0.989209	1.763882	1.267668
14.136275	1.100032	1.073007	0.802469	2.066914	0.172576	0.613516	2.881209	14.161179	32.36207	15.78295	10.580851	1.531121	4.144308	1.373116	3.792131
16.231857	3.093895	9.357789	2.486574	0.690928	1.277782	0.130002	1.10589	33.217234	26.945744	2.512513	5.799081	0.382157	0.55796	0.019343	6.658209
1.159375	1.156919	0.680154	0.715012	3.101729	0.376094	3.995869	3.713106	6.294961	20.302851	19.307715	0.281787	1.420267	2.020066	0.254187	3.439782
7.147686	5.140692	0.393014	7.771591	1.535439	1.780625	2.100448	1.170313	17.638803	17.13391	9.089505	1.685286	5.139056	1.220453	3.908199	3.725447
2.986239	2.782536	1.53544	5.727914	13.677559	13.927721	3.195126	1.070869	9.111895	46.417295	1.464301	10.373098	0.424539	7.589652	4.117227	7.333629
4.389254	0.130558	1.888113	19.916997	6.62322	0.087639	2.406077	0.003875	14.030981	49.851487	1.907834	4.089385	1.208106	1.639464	0.409937	5.515201
5.311082	0.379668	7.840102	7.702618	2.630656	4.242563	1.496932	4.106744	26.981282	17.882348	1.571764	7.720452	4.543989	3.652685	3.796532	2.917743
15.1639	6.399627	6.072269	14.739506	5.574644	4.849776	2.568941	4.23134	21.322119	62.815707	16.067121	10.121229	1.778916	3.308719	2.184524	8.540384
7.392163	2.737894	0.412572	3.836875	2.312743	3.572545	3.443531	0.752649	5.796626	3.885647	4.329749	5.320084	1.465803	6.894433	1.040977	1.624922
5.911418	9.122076	0.68302	1.089814	0.820471	4.578257	0.620443	7.877525	10.614962	17.748019	13.635524	2.317877	2.881706	5.265111	2.058773	2.219466
9.623441	1.857701	2.200484	3.089097	0.804531	0.254999	1.87259	3.614278	14.465454	19.599785	11.443255	6.801884	0.120738	0.458225	0.359928	4.277292
9.850543	0.947754	2.222057	2.264877	0.76085	3.661838	2.851507	1.911169	21.737177	31.650138	0.90002	6.839231	0.725313	0.456671	3.424165	0.079998
0.415792	0.377037	5.967267	1.03155	8.115785	3.703425	0.965853	0.501482	10.56446	36.456657	8.026094	7.55488	1.861558	2.384266	0.668747	5.418392
15.133042	0.821369	0.628207	3.342868	1.806867	0.057811	10.816076	1.196994	6.853616	29.121182	0.978079	3.075736	4.446367	0.27537	3.931681	14.923186
7.249334	0.348719	5.043341	11.704721	5.319175	1.103567	4.244659	0.432693	27.892885	63.239981	16.676732	13.758394	1.252871	5.406007	0.81449	4.014519
6.188915	0.347951	6.319323	5.416981	1.993424	2.009824	1.238029	0.286662	21.124043	60.480593	8.844651	5.792926	1.440676	0.414374	4.68368	7.990045
3.315275	1.861103	1.567879	2.43135	1.215369	6.712919	3.492062	4.600255	14.27417	57.196543	4.885535	16.386033	1.471242	0.132923	1.32006	11.12571
11.241985	1.506586	20.70195	19.665853	14.365585	0.137109	8.437749	12.206353	28.308512	71.959479	17.670764	25.680199	9.049386	0.834961	11.115753	4.030987
6.276191	0.284562	6.176976	6.927616	4.852027	1.690869	0.040399	0.484577	5.931544	36.244971	8.942632	10.405842	0.712337	4.208252	0.782483	6.098571
16.957817	7.427282	16.137052	23.879142	14.391471	6.527858	7.49013	0.671757	28.458761	54.592371	3.56102	21.764487	1.890138	2.003478	1.919904	9.112549
0.996311	0.989299	1.3105	0.337197	0.12829	0.084045	2.685092	4.019832	2.848211	21.115139	1.628492	7.702142	0.870144	0.380006	1.208886	0.643652
6.53235	0.194376	3.336053	10.005516	1.748643	0.232533	0.347002	11.039598	9.143575	24.65223	10.06564	2.343167	0.249235	1.286264	0.87058	2.694736
1.528292	1.166771	1.555518	1.567295	0.682727	0.755589	5.199652	6.468021	3.115106	37.23088	2.797424	2.150087	1.877814	1.159375	0.825737	0.944785
11.683623	3.719602	5.275522	10.60058	10.498619	0.502316	1.414162	1.178298	24.164225	57.803868	7.913533	6.060967	0.966371	0.566012	4.394247	6.389727
6.144159	0.361161	1.056702	2.419196	1.407656	1.79783	1.376447	1.978785	17.79737	40.020111	5.948324	5.418784	1.200778	1.293005	6.330775	1.49538
2.513596	3.127833	10.498816	8.272299	4.499738	1.622525	1.966765	4.342287	18.745855	28.288147	6.856259	2.57187	6.06314	5.229276	0.614188	0.602674
0.088535	2.300493	1.264839	5.022648	1.47183	4.054687	3.202811	0.905481	2.873406	11.484043	7.847922	0.919308	1.313304	3.548115	0.041167	0.660907
13.343386	0.351203	3.922274	2.772165	0.649371	0.091192	1.602043	10.425383	6.987817	20.011315	13.886185	1.093186	3.096479	7.321085	2.795903	5.863157
16.299947	0.889797	1.325756	1.926025	2.532289	3.150338	0.645649	10.757235	17.198729	29.503317	2.891937	13.050792	1.024799	0.765605	1.648049	14.850279
5.673123	3.265537	2.606754	1.06175	7.20088	1.345187	0.837697	3.023848	8.397889	29.636506	19.150139	1.386695	1.272034	1.621822	1.17205	1.205179
0.00144	2.121913	3.012658	2.825543	7.517962	2.255999	1.493028	0.792762	0.335885	7.40814	13.788108	1.628224	1.893798	2.116844	1.755128	1.821173
1.118989	3.33616	7.309492	4.316695	11.817064	4.733639	1.595547	1.590795	0.213109	10.243408	23.962063	3.427424	1.895792	0.682015	0.343481	2.464063
1.085023	0.336932	0.718935	1.287986	3.878642	3.385876	1.338004	3.558121	4.099904	30.645397	9.923138	0.374209	0.755362	1.609223	2.982485	1.36549
43.159866	5.207039	12.867513	19.471393	16.782444	2.614605	4.915546	0.981736	52.205747	53.230631	6.074328	10.336886	0.720776	10.487309	0.329863	2.581074
1.700745	1.305453	3.036706	2.079684	0.64608	2.566113	0.19436	1.13035	1.253515	25.123164	6.789097	1.710775	1.088654	3.621901	3.764917	2.862335
1.707165	1.137539	1.955156	0.663814	1.192043	0.570688	0.115788	2.800921	4.149476	25.159116	11.594325	3.058731	1.368795	0.830906	2.26977	0.177545
15.082466	5.619649	7.610006	17.612861	19.709359	10.855843	5.048799	2.598636	15.766406	70.774854	2.207232	20.557303	0.066455	3.249574	7.065436	16.409007
4.85825	1.494542	3.818085	1.034297	7.115409	5.313762	4.436962	1.78361	7.397707	30.584303	2.678348	8.721648	3.285505	10.736205	6.997527	4.388171
6.560118	6.026883	3.980947	2.239174	1.513229	0.151515	0.094541	4.689677	21.948952	26.269689	11.339852	3.151864	1.684478	0.654719	1.23794	2.229615
4.946599	2.834105	0.316788	1.977213	2.587073	0.613952	0.889078	9.664377	9.108772	32.010003	33.835109	11.326827	2.091127	1.828362	0.694801	7.702149
11.105059	4.255272	2.6456	3.310453	4.545003	0.5037	4.437155	0.359378	11.489806	46.231281	6.757522	9.260551	1.09546	2.521035	6.761684	4.145914
3.106242	1.338088	5.86904	3.033363	0.780521	1.74301	1.567422	1.14027	19.064925	29.167513	18.235537	2.946919	3.834556	4.138906	5.607376	0.575321
15.986405	10.647881	8.612012	7.810505	1.585931	0.163913	0.113605	0.659941	26.535393	30.438446	8.486885	7.357858	0.413003	0.243323	0.49824	2.810222
23.286548	23.562165	10.438185	6.994415	8.394429	5.244421	5.622925	3.507772	49.061982	34.357267	14.897696	44.78187	18.810008	3.83712	1.829677	16.341223
3.931421	5.461958	2.854791	0.929424	3.521678	6.470133	2.161788	8.204909	11.700904	48.184367	23.20386	8.130909	7.708339	8.440832	1.233015	0.556687
17.79964	5.547994	1.574142	9.315264	8.942913	5.217146	3.292199	11.928029	33.369182	40.629661	3.656512	21.382199	13.353789	15.644016	2.771396	11.118708
5.885243	5.785317	1.161614	4.791028	3.057947	7.14655	6.891244	2.460734	10.530831	39.057842	7.846837	22.395531	11.685701	6.763191	4.752172	10.292043
9.18438	3.818199	1.731981	1.334823	2.602529	4.175187	4.406562	2.71731	15.996362	42.407665	1.742398	9.390858	7.038923	2.084695	2.582314	8.178601
5.35602	1.423313	5.561372	7.475906	1.69431	4.300745	3.764067	0.388809	3.022315	15.709363	8.850762	1.931424	1.570642	6.725559	2.223197	2.537329
3.0898	1.978113	0.473749	1.048145	0.336433	0.435221	0.582592	2.760478	1.741737	31.22335	1.680024	1.109803	1.028687	1.592731	0.193365	2.888602
13.295253	3.549712	11.641393	12.475641	16.397156	1.810015	0.260313	1.955911	18.536024	44.681105	12.325712	14.273746	0.595076	0.035005	14.246495	9.057037
4.379997	3.113203	0.719967	1.918092	0.571512	2.005918	1.592516	1.937743	9.691183	32.146481	19.547423	3.878371	0.133575	3.951612	4.530732	3.461392
2.191967	3.679598	8.163226	5.103834	9.457884	7.398805	1.634661	4.043707	7.125449	31.030278	5.571808	12.030049	10.008258	9.481031	0.400499	4.968355
4.758774	0.863368	7.61929	6.290621	4.490414	2.628174	2.119303	1.644917	3.15877	12.791203	8.957197	6.966902	1.895076	1.624829	11.399737	15.808466
5.570611	0.036388	0.432672	0.096819	1.287672	0.016514	0.417305	1.647203	14.361899	30.582769	18.490272	18.687779	1.754116	0.203626	11.49544	6.017104
2.529838	1.509942	1.351927	0.414918	0.001862	0.866829	2.64872	3.984656	9.341787	25.414224	17.647771	2.203935	1.779014	1.607658	1.728136	3.250195
1.473795	1.636152	0.595072	2.021442	1.927122	4.285566	0.869944	0.616749	6.110461	49.995317	8.11723	7.120486	1.448687	3.1912	0.004494	1.448039
5.811984	1.333364	2.345635	0.642999	1.75506	1.940142	0.907112	4.073775	15.624742	16.42636	10.22681	1.816365	0.496836	0.015104	4.165198	8.939775
1.773956	2.147253	3.017964	6.460057	1.581947	0.093152	0.855172	6.305523	11.562251	41.257297	11.014573	0.944896	2.889591	6.581265	1.626094	0.585698
0.680687	3.509069	4.477019	6.14177	5.449984	2.825206	0.012362	5.819499	5.833172	37.510123	0.988969	8.921855	1.611174	0.246861	0.469618	11.233753
20.829797	3.689594	7.700171	13.107813	13.343703	9.333291	8.677144	6.453323	32.546275	52.314298	30.550132	20.772906	8.438117	2.339095	1.293339	6.248346
0.265745	2.382912	4.605222	6.557011	0.079637	1.85662	6.920982	1.076286	5.230429	37.708498	11.966245	0.851602	1.151308	0.182004	0.388722	1.025131
6.355311	0.759157	16.908743	10.914819	3.958717	0.082987	5.681912	0.024587	11.187833	33.053591	19.584125	3.688107	4.442404	0.347121	3.836684	0.728764
0.725132	1.925818	11.60018	25.611724	0.487075	1.963485	3.688738	0.214758	12.59528	46.074694	8.1602	3.744079	0.862099	5.231506	5.56426	4.671634
0.2087	2.520946	3.383869	6.123125	3.410181	0.856322	2.454267	10.204333	11.588736	22.096959	18.699289	11.638222	2.180733	0.702128	0.887905	4.227622
14.316199	4.180264	5.377828	12.05924	5.422658	4.02271	1.016654	12.061355	42.68038	12.769948	6.778749	10.875079	2.477296	0.7253	8.591498	21.663387
24.946251	10.123265	6.105904	19.550978	2.989245	0.847154	1.725762	7.40573	50.663065	35.753331	3.940336	8.618342	9.233907	6.871833	0.016844	5.061386
3.774725	4.180351	1.276068	0.495642	3.02482	5.554365	5.44224	3.032271	13.366828	20.381531	10.534794	3.025903	0.444258	15.699056	2.86816	3.826972
2.943401	1.918567	3.560579	2.618621	1.808936	3.101712	2.428817	3.916444	5.024167	28.398233	9.022273	8.166491	3.374606	0.38399	0.772026	8.460842
1.705976	0.754295	1.505915	2.867888	0.259967	1.250152	0.365865	6.284259	5.692983	15.181674	6.552874	3.044658	0.050564	3.392091	1.116721	3.217811
