TempPar-ContA	TempPar-ContB	TempPar-ContC	TempPar-DefaultA	TempPar-DefaultB	TempPar-DefaultC	TempPar-DorsAttnA	TempPar-DorsAttnB	TempPar-LimbicA	TempPar-LimbicB	TempPar-SalVentAttnA	TempPar-SalVentAttnB	TempPar-SomMotA	TempPar-SomMotB	TempPar-VisCent	TempPar-VisPeri
3.070772	0.030353	1.135994	0.415498	0.59846	4.895921	4.708137	0.220036	0.902321	0.412304	0.255862	3.333921	0.919154	0.796077	2.17619	2.190861
1.515671	6.188988	5.238251	5.398365	1.929644	0.378393	2.094251	1.919178	0.17224	1.448395	2.428607	2.883457	1.539875	3.119617	1.607383	1.126631
18.92099	11.664599	2.317312	5.958703	7.617203	0.279727	7.423956	2.980281	14.444489	18.514389	3.530277	19.339635	25.722912	0.584623	4.054403	19.679455
0.01649	4.33926	3.775014	3.67934	5.037117	19.197261	2.529566	7.039368	0.707732	0.945021	1.25155	0.568455	0.715981	3.164712	4.765911	1.372528
3.97685	1.221968	0.266296	0.799759	1.985703	0.41772	0.318619	0.860767	2.385178	1.860421	1.972154	0.442753	2.891021	0.84496	0.149173	0.482362
0.03092	0.27986	0.414192	1.357009	0.360312	0.298641	8.325751	3.815685	0.296418	0.547248	2.931004	0.041382	0.762551	8.476437	1.948588	0.358712
4.509581	5.733651	3.392161	3.502537	8.461361	22.314748	1.066137	4.304513	2.619826	3.031306	0.910879	1.030585	5.887687	1.295626	2.032952	5.199765
1.272513	1.311943	1.711248	1.654067	1.831005	1.213481	1.283716	1.960358	0.815682	0.540616	0.986007	0.484592	0.467647	2.865266	0.779922	0.426733
3.20832	0.859609	2.265248	2.776095	4.147125	7.355085	2.371026	0.223058	7.097877	2.272068	3.860611	2.221713	4.699149	4.316555	6.518272	1.612641
2.683652	8.028738	0.338919	2.340204	0.729295	5.283054	2.085556	1.245518	2.287586	4.547623	9.770866	3.489354	3.370517	0.551995	0.53764	0.621839
1.768711	4.046382	5.458452	2.607379	2.842678	2.159703	1.210625	1.459911	5.601429	0.804294	2.717202	0.019677	1.363969	1.501642	1.615261	2.566075
1.07173	1.035199	2.419599	1.723018	1.269316	0.882129	6.24339	0.100231	1.66913	0.970247	3.313003	1.774873	0.451837	1.926666	8.710848	0.714772
0.340821	5.176013	0.115769	0.000617	12.293442	22.133004	7.0401	5.27804	0.163847	1.136331	2.622154	0.997324	0.006499	6.635142	3.345849	0.159466
0.767369	1.848925	1.870618	1.241293	4.842004	5.951571	0.986256	0.910291	0.449536	1.235346	1.684178	0.63578	3.324425	3.003817	15.396602	3.325565
0.018498	1.99701	2.475662	3.757611	0.96691	1.971342	0.066787	1.181645	0.656391	2.811756	12.725478	6.952605	2.701978	0.030879	0.202155	4.738797
5.345072	3.246598	0.200995	1.210201	1.576681	2.252454	0.207479	2.13914	4.186728	3.438206	6.218976	1.612974	2.384013	2.101055	4.427127	1.253605
1.487802	0.425655	1.528111	0.688676	1.207323	0.558707	2.732672	0.982936	3.300847	0.602447	0.492185	0.171025	1.30916	0.821266	2.580486	1.511205
3.046493	6.004856	4.351902	0.156703	3.319009	6.875602	0.877946	0.436306	0.97026	0.08449	2.06453	1.537504	3.845022	3.910087	2.756006	4.760455
0.192818	1.469376	0.491454	1.512838	1.348659	3.577902	3.637823	2.283663	0.247707	0.314025	1.091062	0.127477	2.625784	3.457266	1.323353	0.783818
3.344245	1.908451	1.275082	1.064267	0.090678	3.608241	0.011093	6.234685	4.617462	5.656394	4.444006	2.97027	4.740552	8.519469	0.048087	2.130808
2.111776	9.015609	3.602307	4.581761	3.634831	4.996227	16.057081	4.179494	8.905631	7.822876	9.893261	5.13974	0.902949	11.612898	0.864332	0.066044
4.654113	6.266153	6.285571	6.445421	9.288852	10.233427	5.195037	2.3227	3.988081	3.275632	6.123517	2.138363	1.045853	3.598069	0.22848	0.412196
10.980639	0.55691	11.417704	11.462508	9.19242	0.560078	4.037226	7.16438	15.734076	15.05837	9.532292	11.106168	5.471761	0.435077	21.266799	10.871236
2.885884	0.57022	0.77488	1.474943	1.233496	1.673201	3.630432	0.787576	0.612133	0.185829	0.827389	1.646708	2.002305	4.437543	5.075617	0.897739
8.959562	5.546607	5.523175	7.6073	9.536035	0.5007	2.058868	3.754428	3.414102	3.657273	0.287637	0.215457	1.081355	2.91979	1.239521	1.482718
2.153947	2.489482	3.909981	0.252892	4.331205	1.558877	10.863103	0.057468	0.517054	0.076749	6.707152	2.107898	6.776087	20.381471	0.172299	1.092213
0.22805	2.77312	0.551184	0.211872	1.103526	4.021964	0.025965	0.517546	1.119822	0.360728	0.958909	0.618206	2.342752	2.114331	3.943269	5.038187
2.668866	9.80389	0.053408	0.478671	2.157709	4.564029	4.011987	5.144532	5.702198	0.688432	5.383494	1.861153	1.685882	0.70062	3.569479	0.66944
2.020737	2.72227	6.96446	10.037928	7.22945	0.976243	1.926718	1.182518	7.990136	9.473931	4.383656	3.403633	0.461638	0.562302	0.452415	1.09068
1.448802	2.845668	9.618275	4.657962	3.170519	1.665023	3.456065	4.419487	2.00902	13.187824	25.737343	11.372668	2.815654	9.592649	12.045156	4.696059
2.468847	2.809338	17.906891	14.591021	7.551968	1.10901	15.359188	8.658871	17.901205	18.769506	38.929956	15.027024	3.270748	21.247083	11.964255	0.650649
21.775492	17.558585	7.665879	25.405221	12.817844	7.617796	1.533787	5.597155	21.780356	4.954498	0.617451	6.128049	0.44568	1.801811	1.748749	0.256683
2.911558	1.724123	5.81243	2.883168	2.03413	3.541635	0.260659	0.175189	1.634734	0.322089	2.862619	0.675825	0.414855	5.004948	3.04543	1.709264
9.273265	1.704299	0.010183	2.404734	2.230027	0.397955	0.077477	5.136603	7.258865	0.471781	1.559201	1.598238	0.524887	3.509823	0.494911	1.635497
1.00568	4.440203	2.736527	0.848903	6.222396	12.167317	2.368723	1.819922	2.117971	0.298407	7.875883	4.054819	2.922536	5.870945	2.164699	1.087561
6.845501	0.114712	6.655847	1.175619	0.770089	0.764217	0.631247	2.777089	7.159164	2.986159	5.696844	1.342658	1.203619	3.899838	9.152885	0.796477
0.782607	1.77271	0.193269	0.213205	0.444415	6.733098	5.083856	0.58412	0.911723	0.566734	1.607036	0.243249	0.343936	3.332199	0.451094	0.113718
0.608597	1.100009	3.013258	1.829362	4.638831	2.512964	12.831727	3.157477	0.750233	0.956542	0.576955	0.001885	1.611006	0.373363	1.233219	2.230204
0.571694	1.746862	1.683147	0.38598	0.541655	0.235954	0.089734	0.355735	0.005258	3.160624	2.658605	0.800653	0.190242	0.590112	0.190603	0.422754
4.981494	3.277766	0.194681	4.096396	4.590944	2.296149	3.078371	0.244827	0.341122	0.116804	0.493769	3.942411	0.266255	3.876568	1.220105	0.068939
2.767455	0.281553	1.640092	0.334304	4.869177	17.068686	0.163454	0.41713	1.720357	8.484162	8.366364	4.366647	0.150569	3.933442	0.692553	1.280433
9.330283	12.045113	1.404121	2.288794	0.188062	3.129072	2.29025	6.665918	8.055406	2.039079	0.857164	11.134611	1.292266	6.383754	3.70523	1.21357
0.150807	9.268948	6.356901	2.556967	3.232343	2.051084	12.466233	7.091971	0.817084	1.536344	3.232216	1.305388	4.254578	0.912423	2.49661	4.810468
4.770834	1.321821	5.299181	1.715649	0.631843	4.865488	1.17182	1.510711	3.298379	1.50683	2.265829	2.515991	2.269098	2.014455	3.407966	1.015767
0.745524	0.728723	0.864201	1.130635	1.429482	1.692561	0.982768	1.308551	0.497682	0.688533	5.234887	7.717025	0.549439	8.899729	0.578745	0.244169
1.084472	0.20177	1.259244	4.661071	2.579044	0.662626	3.30489	1.957773	1.001857	1.810399	0.943034	0.040695	3.621875	5.403597	0.712671	7.645766
0.157183	0.150033	1.520293	3.738456	0.198696	1.176546	1.943069	1.879647	0.525845	1.258357	4.073215	1.100966	5.083078	1.730942	1.067117	8.399789
4.121385	2.1445	1.429936	3.960699	0.451874	0.274908	4.38437	3.975497	12.319868	1.412109	4.344393	1.400006	2.483257	1.733664	0.125687	0.796744
0.693348	1.173856	0.665445	0.432266	0.409257	8.189303	1.329929	0.092999	3.985221	0.084705	1.19169	0.039486	3.627568	0.569485	0.170718	6.322569
2.304426	6.68587	0.541356	0.207127	8.068472	6.267707	0.346544	0.234469	1.9447	0.153743	2.002491	0.151458	3.350199	0.764541	2.441312	4.026641
4.998165	3.204856	7.944727	1.345684	4.110779	1.697162	4.934154	2.974672	3.536948	4.779387	7.015286	2.196016	0.962296	0.401644	3.94743	0.154793
3.586027	12.943829	4.884956	3.648401	0.376347	1.230228	6.33443	9.898183	4.79334	2.928094	0.361568	7.340057	0.766534	3.05251	2.303482	0.065109
0.74075	0.374665	1.307569	4.008517	1.595152	2.115734	2.032423	1.498627	1.605704	1.37623	3.645765	0.838142	0.273526	17.221037	1.854846	2.817172
2.942186	1.310475	1.195029	4.358867	7.197022	1.554572	11.378785	0.931784	1.549944	4.662221	0.173948	4.786887	9.774493	13.727394	8.13879	5.82253
2.669785	0.496886	8.690199	4.702855	4.04003	4.030763	1.317235	0.604684	4.962562	2.042469	0.982805	5.472539	0.825796	0.083288	1.291292	1.403158
1.092581	0.620716	0.920831	2.36343	7.339576	0.705797	1.090907	1.88145	6.91192	14.232843	3.786683	9.444769	1.972674	0.661852	1.8105	0.260669
0.508338	5.453713	3.021354	2.56162	9.759453	11.046162	6.894505	2.841909	4.363707	2.701768	1.469655	4.988415	1.273174	2.882218	1.933385	3.657072
5.115501	0.744747	0.736624	7.854483	1.129426	0.684554	0.056384	4.469362	3.323364	8.595654	1.617584	4.961224	2.872036	0.363258	0.649976	0.545194
1.22786	0.238812	7.699154	6.986293	6.083762	3.589003	2.96026	1.917547	0.234077	2.131116	3.331629	1.40124	2.815587	0.446155	3.752106	4.508316
4.272454	6.598049	1.423123	0.403208	3.437602	0.653135	5.996434	0.007804	5.014449	0.159579	0.835482	0.457668	7.540243	7.958022	1.230416	2.084385
0.213245	0.421047	0.993232	0.343822	0.235473	3.292572	1.288836	1.540435	2.290748	1.152703	5.608892	2.302757	2.109804	1.420588	0.278381	1.046434
3.66883	7.524413	2.049301	0.380546	0.974699	4.03697	3.977878	0.658088	5.428508	0.0279	2.732078	2.679634	9.058375	2.145381	0.391551	0.306157
2.784521	2.282792	4.163958	2.707739	2.997304	1.24735	2.524894	0.214731	3.054029	1.390423	2.27969	0.032961	0.039794	6.880448	1.110991	0.069295
2.376555	0.696539	2.520785	0.896167	1.48171	0.501697	0.006914	0.919529	1.566545	4.891821	6.640813	2.142381	0.194385	0.865322	1.01296	2.25092
0.237947	1.508306	0.595042	0.38614	2.309995	4.233071	2.183076	0.931642	0.159963	0.234578	6.784505	0.712223	4.426582	3.827696	4.058273	4.124932
8.742139	0.130523	4.941471	4.966564	6.179855	2.859149	8.787893	1.99725	8.350838	5.33478	4.720512	1.467032	3.057024	0.702307	9.410856	1.775219
13.47553	4.720369	1.469049	1.811807	0.215021	0.834007	8.936151	4.5471	7.120787	3.399608	1.990909	4.248271	1.674715	7.320461	5.643417	6.417709
8.902521	5.248041	4.782293	5.631315	2.277183	3.407759	2.810844	4.488226	7.703549	5.247589	2.259657	2.590063	1.605459	0.402472	9.474373	0.82916
3.432946	2.852428	4.541413	1.747594	9.493094	4.040991	5.642998	3.829435	1.622085	0.286971	1.576864	0.59062	12.923866	8.070528	22.423241	14.401547
0.808481	0.780026	0.920275	0.185981	0.443697	0.067689	2.693848	0.106342	1.497293	0.452437	1.491828	0.766613	0.333217	2.737285	0.117863	2.221443
5.432642	0.60128	0.336219	0.449802	5.201043	7.560033	8.256653	4.959789	7.214665	2.430199	9.156289	0.926995	2.748003	2.285191	6.408492	8.249947
7.572645	7.1972	4.282672	6.202084	6.204668	3.241803	0.888982	5.61569	9.281285	4.253003	0.86738	4.241447	0.329369	0.701229	0.07755	0.767417
8.662807	10.380582	0.095941	0.972694	3.018503	16.167786	6.673592	16.849005	3.807095	0.492294	8.019326	2.45037	1.193574	0.793054	1.376676	0.530046
0.720864	3.383663	1.792561	1.39087	2.554554	4.0447	3.342374	4.099555	3.687534	1.014131	0.163064	0.613375	3.585036	0.458409	2.05294	0.043271
3.861576	3.130767	2.388676	2.96878	1.462406	2.307296	16.439538	4.874534	4.289822	3.951203	3.46605	2.986122	3.338347	8.779122	16.753128	7.545443
2.925473	2.820731	0.889482	8.676428	10.329951	8.812635	0.956909	4.91941	1.565123	1.13879	11.465766	1.618548	0.343869	3.081851	3.41831	1.885377
0.483766	16.493918	0.325385	0.496783	1.565743	15.433413	3.46595	1.189958	3.466638	4.151788	13.904536	6.116829	11.129996	2.988069	8.605068	5.357363
0.536075	1.550143	3.688785	3.128602	0.224266	0.88641	0.51155	1.313755	0.15743	2.810397	3.626154	0.788451	0.427597	2.871755	1.375832	1.416175
0.019464	8.509609	0.837094	0.809781	3.267085	5.527567	0.610455	4.90162	0.175666	0.50129	4.819409	0.496122	3.039331	2.84152	1.544806	3.061294
3.44785	1.175587	0.924431	5.199584	21.117021	64.321679	12.513451	7.298643	2.30358	2.527777	18.938821	0.702623	2.473949	4.462684	1.542475	3.967994
2.120538	0.45599	1.145355	1.655362	1.100423	1.550851	5.832071	0.321582	1.974114	1.159204	2.014067	2.679924	7.254415	3.793377	2.147618	4.998723
3.051375	3.079192	1.819019	1.860195	7.955433	7.294963	3.609809	5.904141	2.968808	3.247599	3.232338	0.964151	2.905911	0.182394	2.014145	0.187092
2.518381	12.070445	2.596669	3.241847	9.286784	30.160234	0.825173	2.443335	8.141553	0.66506	10.661654	2.626011	4.813359	3.871148	0.229619	6.392076
5.996709	1.864936	2.783086	12.228115	5.629755	2.861421	9.205806	9.872908	10.864944	8.286793	2.780046	1.038517	5.692604	1.23224	5.384591	2.762428
4.957228	2.016952	4.307253	7.229572	0.776599	8.0021	2.977796	1.989964	6.355728	1.509654	0.613272	6.534812	2.244937	6.799794	0.983697	1.196928
0.977297	2.711962	3.060883	8.703179	0.693165	2.239244	0.612149	1.236029	0.899482	4.209837	2.970966	3.59061	3.098916	2.235739	3.371311	5.736216
0.008558	0.042096	1.959308	5.355851	0.579259	0.463745	2.756588	0.622073	1.332065	0.842562	1.324712	1.092456	2.453412	0.779175	1.541734	1.071731
6.494163	8.543938	5.034817	7.673225	20.165287	13.537579	0.357463	3.363672	3.271951	4.47118	0.159607	2.011225	6.739752	6.623882	5.002565	3.846436
1.275832	2.89035	0.581558	0.485177	1.248052	0.630621	7.667061	11.09706	1.735316	2.151009	7.288338	2.992152	7.596449	1.536285	3.809209	1.518005
0.213655	0.037588	0.109439	2.015306	1.358647	1.53964	0.434298	1.034803	0.407654	0.007834	0.144111	0.218769	0.541017	0.254969	1.509251	1.107347
1.685765	3.909269	6.74028	4.674857	2.009053	2.446337	0.75708	5.015597	2.563867	2.650391	1.229447	6.274547	3.735074	2.241688	1.836674	3.768744
0.555945	3.049048	3.569088	0.612513	1.55198	1.748138	14.210579	3.964637	0.154715	1.182678	1.259085	1.396224	1.107166	3.320746	0.039143	0.416197
6.097676	0.929593	3.653367	0.782505	0.963685	0.583518	1.169943	5.392705	4.555127	1.756105	0.380075	0.204402	1.981383	0.994026	2.403703	0.081169
6.507993	2.748331	4.09147	10.205352	3.39722	3.546857	4.280574	6.186622	9.293645	5.315954	1.133902	5.927293	1.701564	1.482139	5.495031	2.366854
0.376315	1.216948	2.029738	2.077281	0.489952	0.106172	0.349918	0.239316	0.641463	2.12962	15.940261	0.826075	0.06197	2.396591	1.915178	4.184472
2.461414	0.061715	2.722216	2.14813	0.691185	0.43613	3.184384	2.576144	1.600356	7.616249	11.153689	2.55041	0.730619	0.920688	1.070596	0.177273
0.700933	0.192353	4.066491	1.605621	1.993865	0.006107	0.768763	0.761065	1.771622	1.923041	7.189859	0.794135	2.196338	1.74238	0.77276	10.560598
1.743916	0.71293	0.121661	1.819624	1.139308	2.925914	0.673834	2.22585	0.907189	0.1063	7.644451	0.193127	1.941126	1.338027	1.534398	1.556797
2.084892	0.411503	5.264142	5.496214	5.846801	2.736138	6.038184	2.341331	3.345106	1.109469	0.1118	0.710413	0.117649	0.915412	2.15653	0.804531
0.380838	0.001335	0.908605	1.957107	0.116502	0.455197	0.620814	1.582496	0.039856	1.028518	1.539898	0.025945	0.525558	3.309823	0.989286	0.720998
5.39767	2.842344	4.340319	2.825716	1.951383	2.338968	0.156944	1.264009	5.239989	1.071931	0.048521	3.652532	0.692925	1.172371	3.534941	0.776896
2.701205	5.39373	8.434133	7.492649	8.015827	3.257546	0.16831	0.796304	2.601256	9.12218	0.25486	9.388874	6.264408	0.669228	0.87068	4.580302
3.70493	1.013226	13.432004	16.800623	11.393835	9.690143	0.234007	1.523658	5.243084	3.13278	7.695901	7.345349	1.316193	5.517544	0.338721	0.340083
0.055896	1.132	6.739941	12.002179	6.983365	1.007627	4.980306	0.089472	0.442495	17.373707	2.083674	6.175777	1.552241	1.894088	4.687482	0.081552
0.86847	0.685456	0.293832	1.707791	6.440777	7.115335	4.655922	0.478867	1.794975	2.278145	4.480238	0.24398	5.256512	7.545084	0.491389	1.48409
2.200596	4.684858	3.340533	4.742603	1.154704	2.153998	1.534704	0.369171	1.504974	1.052698	2.785241	1.671903	3.574098	0.123894	2.463715	2.955619
1.611948	1.259005	0.110876	0.658561	0.166425	0.14084	1.734064	2.809083	0.626639	3.656434	0.522386	0.177589	2.831392	0.082613	0.638495	6.184842
0.177769	1.356714	0.39456	1.377307	5.025943	5.083862	1.512728	5.976455	0.689144	0.65136	3.488819	2.678751	6.064085	8.518595	0.794854	4.204458
0.336752	1.999965	0.040881	0.062216	6.63941	1.407579	0.765912	0.210835	0.398427	0.330996	3.276377	1.152833	0.109629	0.615809	0.388231	0.832551
8.501583	2.132806	1.446769	6.57325	4.761717	6.106622	1.802566	2.648862	7.680398	1.230581	4.83459	4.357761	0.040921	2.02314	0.831284	0.355129
16.278538	1.214757	25.489988	46.999054	31.478427	8.479833	10.303664	9.497622	11.916092	12.417829	0.748986	10.461536	11.592248	2.77384	1.589773	8.376195
2.952225	3.519387	1.409453	0.30643	1.858693	4.37711	3.508071	5.79662	0.505137	2.945197	4.634311	2.721943	3.171129	9.501097	5.601178	0.637576
0.788906	13.066129	10.932574	6.018647	1.992062	3.210785	14.377283	5.759738	2.918632	5.793681	9.789032	8.421192	6.611144	2.24504	2.240502	4.501009
0.063212	2.368467	0.860685	0.513695	2.079593	5.769534	0.85581	0.57339	0.165258	1.442157	2.412845	0.280058	0.028411	0.470718	3.293479	1.556652
3.091354	0.034307	2.289631	4.466766	3.234231	0.538125	1.293832	0.98653	1.511124	2.400235	0.992796	4.382073	0.380828	3.568888	0.620835	2.800926
1.426729	1.416214	0.052559	3.016684	3.128589	1.379476	7.133943	4.349227	0.364963	0.192066	2.611781	0.529774	2.386888	5.307394	1.468565	2.239013
0.970947	0.061569	0.166912	1.878227	1.017904	1.973734	6.550615	3.016285	1.584931	1.168613	6.015073	0.313491	6.256615	5.458225	1.902624	3.878283
0.153654	0.260593	1.622673	2.39299	0.110056	1.802012	5.920511	1.249051	0.173919	0.550105	0.351631	0.516495	2.205924	0.853237	7.151001	5.389354
2.171377	4.223477	1.455493	2.390422	3.096514	8.284172	1.111436	3.69213	0.782504	0.238768	1.336274	0.185172	6.028061	0.455407	5.330191	4.678208
0.72209	2.719098	11.071547	7.492733	11.920565	5.797785	12.284336	3.240591	0.125577	0.852226	4.791528	3.285371	4.137956	8.090975	6.050569	2.533687
5.564642	2.797768	0.746208	0.802598	0.142785	2.346458	1.211702	6.830024	2.030013	3.68455	3.102349	1.947003	2.233978	2.978564	0.089999	0.768158
13.564066	0.504128	1.619616	4.268585	3.344175	0.68345	10.904999	8.716744	13.904647	7.990306	21.188057	6.795293	4.96603	13.240121	4.159074	1.322809
9.772417	11.100223	11.661787	13.990819	11.803942	4.860237	6.66575	10.515854	15.830757	11.42169	8.221205	7.490209	4.080102	1.29682	12.330326	0.938631
0.256526	0.698567	0.697217	0.445911	2.295183	2.896117	0.071164	0.31774	2.136352	0.693157	0.758818	0.939075	0.090078	0.55373	2.189419	0.33642
0.721592	1.638387	0.237586	0.061901	8.070129	0.294976	3.710564	5.011607	0.337348	0.368955	7.727385	0.408719	1.498823	17.074277	1.375142	0.361067
6.024525	1.404113	1.942159	4.441788	0.704554	2.726516	1.733307	2.366179	19.474063	1.419253	2.065247	7.56095	4.093754	5.205767	9.486041	1.081183
0.103406	0.066107	1.649833	3.930105	3.678149	3.65933	2.132928	4.129172	1.485269	0.29304	3.211114	0.631484	2.093039	1.816834	1.893882	3.259671
5.709318	0.584357	7.255074	6.896573	3.704164	8.423668	1.522964	0.304995	6.660415	16.851406	1.498636	6.949916	0.819904	1.157156	1.577884	0.18659
5.334666	0.100148	4.278212	4.563082	3.337919	2.668904	0.587425	0.124234	5.430481	2.198673	0.588883	4.295633	1.863273	4.80583	0.358553	0.700863
19.466815	4.726968	12.313413	23.759557	2.225053	5.674005	5.940569	7.520352	16.460572	3.279053	15.175224	3.783199	8.545408	9.273402	17.219444	6.772918
0.145761	3.939077	6.360676	2.966422	4.339329	17.385325	9.848963	20.564426	3.093879	4.719102	15.800471	2.517762	5.121484	0.236125	2.697026	8.918372
0.527618	1.543032	1.787966	0.469839	1.156752	0.299284	1.003929	1.203221	0.02436	1.526736	0.742549	0.606255	0.128187	0.15172	1.187304	1.866884
0.600872	12.754892	11.819337	15.493611	1.291353	2.418728	0.666961	2.489119	5.3126	14.256248	8.3726	16.728648	3.301463	8.080234	6.518707	4.444759
4.679712	0.295633	5.203166	9.872748	1.729253	4.036428	3.358889	3.712461	4.890116	7.783947	3.318889	8.295594	1.26813	2.132712	2.130618	4.662462
1.531422	2.620257	1.054394	3.62689	1.503104	0.403976	2.875136	0.643632	0.917367	3.724991	7.650762	2.328672	0.299917	0.141506	2.006952	0.635192
1.069621	1.239772	3.077041	1.148853	2.073984	2.352765	11.097004	1.614883	0.672666	1.96641	1.667166	3.205855	10.423403	0.46676	5.669158	4.373429
5.113637	0.272266	1.969545	10.041637	14.302075	6.567771	0.488555	0.843585	3.912565	4.590358	0.233105	4.807064	1.650011	0.808277	1.196281	0.98135
0.618127	0.635595	0.613664	0.997148	0.7819	8.06396	1.515433	0.874006	0.545984	0.878759	1.365931	2.304882	2.177599	1.237283	7.299229	0.675001
0.970035	3.813331	0.702989	1.301727	5.535405	21.529325	12.455376	5.486755	1.460462	0.823136	11.273875	0.411872	4.01197	5.563112	0.120705	0.438699
2.410259	5.397702	8.459987	12.070484	8.1082	1.378347	0.101445	1.749055	0.925883	4.655066	10.37664	3.915296	2.331892	3.001767	5.289795	4.435345
3.185562	0.044108	1.360779	4.241277	7.654012	2.005277	2.728695	2.743587	3.75088	3.799556	4.183291	4.147426	0.292076	1.399147	0.036194	1.244968
0.792066	0.6229	2.961939	4.85903	0.205255	0.740562	1.840835	4.201278	2.599849	5.872395	4.257317	2.104106	4.11136	3.194529	7.568564	5.648342
3.034394	0.954922	1.140693	0.229898	0.312858	0.781131	4.209181	0.817146	4.577885	5.587021	4.284748	5.210146	0.074379	5.852979	3.286495	0.697259
1.331512	0.733586	0.427974	0.159549	2.50152	1.858769	2.783565	0.035534	1.103963	1.658829	0.160469	1.062958	0.411371	0.864199	0.293806	0.200298
3.708263	0.113371	6.373819	1.013886	0.737494	4.143798	11.52536	1.509803	5.918098	5.009883	10.258904	5.03558	0.256932	2.352772	1.144516	0.338435
1.275018	0.384862	1.475361	3.806325	4.035957	9.677008	4.804742	4.868826	1.055893	3.462148	20.391371	3.199275	3.746915	0.354594	3.264847	4.052552
0.469536	1.052175	6.365902	6.255431	0.91955	8.715874	2.041805	1.512796	1.434395	2.186582	2.590046	1.410956	2.623771	0.138716	2.799253	0.029863
0.271589	4.188223	1.763427	0.160702	0.038304	0.760765	0.06495	4.9583	5.575065	0.882811	1.959888	5.264678	0.024204	1.264487	0.587828	3.447977
1.2514	1.228414	2.047138	0.298722	0.706899	1.633226	3.285891	1.985177	2.517738	0.066888	5.517208	3.944075	4.458233	0.869494	1.736506	2.127392
5.605461	0.6704	0.129337	0.731123	4.140675	3.088634	11.336598	0.84864	3.986466	5.081829	11.070028	1.407928	0.404141	3.880422	3.131907	5.322306
0.538477	1.537751	1.839801	4.21388	0.927771	0.625883	0.090325	1.8019	2.179929	1.895942	4.307751	5.851724	6.202811	1.759267	2.204868	6.548899
1.22882	0.438634	0.535896	0.644695	0.288754	0.032423	1.221475	1.721023	1.094917	2.255081	0.722112	2.249758	2.265535	0.802532	2.744502	2.216624
3.627442	1.113115	2.265577	1.780987	1.606359	2.101593	10.061421	1.923375	2.06123	2.669015	1.829046	3.923484	1.022741	0.361572	5.089611	1.403981
2.35631	8.985947	8.248785	7.612382	3.612715	0.760009	3.948094	5.804441	2.446986	2.542522	0.671194	2.877627	4.910713	0.261096	7.166897	2.681442
0.976927	0.192959	2.860331	0.456335	0.251956	6.199302	3.59764	1.732786	0.783776	0.189849	4.408585	0.098749	0.702915	0.284545	0.021633	0.063948
12.103287	3.057202	1.456526	13.632055	3.406901	0.384981	1.753729	4.464202	12.964139	13.893865	8.072383	26.4393	0.875989	5.253134	3.216026	0.112494
3.20549	3.004826	0.455751	0.237568	0.50988	0.528114	0.097585	0.207483	2.687802	0.988883	6.618111	1.667738	0.650069	1.197834	0.207141	0.318601
0.503309	2.838644	0.315301	7.228961	0.42706	12.285532	1.614135	2.726522	2.547152	3.793382	3.324988	4.789937	3.79028	5.818549	0.256593	4.654706
6.226561	2.953107	1.137861	0.272826	2.098191	0.271952	0.905101	1.200108	3.504829	2.807612	4.325681	2.604341	4.079857	0.029214	4.27495	0.103665
5.187894	0.068402	1.168832	4.677356	9.02136	0.228595	8.355934	4.626809	6.264163	7.484342	6.196422	8.293185	1.8247	0.484634	3.09858	1.583323
2.263521	0.280337	0.198162	0.301365	0.096073	0.346806	3.707845	2.780831	1.206292	1.551354	5.443614	2.042913	6.003249	5.23247	2.386151	4.241751
3.987337	1.251387	1.16425	1.105553	2.986391	7.78837	2.023858	0.319958	5.923441	4.358687	0.222733	0.837911	0.26019	1.901082	1.285045	6.754211
1.20449	0.992178	0.522367	0.73573	0.782722	1.226345	1.349406	0.368742	7.818993	4.119947	18.010313	1.99652	0.158017	0.168196	3.920473	1.069948
0.775708	2.158335	1.293281	0.491834	1.442151	1.199243	2.405556	0.726652	0.323189	0.073792	4.031113	0.169541	2.21275	7.067059	4.42569	3.789941
1.887673	10.122911	0.157836	1.526944	4.419258	2.728948	2.182402	5.119833	0.414932	1.639173	5.711128	0.541562	4.716158	4.432061	1.308421	0.989745
3.836871	1.910591	0.238194	2.237825	7.814956	3.764222	0.994442	2.158595	4.697371	0.824767	0.397222	1.093584	10.530588	5.019526	8.729513	4.675862
8.029215	10.445026	1.013081	4.906757	1.913937	7.206762	3.656467	4.683588	6.29254	9.685169	8.660741	8.278896	5.997544	1.191124	3.401479	1.638717
1.425972	0.361294	2.145556	0.562806	10.850572	13.316021	9.024051	2.128422	1.096287	1.715274	0.174123	0.592958	1.386307	2.613741	1.047294	0.493892
0.627125	1.194944	0.770672	1.756766	1.118906	12.967388	3.157015	0.182039	0.402977	0.509903	0.515169	2.090009	3.513698	0.073062	3.834331	2.268032
2.237397	2.186972	2.958375	0.197664	0.714735	4.842176	0.575713	1.595359	1.142166	0.674583	0.847474	0.265356	1.410703	1.232842	0.394406	1.261084
2.056648	0.236572	1.217631	0.934328	1.585484	2.119039	6.441229	4.814749	4.215066	0.582625	0.496902	0.610996	0.27673	10.277339	1.465276	0.254336
9.31054	4.315211	2.212058	7.995085	1.530011	0.313503	0.988036	0.712398	5.905572	5.945756	4.893282	3.095594	0.222804	1.871839	1.583269	2.596471
2.072649	3.961862	0.786643	2.199812	1.608712	4.997689	3.604874	10.681758	1.945642	4.791272	9.614815	3.413499	1.575693	0.695532	0.983081	0.235352
3.527501	3.711328	4.16014	8.135459	2.261069	5.3628	2.233231	1.426516	5.00009	4.706306	1.386059	4.858441	5.249103	7.322441	0.920307	0.136992
0.158775	0.287401	0.134151	0.508461	4.797134	4.868151	4.795063	0.222304	0.55779	1.016922	2.581697	0.058013	1.371134	2.363814	1.576295	3.88111
0.147755	0.602142	0.90575	0.505598	2.385678	0.213175	1.39121	1.215762	2.050161	4.072467	2.117138	1.852046	1.850533	1.135001	4.634165	3.107393
0.140854	0.562348	0.233333	1.225734	6.62066	1.20784	3.349963	2.39038	0.84105	3.434623	4.322034	4.029124	4.012183	2.380783	8.673189	1.355691
4.015996	4.056132	3.471159	1.295465	3.012075	3.891898	5.397529	2.266957	12.564814	1.945513	1.708709	1.595744	1.885975	4.687969	1.20655	0.743688
1.199017	3.84516	1.99742	5.61996	1.995365	3.175587	1.909784	5.44049	0.278596	1.653757	1.296069	0.315602	3.328981	4.198805	2.320895	7.967184
2.842959	3.868203	3.510695	6.088585	4.641891	8.502249	5.116426	1.117916	1.900196	4.39522	0.980092	2.355417	0.246708	1.262301	0.432504	0.787076
8.684395	2.014437	4.773463	3.888111	0.898519	13.957766	14.405984	12.995801	12.707576	11.680578	5.515057	10.936837	0.746072	9.883638	14.694544	6.245799
2.578559	9.794102	7.983495	13.35692	17.127377	31.596675	3.865682	1.578392	3.983937	2.537036	6.795337	1.619699	2.895205	6.583933	3.743003	1.43726
0.31283	0.453398	4.566557	3.734401	0.971158	9.237209	1.604885	1.100495	0.324722	0.723321	0.636562	1.95164	1.376031	2.056889	1.542334	4.131318
0.091412	2.93677	0.371325	0.612327	5.947039	3.304454	6.149824	0.200394	2.019708	9.257832	11.033832	19.294174	4.92321	6.057933	2.254558	5.899613
0.233681	0.018552	0.697012	4.193146	0.188	0.478787	0.503118	0.742161	0.203832	3.461896	4.720179	5.083084	1.759632	2.749333	0.077694	2.912982
0.049815	1.644411	0.72973	0.943703	2.644549	0.853382	0.295969	2.574816	0.670432	0.605052	3.266331	0.603605	3.791118	4.362138	2.469056	3.598309
0.887331	1.422971	0.363523	0.994993	4.434176	0.118253	5.362318	4.632481	1.133915	1.980367	4.074179	2.658992	0.358757	1.288976	0.830776	0.16861
1.998046	0.447939	0.388721	2.06975	8.311874	0.775879	1.886516	1.425553	6.022191	13.374366	3.594349	7.208472	1.989313	1.279348	0.585243	0.46037
2.708998	6.566147	4.022944	7.729707	5.27285	1.0685	5.1637	1.68721	1.000416	3.277146	2.493718	5.036977	0.136039	0.976633	0.641016	0.225348
1.182818	5.705315	0.862579	1.162713	2.008382	1.619094	15.225902	6.020725	1.074435	1.430428	13.399203	1.751085	1.761766	3.301468	1.223227	0.204948
1.028852	2.788801	1.810265	1.618397	1.134672	2.826268	3.426366	0.179442	0.23593	0.893456	4.5494	0.979546	1.256037	5.845279	4.5526	0.96233
0.572855	0.880941	6.61855	6.933227	3.302558	3.838139	11.060836	3.87831	0.876773	0.925145	3.248924	3.576619	0.593656	0.319645	3.999925	0.05522
1.917601	3.423887	4.697389	0.419268	2.564091	0.592638	1.743227	0.010505	2.622196	0.25743	0.063388	0.857895	0.480659	4.277899	1.401996	0.821681
2.375007	1.289868	2.267177	1.753468	0.351798	1.383314	1.897924	1.204638	4.122483	4.623009	0.584114	0.233099	1.21568	5.141324	8.893423	4.653299
10.236727	0.257875	2.600272	5.332316	0.310899	10.335461	7.204761	2.680968	11.303098	4.990425	1.600871	3.161059	2.765038	1.370162	3.166623	1.46315
4.260013	0.755823	0.72059	0.475606	8.091659	10.683208	5.754523	1.794397	5.032692	6.673622	2.672406	3.756406	3.567528	5.217715	0.989742	1.392784
2.315343	5.876636	1.711759	2.753836	0.103784	1.317084	2.097847	1.354055	4.210696	0.256934	1.281682	0.161633	14.758307	9.998791	8.851985	14.127767
0.192053	9.012053	1.196645	6.397212	3.880986	6.560473	1.403703	1.757803	0.755927	0.537416	3.353253	1.046264	2.837251	8.948391	6.153802	4.52405
2.003161	0.094742	6.665394	1.538082	2.388349	6.699783	0.548747	1.711648	3.25321	1.72841	0.367021	2.090898	3.320849	1.684676	12.250738	6.142553
1.199905	1.294792	0.268139	0.442613	0.309524	1.313037	1.572266	1.424597	1.724356	1.709196	1.623945	1.456933	5.39256	0.08072	2.825833	3.710285
3.828813	2.392357	1.805315	3.797945	5.386966	2.142331	1.976296	1.581673	3.33035	2.110789	3.546067	3.43001	0.627159	2.482394	0.726547	1.684738
7.587465	9.641636	8.824984	4.578729	2.910766	2.861451	13.390512	1.730635	1.290961	10.745396	0.908897	5.864263	0.873957	12.565476	3.917805	2.289445
1.46532	7.941908	1.125798	0.569422	1.032649	2.330449	1.310764	3.09676	0.692578	1.659758	0.626321	0.865778	4.559608	10.239616	3.446636	2.784389
4.199856	0.508143	1.08203	0.345707	3.780884	8.828217	0.80091	2.076523	8.772881	1.359502	0.663076	2.618826	0.007181	0.903219	4.34207	0.477265
2.806557	0.589278	0.062944	1.38047	0.214107	10.216788	1.549781	0.739996	1.09541	0.89578	3.007752	2.238686	0.861532	6.832241	1.97766	0.724184
1.57517	0.651902	1.746433	5.247509	0.393621	1.940873	2.129612	0.705407	3.156921	2.711456	5.141392	5.049956	0.680425	3.584881	2.162088	3.397972
1.917417	9.254187	3.522772	2.005192	2.054391	2.448183	1.98823	1.727724	2.648675	0.982045	2.3667	1.503866	0.903172	1.754339	1.022005	0.736053
1.161646	1.27045	4.937446	8.193835	1.071736	1.699508	2.197985	0.134046	0.685381	1.703631	2.289145	0.462736	8.101065	12.863331	0.172426	0.336015
1.591153	0.568848	1.284202	2.688228	0.850907	0.568071	4.331352	0.407332	0.724354	0.503668	1.193903	4.925486	1.989783	5.605363	1.446825	0.360841
0.230438	3.947655	0.843481	0.207433	0.623747	3.522455	6.561848	3.824294	0.239018	0.633336	3.969362	2.659967	1.121082	0.461013	5.975706	1.936859
1.109871	2.527065	3.259337	12.236244	3.639898	0.717252	0.308055	2.612479	2.43921	10.862383	1.059676	4.083979	2.289962	3.365286	4.928233	0.747478
4.29813	1.89396	0.610539	1.89645	4.886083	3.269022	2.406508	2.871465	8.938433	2.495827	0.157665	2.16597	2.51101	1.818149	2.375414	1.514641
1.571406	1.184115	0.913347	1.473896	2.332725	2.089496	0.207727	0.014546	2.092572	5.605109	0.531081	4.784312	5.554048	4.757237	1.710996	5.64055
22.584273	14.384287	1.515086	6.316874	4.505394	2.618636	4.665644	2.644027	12.168351	4.245645	6.791751	7.169305	9.482609	3.692162	0.709622	12.316625
0.094737	3.91152	0.06341	0.37403	2.132435	1.828878	2.283113	0.567444	0.330482	0.307527	1.16468	0.5145	4.935903	0.328434	1.251626	1.122912
2.707357	0.434583	1.310348	0.309834	0.270462	1.344908	6.912408	0.57959	3.029734	1.20889	4.660183	1.619773	0.254446	1.79432	3.598091	0.115634
2.785007	2.023083	0.386508	2.544166	1.781728	4.865951	10.51914	10.563111	0.172152	1.968211	9.890561	1.605302	3.357994	0.916402	0.206915	3.061127
0.347568	4.510451	1.192648	1.073906	10.396925	7.810319	11.766505	4.678166	1.950358	8.634277	1.530799	3.531296	16.507327	17.771554	16.195432	12.986413
2.390807	2.277303	0.319496	2.281783	2.348886	2.953446	1.947709	1.013691	3.147868	0.75915	1.363961	1.532672	6.45886	3.419813	4.721168	4.504034
1.889711	8.506747	0.76181	1.07891	4.39347	2.125632	7.147985	1.495342	2.890514	0.152964	0.12466	3.244892	8.369513	2.862881	6.969921	2.946901
1.151566	1.380317	0.42019	0.215423	0.84789	1.059944	0.884171	3.356459	0.128091	3.408434	0.611272	1.690591	0.952093	2.642122	5.522528	0.597203
4.546666	7.292417	4.605829	1.220054	0.250534	1.935735	1.694535	7.37588	1.512453	1.242796	1.176002	1.081958	2.82333	0.413602	1.363143	1.376114
