LimbicA-ContA	LimbicA-ContB	LimbicA-ContC	LimbicA-DefaultA	LimbicA-DefaultB	LimbicA-DefaultC	LimbicA-DorsAttnA	LimbicA-DorsAttnB	LimbicA-LimbicB	LimbicA-SalVentAttnA	LimbicA-SalVentAttnB	LimbicA-SomMotA	LimbicA-SomMotB	LimbicA-TempPar	LimbicA-VisCent	LimbicA-VisPeri
3.437116	0.743868	2.224665	0.039754	0.072208	0.324786	1.044724	1.743971	2.272656	1.476334	2.074573	0.051235	1.724457	1.410648	0.557121	1.655473
8.027651	0.872667	1.772748	0.45858	3.635948	1.142253	1.454963	0.020382	6.379483	1.060683	6.544708	2.283265	1.278552	1.206537	1.008104	5.256469
9.028583	5.58287	2.08749	1.574718	1.403731	3.380404	0.612892	2.490234	18.418351	3.944839	3.90083	7.616528	0.846399	4.150822	0.216673	7.280604
16.263292	4.383969	0.900261	0.822005	1.907198	1.943363	0.588101	0.396053	10.308998	0.052053	6.778409	7.561229	1.929477	3.926806	1.08848	0.436807
14.440861	5.210175	5.788797	3.696255	2.722109	0.256412	2.651429	0.123415	11.84865	3.172126	9.606295	5.325338	5.115374	0.270052	0.564743	6.004618
5.522503	0.540363	3.85956	4.604045	0.988314	0.2736	1.158369	1.077798	16.324196	5.670915	3.774167	1.785675	1.475776	2.690482	0.531546	2.805447
25.417877	16.959129	3.58085	12.91427	14.923627	2.832753	3.835268	5.673602	34.926409	2.359682	9.451474	22.51756	10.504167	3.509486	4.33511	8.579657
10.279025	1.080191	4.71135	2.887135	0.443176	0.138298	3.390416	1.453443	2.338203	4.585995	5.143037	0.674936	1.598064	0.0216	3.415829	5.220927
7.005044	1.430332	6.174103	2.111723	5.083729	5.877425	0.637753	2.469228	1.415738	2.733329	2.566925	0.23318	0.015925	1.460386	9.828978	1.60594
6.551905	0.0289	1.33807	0.843754	0.907231	0.497176	0.30032	2.71964	7.039345	2.9394	7.77488	1.959152	0.018409	2.502142	2.176933	7.797514
1.7091	2.89622	3.339426	0.28063	3.561186	0.136337	1.055044	1.000347	0.821882	0.861905	0.92577	1.069084	0.237644	0.978827	0.792797	1.415016
29.134356	2.900889	6.640828	5.473629	5.333816	0.687857	0.196014	2.116362	7.592227	5.160327	6.012122	4.408447	5.37569	0.564876	2.345368	4.622038
16.133131	7.781335	5.17252	1.752319	9.779329	5.017424	1.843404	3.394157	8.299565	0.952366	12.883415	7.883168	1.747803	2.126288	0.619076	4.142335
2.305823	7.990624	1.57568	0.468962	3.794173	6.248284	2.323888	0.522356	1.558508	3.555565	0.095581	0.946761	0.133054	0.57564	1.188824	0.413632
24.16165	5.243671	5.178396	2.611547	6.720528	1.404586	0.670308	7.362901	14.955415	5.909105	6.415652	2.960798	0.309538	0.455706	0.898921	1.086029
14.838452	19.717065	7.527879	19.074799	2.047672	0.613455	0.956483	0.628844	23.665503	5.43301	13.61104	7.628412	1.208987	0.142258	0.026862	4.972813
16.104106	6.878094	0.99652	1.944874	1.178947	4.509912	1.013052	1.647372	7.108964	0.09641	3.329992	0.997611	0.265687	3.671455	3.556468	2.366704
13.620096	2.526528	3.832484	0.571471	1.660769	1.710884	0.858422	0.393674	5.459741	0.837384	6.170258	6.650534	4.004172	5.482175	3.489272	4.823341
2.96167	8.308829	2.820997	0.283128	6.171325	2.510567	2.131175	0.02385	5.499681	3.349808	0.536888	3.47321	0.013845	0.621001	5.698955	1.990219
23.601894	13.35539	5.800353	4.615827	2.502853	1.28241	1.129107	1.601935	19.651287	1.895874	16.122284	6.568727	7.259717	4.126556	2.279186	4.99107
1.370726	7.020108	6.168658	1.079951	5.56458	4.51929	1.764525	0.725157	14.976017	6.35519	10.449586	2.790956	2.383446	5.777929	0.533086	1.70708
26.736484	20.341697	2.542812	5.645642	4.570955	1.690112	0.205799	4.670655	29.656746	0.262711	9.086439	22.726834	0.177958	0.901506	2.083176	14.109915
27.953568	8.408696	10.21246	13.925256	18.162949	1.258693	0.031002	5.983722	11.959455	8.810999	16.514702	10.645059	10.343875	6.380155	1.919974	0.091064
5.645104	3.998217	2.386519	4.865158	1.889358	0.284904	3.801128	3.399081	11.13343	2.681129	3.12034	6.636553	0.46809	0.472666	0.081562	2.282388
4.700624	7.704771	2.189205	2.16971	2.871871	0.976615	0.731328	1.65266	29.527288	0.116855	5.673666	14.124415	12.803443	0.131036	2.102149	6.557702
2.878954	0.446667	0.167737	0.147086	1.409117	2.358767	4.385153	0.17017	6.511916	6.962147	1.359745	3.529509	2.273115	0.770926	0.247853	0.26788
25.219407	10.323955	0.871391	5.492395	2.654635	0.926905	0.385727	0.280876	15.463806	0.214119	6.763848	20.712332	1.560572	0.374054	0.958432	4.137168
9.731357	11.12186	9.297729	6.21539	1.791108	0.241133	0.099506	2.5181	13.216801	4.410283	6.617767	14.433117	0.097925	2.975511	1.225472	9.822759
0.27834	0.354101	0.586696	1.812003	3.482899	2.561174	0.399839	1.352623	2.965101	2.30491	1.62572	4.454165	0.978099	6.559764	6.869237	14.51665
4.521661	0.919739	4.002321	2.278935	0.785193	2.318806	3.700144	7.063762	3.86961	0.069592	4.064295	4.752603	2.594838	2.473611	2.500416	0.157702
11.662941	4.339217	3.743054	3.713316	8.400336	0.001515	17.710873	15.041232	2.348514	17.032621	2.926646	2.506943	27.621839	4.686426	3.09615	0.602576
5.113112	5.965665	4.924825	6.015459	4.556041	4.603797	1.027623	2.58494	22.443494	11.544688	8.91862	7.274224	2.412609	6.028392	4.446226	7.03457
14.951981	8.477115	3.043202	2.188436	4.782484	0.499066	3.856519	1.31887	10.747567	0.949823	9.188766	9.910088	0.171376	0.162907	2.187076	0.022592
5.519987	0.672499	1.634321	0.513055	1.466761	0.996221	0.924178	3.759293	9.389183	6.129563	20.268397	6.513516	0.701235	0.66903	0.489942	7.296995
14.333805	1.355326	4.118659	3.350878	1.69884	1.694802	4.676609	1.055018	10.278192	5.780156	5.67276	3.360076	3.041032	1.417761	1.168198	3.547035
17.482548	5.211568	3.258951	1.050176	1.037771	0.200361	0.066053	3.276015	20.097124	10.212444	9.79596	3.569012	0.840091	0.279463	0.718625	2.354896
10.029135	3.819493	0.230126	0.265056	1.809908	0.512032	0.820452	4.45515	8.052575	2.063345	6.637645	6.645441	0.163164	2.786113	2.622387	3.789282
11.196352	2.483867	1.105026	4.266605	5.250581	0.747624	0.063222	1.001888	13.950082	0.28167	12.054096	6.108402	0.361674	0.386652	2.510082	0.358842
17.565645	6.159905	0.440404	2.403744	10.242978	3.398606	0.317263	1.043518	26.646342	0.719971	12.805491	10.596205	2.184204	3.381772	0.851442	5.246988
3.62984	9.946772	2.846223	2.212413	5.426613	0.0554	2.344681	2.787005	13.597852	0.275874	4.591739	0.746926	2.749516	0.856463	0.299397	0.12909
5.781889	0.62898	1.34015	0.424582	3.671205	5.662518	1.460611	1.469001	10.084287	2.915895	2.419676	2.190227	7.665463	2.043459	11.988887	1.78617
4.915458	9.192864	3.485601	3.718062	1.694334	1.33156	4.339852	6.596217	5.428925	1.55006	10.396638	6.362977	3.497283	1.173024	6.273758	7.246373
6.898392	0.630477	0.941778	1.570466	0.445221	0.822418	1.661657	1.982069	0.244092	1.386991	3.305676	1.024628	1.214627	0.825218	2.048742	1.494667
12.286818	12.728391	3.492434	1.462717	2.727357	10.798215	4.642846	0.181414	18.780701	3.799223	6.585047	8.235863	0.816969	7.077972	2.883336	7.594524
5.73748	0.707589	6.408798	1.84132	0.067149	0.396393	0.14589	1.276946	12.877205	1.999823	4.882592	1.232302	2.141115	0.976017	1.408521	1.823741
14.108356	8.017716	0.916612	3.52615	5.352	4.3327	0.812006	1.997138	22.121085	3.399424	14.425932	10.7845	1.088071	2.835432	0.761151	3.954636
7.003451	0.363182	1.639464	1.101519	2.038621	2.800423	0.607708	0.042241	5.429518	1.949148	1.931615	0.244574	0.213668	2.332686	0.23306	1.632873
19.291461	6.104344	1.551042	1.840729	2.159778	1.902484	0.550925	7.327092	11.80383	1.682988	6.916039	5.094425	0.023598	6.224609	1.468389	2.420536
9.848425	1.547771	0.319858	0.152983	0.219265	1.589383	0.604511	0.20182	3.063227	4.141129	1.983752	7.829158	0.731903	1.988126	3.65472	8.556642
18.965743	15.224239	2.154265	1.512101	1.91739	2.138404	0.492226	4.187189	7.338092	0.655458	2.449156	6.722274	1.968555	0.941899	8.083099	4.300416
13.646073	3.415328	16.503109	5.811348	0.674019	3.522554	3.861711	2.318723	26.573083	4.669172	6.289005	5.187475	1.927271	6.495832	2.387758	2.290935
38.482557	10.414821	0.413436	0.75242	1.73368	0.926932	0.772468	1.618484	12.817688	0.342032	5.439749	4.568375	0.287614	6.35419	1.11142	4.250129
2.888223	1.838931	4.169532	0.718979	2.368577	5.945318	6.000423	2.652233	8.569141	0.040158	1.672717	8.41312	0.531775	3.91369	3.454988	4.316885
6.104768	2.0772	13.560539	13.692759	0.31614	0.056647	0.298551	1.549356	2.284826	2.09611	0.557892	0.056201	0.52851	0.611068	0.022323	0.305093
9.872966	6.67852	2.076527	2.013006	0.723956	0.036609	5.66998	5.229199	3.67081	0.010309	8.900042	1.39667	0.472835	1.248776	2.817601	0.201913
4.28888	2.396626	8.526979	4.459293	0.184316	0.957553	0.527963	0.700809	5.384328	0.168876	2.915044	4.289425	6.146221	3.81241	0.610574	4.203219
23.160133	3.975505	2.438584	2.673789	0.296362	3.156024	0.51761	1.533946	9.949531	2.01446	7.234886	1.088578	0.653613	0.163053	0.005669	0.675396
21.522221	0.829415	6.076068	7.362992	0.995213	3.499105	2.513439	7.579169	12.047491	0.808568	13.326485	10.794888	5.532579	2.244607	3.309139	0.211288
15.740657	3.775801	5.276833	7.790214	4.943167	0.698764	1.347469	2.263982	13.02608	0.8671	10.802489	6.712421	2.108004	4.311681	4.819641	3.647005
23.026752	2.687587	3.496824	1.257797	2.886669	0.731291	3.766975	1.402559	6.641096	1.06295	2.591244	5.665335	2.98918	1.497968	0.255097	2.525779
7.509521	1.892148	0.523833	0.335823	1.595598	0.262044	0.507603	3.961471	7.436895	0.752653	3.375905	1.359985	2.936767	1.085834	3.421388	2.489809
5.951291	6.315147	7.20196	2.983424	1.217315	0.3418	3.999385	1.900943	9.522694	0.029767	6.459688	2.35212	3.696629	0.533727	0.422883	2.313379
9.199533	8.557009	0.962196	1.726448	2.706319	1.908911	0.302117	3.818826	6.571482	0.630447	12.417793	6.977665	0.262046	1.208595	2.744318	1.602436
6.277569	3.023668	0.318448	0.332878	1.563391	0.985317	2.393934	2.650606	0.827936	1.211298	3.590014	4.753139	3.274525	6.078192	6.588815	12.630519
11.177572	16.107548	11.485851	6.856027	1.632057	0.383579	0.347299	1.677613	33.067881	0.943319	13.431116	2.387106	3.212832	1.718026	0.365795	0.693787
7.297341	1.979668	2.268825	0.508341	2.411962	0.176878	4.927585	1.596919	3.920181	9.149277	0.632072	8.719081	1.275668	1.458645	1.375212	2.050748
9.646884	0.071461	1.795764	1.443896	0.910515	1.981977	0.042581	1.53649	21.684476	5.996777	7.060143	4.877095	2.398472	1.502006	2.087107	1.530726
8.069877	6.616804	5.888028	4.486169	6.207348	0.814536	1.691187	3.531957	12.134551	1.063449	8.173558	3.235011	2.927647	1.071319	0.442003	3.11013
19.004023	0.524516	0.503632	21.419956	6.292471	5.452834	3.935512	0.237287	4.394849	7.236443	6.206632	0.496226	3.697133	0.172302	1.673413	3.528581
9.908101	3.087136	6.100874	4.914008	5.242403	1.572872	0.27773	6.125058	13.74522	0.103542	4.168411	5.306111	0.925132	2.102788	1.008351	5.584805
3.16377	1.479509	2.902495	0.165018	6.695266	4.364484	1.329439	2.957123	5.050531	3.063321	4.329988	0.678429	3.030848	2.640828	0.793408	0.654303
3.664301	0.47154	0.398552	1.725481	1.73781	0.976635	5.595197	0.008831	0.379348	0.146526	3.329236	6.027085	1.813227	3.954975	0.243031	6.203327
22.605717	11.706176	2.004619	5.327698	6.828822	2.098603	9.617985	1.284756	26.223258	1.679625	4.922111	9.355624	4.058347	3.434003	8.561892	7.312717
6.48628	5.663869	2.104969	1.197733	3.01387	2.501614	2.133764	2.664446	14.096699	0.034458	4.728249	7.565012	1.999381	1.102741	3.177337	3.183399
8.403112	1.96693	2.832852	1.03464	1.483912	10.427313	6.03646	7.996209	3.333277	1.132031	4.852081	0.893945	0.02665	3.755848	0.496629	2.312132
2.368385	0.174375	0.019967	6.794461	0.035952	0.216498	0.004133	1.974504	9.158637	5.497909	3.986409	6.467646	1.012603	3.473135	0.292296	0.052445
15.186767	0.123124	0.520918	5.299134	0.481031	0.401919	0.819359	1.124866	4.092677	0.047419	1.991781	2.355474	6.058746	0.172216	2.443211	0.213872
9.382772	2.907256	3.693905	1.22143	2.179109	3.609461	0.528018	1.84002	8.986069	0.175185	1.054196	2.492417	2.073357	0.710016	1.533204	0.555872
10.815016	7.161031	3.386569	14.955596	1.439596	2.053915	4.248025	9.051108	26.000949	1.959255	22.020468	18.44026	0.237595	1.264674	5.894308	15.414636
13.705997	6.201119	6.650688	3.339058	0.731087	0.809017	2.296717	4.6481	6.645687	1.77916	4.941038	4.14504	1.038092	0.373352	0.35157	4.42631
34.554559	12.258387	5.056533	8.838465	3.553753	1.258809	1.903738	1.189163	22.273085	1.619754	4.062615	9.553413	0.826767	0.088316	0.931677	6.20257
0.904394	4.259773	6.884623	2.004323	0.655119	11.857945	2.447961	1.199274	3.717415	0.621961	0.514642	2.055597	1.608347	5.165183	0.958291	2.109098
0.217123	0.663615	0.857605	8.888404	5.269539	2.273219	7.760965	9.298227	10.952778	0.777985	1.346397	18.496074	5.591525	1.902646	2.082372	3.0986
3.402316	1.502063	2.55743	0.394834	2.642516	4.134998	0.492544	4.237872	16.595754	2.325416	2.757098	3.03785	5.665902	0.431433	0.141951	0.452943
7.825092	2.760342	2.640594	3.529669	13.75723	5.667147	2.533926	0.08761	9.165017	0.817867	8.862883	4.139551	1.587862	2.881682	1.419713	3.261417
11.710562	0.505942	10.504427	6.942261	7.154123	2.032873	0.531277	2.643899	15.142835	3.041967	10.503378	3.371585	1.15606	0.466458	0.752563	2.031124
17.160882	3.789742	2.610688	4.622013	3.064352	3.911795	1.481218	3.376509	10.14405	1.740619	6.299873	12.640981	1.067254	0.071347	2.91944	14.125796
22.347383	13.917636	16.256839	3.903813	2.550125	9.974466	0.067233	8.890847	12.030089	17.429236	8.714183	4.207246	1.045206	3.81599	5.238866	2.899325
19.8686	5.26283	1.250984	3.252415	1.423951	0.807386	0.138346	0.922069	9.285817	2.256282	12.262949	4.546651	8.132064	1.56035	1.660979	0.473107
13.804075	7.37599	9.770357	17.755323	21.954452	1.853676	0.883892	1.907634	13.021923	0.637819	2.772037	9.919852	7.760954	1.749803	9.603155	8.005818
8.881023	4.533199	14.425262	17.04288	5.469457	1.278757	3.837282	8.548291	17.838903	0.02158	7.682956	1.365725	4.383824	0.123593	6.050786	1.252415
10.30426	1.637602	0.07563	0.820589	1.396951	0.951507	5.247924	8.17163	8.026219	8.786391	4.222644	4.339262	0.40542	0.712952	1.638807	3.423578
7.292225	4.627282	6.632626	1.846492	3.696634	1.069668	1.013235	4.294035	5.530274	0.323845	15.605541	1.066608	0.932791	2.448323	1.818595	0.048666
14.619193	8.510842	0.185509	4.4247	5.393777	7.746729	0.971547	4.489558	7.294803	1.251936	2.886589	9.174496	1.656026	0.071279	0.010309	3.824683
9.474932	9.858236	10.733191	12.091331	5.861332	0.30853	1.221776	7.378346	9.420517	0.525814	5.98851	10.258398	4.363577	0.333834	1.181937	1.66807
21.078085	4.788776	2.622083	2.955908	4.187032	1.176151	0.066924	5.341438	14.179288	5.956681	5.893476	3.57483	0.508175	0.814813	1.253095	6.542531
21.602228	6.3219	2.816003	0.224658	5.358861	0.683927	2.328344	0.543069	18.265225	0.364202	2.220272	5.668788	1.201767	0.715843	3.737519	1.750352
17.138027	5.727548	2.342618	3.737255	2.459499	9.900215	1.005734	0.948917	11.079698	0.734076	5.449647	0.882445	6.051898	3.08552	0.813495	6.447325
5.842813	1.160661	2.826074	4.068834	1.91655	1.068833	0.171094	0.926765	11.12879	3.190049	13.280065	0.801549	5.283019	1.400624	1.529211	0.456502
27.976692	23.092259	1.67041	6.86487	6.433432	0.004297	0.722392	0.110151	16.415846	2.78719	14.830975	9.844341	0.984916	3.628042	0.158298	9.555731
17.98307	6.685721	2.478295	5.396698	7.460819	5.195219	1.000849	0.326861	23.693406	3.319634	9.055028	6.577514	6.971154	0.337597	0.584772	7.799532
17.990235	1.532079	3.224783	5.36929	3.854805	0.361706	0.114876	1.591082	4.119694	0.864025	4.815282	0.473794	0.868767	2.863106	0.438017	1.455155
15.071768	2.182609	8.029183	6.081637	3.424455	8.814589	0.979689	1.611708	7.167848	1.833908	3.685799	1.578476	1.616187	9.366204	0.336688	0.652342
1.387032	0.971379	2.856135	0.539274	0.645663	4.761084	2.800984	0.990566	7.065773	1.216102	7.760802	2.135239	7.539903	10.086989	1.554745	3.718483
22.06758	6.477792	2.431684	7.423205	2.411854	2.736938	0.482132	5.762146	23.017993	5.212875	14.457729	6.100597	0.570235	1.095868	5.017647	1.6694
2.257808	1.495235	5.701477	2.457648	15.289672	7.913694	11.102434	3.797015	15.285398	0.138804	8.823628	2.459334	4.908109	1.407194	6.906869	3.083457
20.017212	4.833742	0.413146	2.811825	0.355313	0.680384	4.351985	2.041655	16.088997	0.122373	2.839043	6.785784	0.319221	1.132084	0.359271	7.81289
18.326406	12.078446	0.472677	2.222986	0.848105	1.276641	0.788337	0.547203	6.331166	2.288556	8.483034	10.181496	1.967781	0.115592	0.384531	2.105624
14.005408	10.566477	5.772354	14.982703	4.349344	1.639138	0.769342	5.591885	15.128306	0.497928	9.621156	10.820579	2.520033	0.397534	3.665009	5.252911
13.720672	11.09969	1.379767	11.925854	1.934719	0.228333	0.881322	3.270124	13.772726	1.75929	20.233437	3.101117	2.695344	1.004598	0.673294	2.830047
13.782398	7.351366	7.833291	7.673976	5.913793	5.360725	5.211973	8.072944	0.554164	1.240944	0.047476	2.009613	0.33535	1.783734	9.841889	2.68831
17.453239	8.323452	6.972962	6.242816	6.187573	0.545764	1.907136	1.534331	9.441469	1.810157	2.557909	7.422276	2.515653	0.12378	0.947833	9.652235
0.54824	0.121987	0.255841	0.166346	1.053824	3.389224	0.862319	0.118643	6.704578	0.228154	7.015503	0.161673	0.666586	4.876644	3.870811	0.075693
8.824532	9.07028	0.111581	0.416433	0.568691	1.491268	2.553418	9.865254	13.852775	4.223385	7.013144	2.547905	0.704043	1.263043	1.558925	0.012629
9.417004	0.444312	1.642867	4.915411	0.15491	1.372581	0.635236	0.58949	2.625357	2.848732	2.835604	0.333196	0.180472	4.735423	3.200238	0.659235
22.494166	4.237615	3.217121	4.399156	9.544305	1.77186	5.008905	9.215195	6.704104	4.719295	16.961181	2.575718	0.543908	0.629277	5.395106	4.75058
1.123857	4.38035	7.494234	2.025998	4.64319	0.045855	4.589813	3.323079	14.042374	0.142987	13.326218	2.30962	3.504204	6.885826	3.374054	0.66127
12.70611	10.663856	0.359903	3.627757	1.345522	1.824838	3.315844	8.082876	10.768234	1.208489	10.793852	10.777947	2.090223	0.014627	0.157576	2.79964
21.804994	22.954145	0.58881	2.11042	15.560807	3.794375	0.402754	7.414589	9.02965	3.486588	4.112868	18.512136	1.07122	0.615133	1.177691	5.984893
13.144817	2.833225	0.233041	0.196	2.891831	0.910086	0.513701	0.603103	23.745521	0.947927	14.652896	6.686994	2.007398	1.70361	3.469818	3.71652
12.738295	0.814133	0.571398	3.42303	1.5577	5.455553	0.706555	1.12682	11.451239	3.974986	9.163875	2.98483	1.901452	0.065214	0.572973	0.82669
12.763213	3.817393	0.909826	5.498969	4.295673	2.033665	5.648199	1.634097	32.540618	7.744515	14.174373	23.131946	2.762493	4.493777	0.82877	8.654979
6.429501	10.087742	19.707252	18.983627	17.636168	8.405584	0.663173	10.865178	16.325892	1.696847	9.783428	2.047837	3.29983	3.142541	9.987125	0.675049
6.35162	2.350028	0.328447	1.810384	0.084676	1.034739	0.699854	0.902903	1.556286	2.007944	3.945781	0.763083	2.984698	0.287933	1.260198	3.959077
8.187274	0.830697	2.866932	3.218538	0.087337	1.352384	1.175554	2.357791	15.727288	4.704863	2.236772	3.770643	0.076912	1.707491	1.310173	1.918937
12.363598	0.18683	1.995415	2.718814	1.812896	0.564861	1.418295	1.129199	4.31873	5.733597	8.898673	6.925545	10.030805	1.340011	14.071931	3.248567
2.444362	0.308888	1.243408	0.352843	0.606859	2.590828	1.091223	0.541387	4.502325	0.643975	0.789987	4.020555	1.058365	9.627471	2.041484	3.432447
19.279068	6.471048	3.927057	5.485181	5.534108	1.003601	1.087202	1.742555	7.856287	1.43617	0.436537	2.056059	0.120862	2.090851	2.940487	0.42593
9.749541	2.097313	1.605276	3.049769	0.948032	4.160645	0.089389	0.614468	1.356113	1.714822	0.826325	3.125926	0.824735	0.409168	5.780323	4.156037
5.642731	3.179308	6.426485	6.143083	5.456908	0.263685	1.684614	2.201879	13.917817	1.726399	12.568851	2.014405	1.04188	0.808829	1.079635	10.672578
8.638758	4.60373	5.166471	6.465574	3.465256	12.582747	2.002691	0.020203	34.106917	3.24412	6.87759	9.779024	2.378453	0.965975	0.083955	13.065447
6.904726	13.67864	2.473001	8.104523	7.062583	1.015364	0.236685	0.688377	5.807012	2.751827	3.19522	6.00493	2.674002	1.182018	1.702168	2.646483
6.861563	0.588674	1.458025	2.66329	1.451598	0.576705	0.09135	3.395417	6.823775	2.961408	1.359449	0.583998	0.80696	1.030692	2.219951	0.060126
12.847669	0.363142	0.504253	0.062751	1.127413	0.049597	3.008875	0.304743	0.020014	0.037057	2.812792	5.775586	1.225346	0.433664	4.290177	7.510274
18.259382	18.353134	1.441063	1.007673	2.471216	1.012665	0.513038	0.636	1.457437	3.114761	0.100324	2.809642	1.331967	1.756474	0.718798	2.458913
15.006729	5.238923	0.109276	0.493627	3.563216	6.865738	0.138196	0.137305	5.888359	3.285534	2.059024	7.834624	3.271842	3.278655	0.18954	3.844001
4.743207	1.432019	5.073063	0.753149	0.032665	1.727424	0.107257	0.873032	10.034089	0.970621	10.054583	0.911704	0.237781	11.204029	0.136925	0.413315
21.735054	2.886985	1.645879	0.015998	2.502757	1.888733	0.635338	3.876825	10.599991	0.674295	0.350838	2.535968	0.471815	1.030538	2.737293	0.950765
15.860071	0.84747	4.334491	5.058514	0.674521	0.214141	1.462023	0.891302	13.354543	0.599889	5.482516	2.013318	0.178712	0.261854	3.967735	1.4931
6.567007	6.375749	9.250345	1.606482	6.69222	1.449605	0.009763	12.10635	18.875977	9.347615	18.990082	0.81339	0.067893	5.245068	4.758412	0.265914
10.812535	3.610527	17.402705	7.374466	9.28452	4.889814	2.435517	2.372962	17.52153	4.780268	5.798131	1.316443	1.122496	3.883809	3.185492	1.466623
14.572479	0.008026	6.297928	5.368949	1.340963	0.400001	2.292182	12.16987	1.86925	1.669783	7.396402	1.147121	0.133557	0.417493	0.999994	0.432009
20.288872	6.646078	6.39523	19.766158	3.310146	1.518873	2.960645	0.455697	15.799588	4.943705	15.524515	3.954621	3.952094	2.044469	2.05585	2.339211
3.179508	2.577798	1.64687	0.798365	0.530702	1.2854	6.40825	0.546971	3.658295	0.628059	1.501853	0.019175	1.218141	0.314111	1.474709	0.300372
21.396797	3.266975	6.527319	6.180127	3.601191	1.12617	0.306193	6.648628	11.566694	8.200525	7.112759	3.621793	2.764246	2.623042	0.081165	0.547739
10.430916	7.035895	0.822118	0.833287	1.341774	0.232817	1.21302	4.416599	2.064042	2.128234	3.32146	4.695797	1.463019	1.421023	0.549846	5.823255
6.366863	5.93361	6.524027	3.638568	0.571125	0.088589	0.481606	4.290278	7.945915	4.585678	4.201204	2.610532	1.147768	2.496062	1.200078	0.489578
10.754578	2.302238	4.074238	3.998096	2.414105	0.692194	1.329222	1.008548	6.487255	1.873936	5.833228	7.52555	1.329753	2.846895	1.076032	4.731162
4.20823	0.771085	1.965536	0.678387	1.109092	1.364008	2.086177	4.916902	10.098023	2.21241	3.561583	5.668189	2.420775	4.836869	0.74452	1.137135
8.83717	1.068713	5.42324	5.220994	0.096535	0.332372	3.81631	1.370014	16.419439	1.442179	6.63077	1.835958	3.707553	0.815952	3.071907	3.630215
9.423422	4.783533	15.267864	11.558809	13.326013	0.936553	7.846704	0.943579	48.77172	3.225809	3.731088	2.730666	2.314309	0.539465	5.791315	4.982905
8.926903	0.123409	1.122896	2.993991	2.849094	2.366928	5.067923	1.479572	20.472827	0.898264	6.924817	0.084736	0.149944	0.171388	1.035097	4.489646
19.024281	8.865581	6.070065	10.679117	7.509665	0.130178	0.572615	8.547719	20.147897	1.332816	11.693132	7.058538	4.70469	2.299655	0.355974	3.26898
7.690624	0.096139	1.033972	1.226805	0.648595	1.11032	2.1467	0.00928	12.439028	2.327429	3.680691	0.979219	1.748447	2.498988	2.488794	1.158065
1.33693	6.057247	7.410948	3.454976	1.370534	2.767152	0.480922	2.740481	10.107774	6.548586	3.842182	0.888246	0.022905	1.364554	0.889843	2.306273
6.086607	4.453828	0.750919	0.684591	0.828125	0.038551	0.784361	0.120398	2.122309	3.572647	4.542732	0.189129	0.550146	1.316437	1.338292	1.553983
8.016361	15.236675	0.28176	2.252428	4.576519	4.6921	0.681717	1.086114	2.831475	1.202533	0.468293	2.312798	2.544709	4.424643	0.485332	5.788681
6.373072	0.238353	2.611808	10.009903	7.199298	0.238901	2.656271	1.489193	20.357394	0.426557	13.082325	0.58479	0.307543	0.029875	0.325059	3.897021
5.941339	0.767546	5.497841	4.400416	2.932193	0.705886	2.729456	1.155084	17.63426	0.722945	14.667687	7.424695	1.709373	1.59198	2.127176	1.231331
10.174394	1.038709	4.735097	2.503831	1.195082	6.593708	0.372798	5.613222	21.676908	7.52152	5.950045	1.933298	4.513808	0.102304	0.740073	0.658836
13.25478	5.771151	1.2539	0.752319	1.280729	0.654712	1.410706	0.07442	1.738582	0.114186	11.651307	3.895621	0.295464	2.386819	0.220956	1.844011
14.830288	7.546944	1.759932	1.427132	2.186186	0.249866	0.537186	6.008226	4.743293	0.749218	2.820249	5.279605	2.791412	0.838288	3.645842	4.473185
12.895304	7.11073	2.54247	0.914148	1.129187	0.271873	0.280993	2.968244	8.806363	5.390461	11.278113	2.403378	1.565804	0.230734	0.046777	0.142953
3.062051	2.176609	2.694456	2.300318	1.786586	3.212261	0.289977	1.67155	7.984329	1.55158	4.896641	8.303806	0.312303	0.157713	6.299076	1.308155
10.689624	6.28787	4.636751	3.538846	2.742506	3.679958	2.296759	0.908336	13.147296	2.728473	4.21188	5.776956	5.572477	1.747368	0.382824	4.19794
15.817358	0.949059	0.775216	0.051347	1.198552	1.122473	3.060001	0.941417	1.694908	2.054219	2.448153	0.909202	2.393988	0.851595	2.404795	3.268108
10.913717	2.016939	3.136252	8.259512	1.996513	0.314133	4.497873	0.359385	19.359304	12.259484	6.83498	5.791542	2.549527	0.911628	1.010605	1.241696
9.387167	1.487154	2.812488	3.02423	0.014845	1.214387	0.466426	1.383584	20.415136	0.320791	1.189373	1.382701	0.358947	1.091457	3.756947	1.3977
7.928343	7.927805	9.976651	7.48723	7.201127	7.364572	3.679932	2.13898	18.732368	1.594354	14.106285	14.250805	2.525491	1.54539	0.146068	10.798862
28.312978	7.396436	0.137601	0.61182	5.643778	0.011474	1.054971	5.046153	10.290436	1.33082	1.135724	5.655419	0.948903	0.387648	6.269571	0.625525
13.595356	1.453347	5.661336	9.710674	4.644654	2.472317	0.55706	0.281534	24.201492	4.515043	11.428212	9.395135	1.834308	12.019458	0.96042	7.459279
10.250622	13.665451	4.425013	3.387216	2.469314	0.856595	3.754425	0.865482	11.358156	0.336908	8.265981	3.181257	0.627699	3.9117	5.223429	2.65714
9.099928	7.133123	3.868175	3.254677	0.064285	2.392379	0.402472	1.34585	17.229356	2.885093	2.24286	10.634653	7.626953	1.123445	1.054394	0.963148
12.884047	5.916076	0.284858	12.531292	1.536022	0.746622	0.574979	6.916513	12.321815	0.666201	2.454984	1.467892	0.635239	2.788214	1.126122	1.489754
10.587523	1.901708	3.000316	2.805697	6.316618	1.702975	12.210134	1.870011	16.642674	1.997093	8.411226	0.787705	0.048188	1.55361	0.564719	0.857179
14.695769	4.534369	7.394122	4.994135	8.294869	2.294177	1.169321	0.145961	9.301285	3.095651	2.449248	4.075161	0.12645	2.346691	0.184469	3.375002
18.540978	13.397435	1.811106	0.315051	4.03684	2.56843	1.384127	2.170096	17.031396	1.703029	7.914781	3.832205	0.008609	0.292603	0.064954	2.392805
7.898777	6.767964	21.228591	9.543684	2.994618	5.849599	1.821764	1.040255	18.749257	5.428096	7.075966	2.162192	2.052372	1.702907	0.072254	1.128897
3.391304	0.140181	2.913206	0.779617	2.340604	0.52027	0.557224	2.511515	5.313515	0.203919	3.957998	1.144846	1.992241	3.661731	0.42096	0.783578
18.399181	0.513618	3.632172	2.236487	1.60662	2.3942	0.503113	5.155693	5.74362	4.65749	5.075584	0.319083	2.223146	4.149279	0.277097	2.923727
26.647075	0.066655	2.358061	1.586361	0.654204	1.550381	0.387057	3.492976	17.3226	1.634344	7.809355	5.394063	0.598753	2.057412	0.213244	1.961497
16.013729	4.757587	2.439088	7.97738	3.662722	0.2387	3.820574	1.406693	20.72526	9.939866	10.480357	2.42673	3.915932	0.701136	0.581785	0.65366
8.494816	4.404834	1.04394	0.458185	3.427247	2.019154	0.875761	0.22675	26.180788	0.301547	4.956619	5.11957	1.467361	3.416811	0.426894	4.143329
6.931624	2.752265	0.64042	0.783648	4.370834	7.135431	1.22468	1.039449	6.660462	0.033517	4.250289	3.281325	1.235414	2.997632	0.273123	2.691257
10.046711	0.41722	0.566354	1.240771	0.147271	0.193032	0.4397	2.015139	9.186712	0.253122	4.699918	6.167345	1.114504	1.421479	0.78522	0.909637
16.230783	4.695488	7.907389	4.13016	5.353768	0.137412	5.68974	1.392295	10.663631	1.97006	14.335341	8.757308	1.740116	7.092741	0.78208	10.958212
2.430988	0.792977	1.117827	11.580486	0.530391	4.093505	0.468986	1.80355	3.088539	1.186042	2.958954	0.181637	4.150122	0.005892	1.115671	1.674324
2.093194	2.624135	8.251676	4.852981	0.255008	2.424903	0.602674	1.252432	6.754733	0.25564	3.198796	2.559557	3.712184	4.433707	1.201284	3.168981
9.451034	4.299245	3.623972	2.520947	5.260656	0.488919	8.979567	1.296824	10.377212	0.725828	5.141392	11.044376	0.206523	1.864332	1.124185	4.642486
4.568914	6.587162	5.486904	2.06128	2.479147	0.315675	2.805502	0.281835	14.123495	1.975069	9.05805	10.625011	2.166095	0.284285	7.526723	4.11965
3.789327	3.16607	3.743141	1.027757	3.431463	3.131922	0.420081	0.908435	17.211142	5.730123	12.304163	2.763792	2.558471	2.554685	2.159538	3.888051
9.953727	3.602903	7.473567	3.808778	8.986053	2.546138	0.082622	2.774147	15.850333	6.086549	3.519028	3.132646	1.413079	0.021343	1.278189	3.390253
14.774135	9.391096	0.289003	0.45179	3.915771	0.905446	0.331879	1.50987	24.255113	3.744214	4.694213	16.144363	2.744928	0.736293	6.521603	2.423374
11.848281	0.806045	0.214796	0.289452	1.270948	1.249963	5.708707	3.600148	10.228533	7.529144	6.029146	5.143275	2.27572	0.593682	2.050472	4.304622
11.01015	5.382809	2.539212	3.332077	0.7536	0.439155	0.496498	0.052194	12.575037	5.201313	5.654015	3.504232	2.66638	3.761506	2.122688	0.307912
11.88858	10.232882	2.291822	8.510182	5.858257	2.095475	0.881968	4.390322	3.075353	3.43793	5.176244	10.226753	3.942226	3.835843	0.242162	7.590413
3.722068	0.05067	0.85222	5.685141	3.98686	8.496018	5.418639	3.089597	10.184407	3.809467	7.666211	5.809087	3.259506	12.660919	1.561642	1.786459
20.837333	7.440113	1.156285	0.11812	4.53985	5.278362	0.400434	3.344864	2.927307	0.190245	2.986247	5.617065	3.642149	9.239366	0.970449	5.840473
3.016501	1.259716	3.608135	1.293193	1.129222	2.604107	1.589032	2.556396	13.492187	2.598798	3.379786	5.081579	1.429417	3.080933	5.936581	6.60341
17.351807	7.966862	1.873422	1.387491	5.045951	3.925853	2.130849	0.287649	10.539385	0.688398	4.66197	3.178587	7.811792	2.657543	5.177379	2.194299
9.144962	7.177481	19.114189	29.770883	7.473853	0.771929	0.597917	1.779779	32.406218	1.709402	5.336268	2.684286	1.29951	6.954737	8.411756	3.351637
6.580933	0.744146	1.403608	1.331497	1.332029	0.391549	2.524213	3.097798	3.653796	0.249424	4.752065	0.942944	0.876103	2.974046	0.623731	0.146105
16.697442	7.097482	3.137881	1.554506	0.39655	0.368527	1.728969	4.201229	7.640779	10.209681	5.75893	19.059738	0.690424	0.476342	11.241103	2.311957
13.140709	3.420122	0.246294	0.73072	0.061874	0.89706	1.132716	1.626635	11.926944	4.904048	4.676142	6.014741	0.312957	1.589714	1.635713	6.05929
11.065274	9.08825	3.569464	1.362625	3.934568	2.721405	1.432455	3.544923	3.362577	3.204085	5.712885	15.53098	15.074019	3.291417	0.821415	2.222211
0.953762	0.578331	0.438812	0.939389	2.685758	6.80543	1.060266	0.02536	2.927955	0.636856	3.6036	1.468194	2.842031	5.416433	0.105754	0.019375
9.181964	0.726551	0.625264	1.351357	0.273012	2.121622	0.246898	1.252353	2.640172	1.468434	1.720046	2.334595	1.783161	1.290653	3.774865	2.312565
13.308433	0.83391	0.184047	1.437372	0.15939	0.50339	0.498565	2.455575	19.573654	5.99203	8.162946	2.707245	0.683744	0.90982	0.214095	2.975347
3.662877	0.347571	0.829162	5.791662	0.702507	6.847721	4.09008	1.076991	9.535742	5.078048	6.839347	0.595544	1.451004	0.736093	6.096022	0.554132
6.646401	2.035359	2.332836	1.777267	0.124938	2.068748	0.409971	2.405953	15.489015	5.546708	6.427394	1.271542	0.570843	2.510112	0.009842	0.503252
12.882064	3.300935	1.271294	3.64253	0.257043	1.241316	0.695955	1.767808	9.280427	4.36901	4.078267	1.8349	0.102674	2.271435	2.873042	9.355596
10.518131	0.592524	4.344672	5.344696	3.455414	2.020487	0.426441	1.658355	6.042213	0.438538	9.236844	6.20987	0.131247	0.374201	0.020886	6.758611
11.257938	11.428266	3.658944	2.327769	9.688216	6.946259	0.865516	5.288015	3.229297	8.952859	0.387586	12.366576	10.818898	5.395974	2.245013	3.771284
5.01611	1.161062	3.388203	10.961861	5.12545	0.367112	2.935788	1.168998	16.381851	3.087746	5.652732	2.214841	0.272162	0.462102	8.653448	11.37611
7.767399	0.051005	7.147746	4.062176	4.749955	0.663738	7.760541	0.032956	11.473663	5.885061	5.318443	0.746544	3.282785	2.107636	1.24754	0.913167
24.869919	4.197244	2.883684	9.558912	0.67905	0.649969	4.628511	0.53603	7.356387	0.387667	10.915997	4.052315	0.738092	1.906968	3.408574	4.833923
7.744232	9.071413	6.922116	8.610976	4.578092	2.466096	2.054271	1.064298	19.738931	3.692877	19.029591	5.517794	1.550355	1.483584	5.005016	2.215219
9.297101	5.589401	4.292973	6.490818	5.371295	1.341948	0.116855	8.380202	1.045894	7.594547	3.200162	4.659666	0.350117	4.369524	1.978039	7.087632
23.471119	18.903697	2.501015	9.916032	1.02486	3.204221	0.70415	4.078965	7.632986	1.668493	9.37477	4.937662	11.253884	7.188676	1.838427	1.27938
3.385675	4.365129	0.217816	1.428448	0.544168	2.312988	0.072783	1.370336	3.133564	1.417641	1.119272	0.115906	0.782796	4.51228	0.210264	1.926742
12.526521	1.225414	2.000175	4.886681	11.400933	0.875491	4.473907	0.212399	2.752314	1.89633	0.744572	0.521981	8.35467	6.437995	0.028432	3.62024
7.208893	0.264125	0.980915	0.671188	0.376453	2.06519	2.502805	1.489687	6.575416	0.827628	3.812156	2.74936	0.781514	3.024547	2.427276	2.149966
