DefaultC-ContA	DefaultC-ContB	DefaultC-ContC	DefaultC-DefaultA	DefaultC-DefaultB	DefaultC-DorsAttnA	DefaultC-DorsAttnB	DefaultC-LimbicA	DefaultC-LimbicB	DefaultC-SalVentAttnA	DefaultC-SalVentAttnB	DefaultC-SomMotA	DefaultC-SomMotB	DefaultC-TempPar	DefaultC-VisCent	DefaultC-VisPeri
8.253378	7.733933	4.134107	6.874002	4.871378	6.731662	1.847401	2.545808	0.00599	1.769437	2.580535	6.043399	1.018335	2.470401	0.462021	2.285649
0.517047	1.303602	4.110406	7.985918	7.793152	5.625969	1.928866	1.775335	0.940319	2.574658	0.284465	2.447687	2.907164	1.511114	0.106049	0.052945
4.775319	1.556987	3.012519	3.401605	1.958585	5.912317	3.432938	4.178935	3.777036	1.367944	10.311617	6.919091	2.185309	2.741034	0.426122	4.577581
1.093483	3.840511	5.362006	2.480631	5.545167	1.218922	1.562666	0.401415	1.412145	4.172568	0.072527	3.266193	3.08909	3.551674	0.371403	1.326127
5.362481	2.765173	0.593162	3.174255	16.630652	5.853223	4.890967	4.566022	5.932175	6.415306	1.017989	9.956948	3.961498	3.063006	3.116253	1.345341
0.546312	1.742222	0.30641	1.325447	2.243255	12.673562	1.109532	2.983533	3.697117	0.431987	2.315381	5.306261	9.36384	0.960699	0.252437	2.465961
7.35487	9.476504	2.186308	2.696527	16.442581	6.453778	1.507386	3.59863	3.566448	1.030744	0.744088	2.752154	3.569541	23.585536	1.17016	3.605998
1.532443	3.486873	2.308741	0.003154	7.34793	9.377956	0.478695	1.428326	2.682509	2.298932	0.864714	1.03929	1.819645	16.923595	4.915917	1.086477
3.857188	2.142188	0.272045	1.804243	5.311593	0.314643	0.322992	11.878962	1.603461	3.12481	1.368713	2.461372	0.283483	27.491192	4.04239	0.880348
0.187887	10.992895	1.42806	5.557497	5.780368	0.787703	0.124534	1.423	1.032985	2.332449	1.105615	3.475556	0.621377	3.322089	2.100689	2.644546
8.980399	4.142784	3.622628	2.038429	8.687491	0.631845	3.222142	8.332624	0.003596	0.520116	0.537536	2.364571	0.007194	4.455289	2.568367	2.620137
0.034136	4.715086	1.463316	0.368568	22.697501	9.456952	1.255818	0.314943	2.47785	3.207687	1.407585	9.287343	8.030065	1.008623	7.033028	4.747391
2.849839	6.807635	0.574616	0.015798	19.988734	1.667666	1.593712	2.879674	1.484115	0.791037	2.235888	3.04401	2.266202	1.950569	1.564622	2.289179
0.353079	2.307719	8.93878	6.772853	26.082456	7.610016	1.444507	0.427784	3.14713	4.244193	0.844613	8.289159	3.303142	4.686404	5.739867	2.418015
0.715835	6.011242	0.623166	1.330018	24.117927	0.830836	1.495645	0.731309	1.466405	1.398882	0.711678	1.736339	0.864697	8.083952	0.457552	0.97718
1.351233	3.104734	1.779968	0.875122	14.543621	0.357464	2.9012	1.568873	0.333466	4.644489	0.204585	1.518684	0.704972	1.697595	0.207309	2.332798
0.968013	4.118855	4.146612	5.864993	14.275375	8.540415	8.762353	1.28155	0.006823	0.000468	1.885817	0.940243	1.93591	5.160438	1.77563	0.365368
11.569096	4.126181	0.989733	1.64776	15.985796	4.265915	7.590389	7.691654	1.346182	1.061387	6.735731	8.468006	2.164306	8.975574	3.042357	4.873191
2.53467	2.570514	1.909789	1.153614	8.870352	12.642887	2.845248	2.341425	3.248599	0.391948	2.802716	13.595288	3.472025	17.233809	3.926349	12.801638
2.85793	2.794811	2.285778	3.079889	0.512745	0.826551	1.435535	6.365168	1.269753	0.23407	1.406735	1.232539	3.572445	1.207878	0.209879	1.532612
0.908662	4.038448	2.129095	1.363756	6.124674	22.661584	3.415487	3.413864	2.187059	10.002212	0.805304	1.933074	18.545475	0.296123	1.071997	1.466496
3.629026	3.539172	15.678838	19.906922	22.330622	5.797357	8.552186	4.219709	5.757615	0.252472	2.49538	4.675058	0.79962	24.771144	1.814331	3.278192
2.914315	4.107451	0.782834	0.557029	0.33703	2.463318	0.917449	1.379734	0.937168	0.938417	0.098604	4.567049	2.444385	0.9526	4.862725	3.413625
5.103115	1.741725	2.943179	8.543749	17.569771	2.440621	0.128264	1.149605	0.224169	1.682062	1.872365	2.939154	10.820655	0.23918	2.39945	0.037204
17.492126	11.785293	10.636271	14.210923	15.24186	3.091986	6.578584	9.382952	3.806643	5.579484	3.750519	0.972978	10.431133	0.727219	0.007751	1.784381
1.616575	7.937037	4.327381	2.15229	0.382123	2.010008	1.299502	1.876263	1.097998	1.918779	1.187802	1.331185	2.823403	15.017139	3.283117	4.009347
0.581314	2.018088	1.172013	0.2162	4.459807	0.4044	0.25367	0.656409	0.721005	2.080268	1.345749	0.165395	0.339226	2.372206	0.506348	1.333016
9.375258	14.695188	4.687087	4.838165	7.998214	2.277561	10.95044	5.068864	2.855687	0.907555	0.483549	2.769339	2.99137	5.591662	4.804976	3.331672
2.308781	2.892768	1.927522	5.37655	1.389101	5.58084	2.597949	3.026842	2.204506	5.765833	3.215511	14.109756	0.593447	2.109216	1.931748	9.951797
1.078461	6.417628	2.234476	2.843001	29.317575	8.120515	2.411942	3.226161	3.117396	4.830382	3.732054	4.19591	6.767743	3.644742	6.341803	1.719623
0.530077	1.459164	1.614789	3.938441	2.016471	7.190207	0.970925	3.423513	4.141786	1.39445	7.648549	3.294249	1.782452	0.312944	2.603293	0.849669
27.075363	25.48444	12.313062	17.792656	12.497985	4.388232	12.549532	14.83534	0.076977	4.621132	0.765888	4.092414	4.256352	10.576657	6.977072	4.864011
0.527116	0.659687	4.154379	3.225919	12.900656	1.730501	0.406809	1.480235	1.273251	4.887534	0.85745	4.18742	1.397964	6.490226	1.380587	1.754501
7.764972	0.990937	8.363817	3.220743	6.404041	7.195955	5.063065	15.793032	10.582429	4.678232	2.211947	26.600899	1.830491	3.286678	7.876809	22.569707
0.108449	3.670661	0.166569	0.458116	5.113228	0.943009	1.755434	0.022669	0.890985	5.167184	0.015872	0.205231	1.01735	4.451364	1.514145	0.283948
3.962052	11.183342	1.283805	5.097682	0.534534	0.94995	0.397844	3.59549	3.601978	0.017463	2.297015	3.89022	1.216897	6.65676	0.838014	0.21431
0.526976	0.777096	0.454544	0.136267	1.239459	0.771046	0.483049	0.16169	0.394362	0.682218	1.484202	5.681741	5.230677	1.587618	4.12117	3.784265
1.182962	2.072702	1.561395	2.021709	9.682422	7.388496	1.466543	1.38671	1.265527	0.470372	3.154204	2.2559	0.88825	12.416267	0.634433	0.090919
1.281819	11.389684	1.210581	0.56474	34.068082	5.891706	0.919931	0.895259	5.760897	5.056818	0.053751	8.045243	4.85355	3.838356	0.379329	7.267319
5.089008	7.098133	0.995606	7.358509	1.670169	12.054394	0.809592	0.096386	1.197248	0.003887	4.980802	1.276653	5.019713	1.809478	3.176423	1.489636
2.584038	9.491518	5.887399	3.423453	2.236565	4.231151	0.768021	2.525796	0.304001	0.993967	0.191104	1.195137	1.668849	14.36928	1.439354	0.744243
1.303004	0.077837	1.024976	1.898862	19.855989	4.885678	0.293304	1.426103	4.285654	2.493873	0.266551	1.308824	0.01531	7.629133	1.357787	0.419993
1.415463	2.803315	5.735534	1.09891	0.891126	5.750903	0.143484	0.536606	1.33163	2.089143	1.865772	0.805982	0.414372	0.844066	0.862609	1.168489
5.606039	2.792661	5.691161	5.188087	2.565604	2.483366	0.910455	3.988567	1.880702	2.646311	2.064043	1.109323	1.997371	5.376127	2.100113	0.97656
0.257651	1.015866	0.955334	2.303062	6.876118	7.704417	2.299531	2.169096	3.286177	5.156146	1.672311	3.964982	1.742542	3.078272	0.387671	2.874759
1.268231	1.664578	0.210581	1.197257	16.836123	4.732463	1.155695	2.396367	4.636311	0.240551	0.707618	7.476929	6.85703	3.481852	0.89081	10.216821
1.640532	4.696817	0.859646	4.722107	3.933159	5.436769	5.787881	1.863809	1.650212	3.949336	1.190555	6.059774	0.211084	3.407555	1.557631	5.394028
0.165012	0.031015	2.078467	5.089693	32.303625	2.146914	3.239732	1.997424	1.108472	1.989086	0.210196	2.820036	0.012015	4.570497	0.916699	0.1395
2.290351	1.18648	1.388445	2.73586	5.865917	2.557737	1.289146	5.068685	0.851572	1.897045	1.449027	0.645344	0.279376	11.351604	0.789679	0.500399
4.981385	16.435002	0.705381	1.522032	21.297811	0.481911	1.083439	7.566167	4.960833	0.483986	3.256547	12.276421	1.064671	6.888748	0.479622	3.621332
5.059135	3.794619	8.188079	4.517081	13.97969	2.672593	3.007112	3.206794	4.362546	3.838248	3.008788	2.136037	3.597712	0.594848	1.064751	3.161574
0.543122	8.768226	4.272461	9.328421	33.730998	13.207911	1.430555	0.051038	6.910267	0.841917	1.370986	4.420133	6.090097	1.293835	0.240723	2.485579
2.030038	3.801367	3.45782	2.765566	2.203817	5.050988	0.04632	2.281617	1.147616	7.127693	3.651231	0.198619	4.321393	1.859173	0.70628	2.13656
4.797024	7.555126	0.426976	3.222873	27.323055	10.328545	0.417459	3.479554	7.201952	2.250742	7.544046	18.663643	22.338173	12.381619	23.878609	10.749749
3.1787	2.785626	2.748747	5.803719	25.506592	1.211644	1.096521	3.458372	3.113602	2.774841	9.271405	1.029247	0.362957	23.517969	5.281595	2.908577
5.125846	1.923012	3.282174	6.024446	2.309576	6.095476	11.020956	3.200499	1.266789	1.146587	1.964679	6.1538	0.1218	0.030702	4.579924	8.357962
0.63	5.240867	0.272192	2.959102	25.790436	2.809092	4.57285	0.626417	2.292271	1.559575	1.663961	8.681155	4.642351	7.587274	4.131861	14.088078
1.102175	3.002365	0.130004	2.524906	32.022856	3.043282	1.679002	1.639792	0.344321	1.448212	0.131888	3.27631	4.977817	0.24519	4.323209	3.361467
0.189528	3.852205	3.156612	1.542109	1.251887	0.277159	0.121686	0.093254	1.720448	0.008223	0.621359	2.675176	1.677244	2.598515	4.399318	4.583674
0.013403	2.971491	0.584991	0.987561	13.875954	6.351559	11.541339	0.754149	0.365564	1.064217	0.267089	3.901333	6.613144	5.139332	5.227207	0.79691
0.97501	3.352342	5.704488	3.942442	11.588696	2.846772	3.666197	1.430431	3.028073	2.163492	3.818638	0.086718	0.634858	1.406287	0.504893	3.595255
9.144718	10.781444	5.704076	10.159867	11.044208	10.700952	0.880131	4.280192	1.196125	1.537569	0.718693	6.825709	8.589546	0.692467	1.421638	0.50781
1.693223	4.110723	1.878656	3.445203	4.766936	2.540586	0.387641	2.490314	6.694632	1.615378	2.357652	0.250417	2.413743	3.031293	1.106168	0.183436
4.80826	5.697801	0.704903	1.10274	36.391491	2.461198	4.337282	4.690486	1.645794	1.184099	0.468568	2.952087	2.684416	2.313493	5.599446	1.147663
0.837048	2.986682	2.213607	0.567106	5.590239	2.539556	1.059277	0.82177	1.789484	14.358618	5.62471	1.23728	1.803791	4.935495	4.819002	0.660176
2.872926	0.545572	5.156144	5.663478	0.091169	0.921977	1.329661	4.136999	1.078865	1.594749	1.062649	1.672182	0.451115	10.375358	1.598601	2.535468
1.510365	3.636335	0.738526	0.187111	11.862337	5.149614	0.588387	0.714243	0.535981	5.98966	1.046113	7.797739	1.475873	1.58759	1.414254	7.688611
1.046819	0.683076	1.035472	0.040179	4.896403	6.181283	3.582608	0.143335	0.010047	3.413529	1.740211	4.220334	0.60104	4.502189	5.037255	1.28958
7.732914	2.350954	5.470925	0.669083	11.434566	0.407265	0.755882	1.530085	3.324597	9.282132	2.722359	1.747662	4.136733	0.688033	0.57335	5.132549
3.859394	0.850959	1.548655	1.187314	15.944901	8.789434	1.003306	1.041655	0.715527	1.28655	2.395765	3.339667	3.504003	6.642423	1.545825	5.738621
9.10497	5.056928	12.965262	10.040353	11.236447	3.853945	7.303566	2.289477	0.37413	1.216455	0.134012	2.33243	1.043871	12.227833	9.288711	2.776854
3.696561	0.647348	3.483896	4.51433	6.57941	2.525597	3.906805	0.083914	0.495594	4.67136	3.822013	3.728065	1.749428	2.98923	0.085269	4.341913
3.124253	4.84061	2.516644	0.879804	4.056188	10.301603	2.487753	1.766475	0.604639	1.029861	0.364861	0.640245	2.157442	2.821784	2.111906	1.836238
2.027817	0.740139	5.74145	3.133795	6.575498	8.500242	2.589817	1.950264	0.770981	0.694451	1.097867	0.285838	2.502564	0.342307	1.023993	0.228694
5.074072	4.045697	1.076119	2.905062	4.830799	0.407305	0.204088	10.603631	3.188271	1.408889	2.283352	0.013246	0.305693	4.165235	0.521974	0.463496
1.509715	6.199318	1.686496	0.38988	34.191186	4.187275	2.564027	0.173448	0.310454	9.923315	0.013472	2.524679	3.30005	8.38761	7.762647	5.904931
0.08794	2.793113	0.642206	0.123323	11.020217	5.293928	4.834081	0.335596	0.513652	4.63035	0.56679	6.176725	2.203993	1.227597	8.581757	0.805345
3.716434	3.414014	1.674215	1.074811	12.452085	0.728886	0.341881	0.079482	1.801513	0.712975	2.207224	4.4837	2.50911	3.196235	6.456233	1.339699
7.08229	8.233114	0.609591	2.9263	60.362085	14.727948	4.18413	5.430536	9.546979	2.975027	2.866262	34.448659	16.834619	8.670018	2.728271	24.1061
6.533128	1.879089	1.888325	0.910409	10.813482	8.179286	3.374583	1.192001	0.14197	6.13871	0.561135	0.874809	1.135591	0.933785	0.919574	0.488702
3.636427	3.532933	4.036261	2.289571	19.280899	2.274807	0.490409	2.159662	2.644843	2.148942	1.562189	3.649327	2.792719	31.983279	6.831116	2.057274
3.085502	4.597991	1.663183	0.769419	11.521296	3.292306	5.985017	2.730261	3.0561	6.028925	1.59853	2.104566	0.082437	34.406521	5.890662	0.02009
11.291181	4.626598	0.361222	8.444448	40.33637	30.503042	0.855463	3.424092	6.181083	4.486747	2.866477	9.353683	0.876396	2.33897	0.430128	0.019632
11.041931	5.672932	9.813923	12.796289	11.980615	2.83358	4.776237	8.687222	4.907475	1.62093	2.272735	2.505632	0.968704	3.406335	5.323933	1.864649
17.243555	3.760525	10.107389	16.547147	17.291369	4.271616	0.435452	12.468713	4.858544	0.534635	4.053562	0.088653	0.099851	8.941059	2.417121	0.259522
0.686152	3.786272	0.330225	0.756814	6.642593	0.743728	2.874073	0.60181	0.865683	0.015769	0.025595	3.127	0.514238	1.28946	0.524522	3.946433
3.618337	1.373012	0.559	1.188994	6.247332	1.730419	0.276435	1.996471	4.672085	2.034823	4.091028	1.399596	0.987802	0.267077	0.12224	3.671732
6.93137	3.997555	9.104053	12.642879	13.936972	0.072418	1.873682	6.255191	2.918763	3.823896	5.781124	1.992733	5.672043	6.626879	3.261438	1.101796
2.885733	9.880532	3.03431	4.220797	28.381252	9.497722	7.78506	5.369413	8.814029	15.00415	11.291745	16.554589	1.839444	10.99495	1.099968	6.536115
0.941988	1.844113	0.349306	5.290076	4.253007	2.288436	5.892634	0.264227	0.472844	0.07677	0.378207	8.142855	3.805211	3.089451	5.37345	3.127018
2.528578	0.247984	3.550413	5.307546	3.715925	0.295756	1.672905	2.457993	2.247455	3.561017	1.964808	2.469725	2.091127	1.994242	0.927312	2.341695
1.770644	8.763858	2.560456	0.562966	12.641507	9.062047	3.002662	0.31975	1.662962	2.085895	0.987512	7.582659	3.74376	5.989297	0.024124	2.151848
0.537502	8.065487	0.039539	7.074098	3.68204	0.56543	0.694399	3.324254	3.407198	2.283576	4.805574	2.575282	0.495864	17.828361	1.486056	2.280191
2.375784	1.013313	1.775414	4.347948	4.142419	2.759341	0.553208	4.406379	0.177329	1.07529	0.931381	0.12036	0.810252	5.616313	1.84046	0.261432
0.42727	1.705493	2.23729	1.597666	18.163729	9.784372	7.080337	0.328127	0.498923	7.476027	0.063129	4.494507	0.715027	2.260348	1.17528	2.83134
7.478758	0.643639	8.937389	6.372088	5.942854	5.225703	1.756759	3.229422	5.686486	11.974518	0.960492	0.638728	2.991792	0.413578	0.537567	2.475143
0.564142	2.25532	3.108737	2.383747	3.855449	5.094206	0.154667	2.823497	2.015804	3.264074	4.89821	0.594896	0.05378	2.348103	1.396142	1.836569
0.973367	0.397996	0.863456	0.441122	0.756819	1.632929	3.502856	1.45953	0.368552	5.327824	0.254202	4.163122	0.798413	7.674222	1.522022	2.431487
2.586313	0.343184	1.348883	4.286681	9.69206	3.913017	0.407594	2.04504	2.522094	0.099893	0.876695	2.384463	0.534388	3.246229	3.412918	3.244341
1.674429	0.434315	1.169531	1.000673	3.139916	1.756976	0.907513	1.724809	0.97839	3.078093	0.038091	2.102892	0.264486	2.729914	1.057898	1.419875
4.733516	1.839966	5.455311	7.46276	0.321451	0.493481	0.594046	3.339346	0.365729	8.26293	3.366179	2.77208	0.653679	0.137959	0.619243	1.136579
7.480781	0.801016	1.603144	4.498811	4.62628	3.318291	0.322098	9.716495	3.024622	3.511352	2.228444	0.865148	4.591117	0.580511	0.104104	1.231462
4.495683	6.914034	25.803904	21.149808	2.607923	0.537609	21.862945	6.58966	0.139561	8.255691	3.080347	15.5851	4.170466	6.060468	11.855594	4.971827
4.559137	2.574627	1.865168	0.053529	2.740989	0.08874	0.252926	0.982164	0.655899	3.024243	5.79381	0.150362	0.429264	4.615243	2.812929	1.405632
0.435668	0.520165	1.063504	6.067824	36.635506	6.193698	4.90339	1.699483	1.619846	9.466517	1.834677	3.199255	5.880556	0.620677	3.407627	0.612363
1.69439	0.185043	11.775089	11.727278	4.705444	3.318633	10.63168	7.699023	3.879861	2.493415	3.419667	13.795691	1.036547	4.17394	5.891314	22.035238
0.354177	0.650274	0.551255	3.132002	1.99346	1.593132	1.688227	0.398238	1.79261	4.258218	0.228798	2.383457	0.539729	7.217307	1.59762	2.402387
0.50385	0.444348	0.650723	2.248458	12.255159	0.43869	3.639192	0.045959	0.112555	5.693148	0.751411	1.604902	1.960126	6.830823	0.437509	2.513516
1.864918	3.604944	0.531721	0.09498	20.416415	1.895073	2.417843	1.373802	1.304376	3.434347	0.25108	4.291306	0.972589	32.455672	0.866732	5.472595
4.935645	0.426007	1.246122	1.436857	19.795827	3.5606	2.085175	3.068596	0.73338	0.228567	1.209683	4.462462	4.45326	10.214549	2.998724	1.604907
2.247019	2.043751	16.696211	30.127411	2.656634	29.895457	5.138665	2.549747	3.353284	1.895707	4.547852	6.43036	0.477006	4.943381	7.72247	5.266961
0.440783	5.904874	0.600519	0.208708	21.11815	3.920627	2.387623	1.485666	0.962873	5.051191	1.536741	3.870467	3.491759	3.119604	0.116353	5.873766
2.558053	8.163829	1.050165	1.121334	4.712233	13.383076	11.395224	1.453981	0.910169	14.467197	3.049189	12.186679	3.157255	5.692104	10.261521	7.322303
2.587616	1.743681	0.429046	7.911288	17.03085	0.649972	1.640265	4.291954	5.635337	3.669855	3.11707	0.635052	0.661139	6.990706	2.553842	1.827755
5.772747	1.65916	0.910329	0.824526	0.134487	2.288796	1.38081	1.311604	0.533588	2.055124	3.962803	0.017992	3.019759	2.502971	0.821427	0.4969
1.183995	8.369525	0.280226	0.714064	13.703628	8.582713	3.246338	0.135667	0.028945	0.742383	0.040966	2.066483	3.866939	12.297386	3.791998	5.504255
1.042536	0.482923	2.670851	0.136729	5.845158	10.797612	8.433808	0.462737	8.580043	5.835195	1.399461	2.3255	4.598484	1.557647	0.124135	0.790606
0.304786	2.019744	5.909267	7.059362	7.899836	4.819055	1.21104	0.766793	4.102377	1.712468	0.794799	4.592169	2.606346	0.500211	0.32399	0.290311
2.233912	5.501564	0.295821	5.165374	9.059061	1.852699	3.702215	4.390928	3.381025	5.165365	4.001772	6.689804	2.398515	6.872492	3.255699	8.326576
0.597522	0.252339	4.821716	4.959251	26.45867	13.849747	6.328806	0.299326	0.351013	1.780584	1.104389	1.954082	4.730009	13.866446	1.353338	0.427295
8.597013	10.108635	5.136996	18.045855	1.230587	2.742243	8.048548	12.343257	3.032191	0.697987	0.331612	2.999136	3.858128	10.506721	8.120289	3.789292
6.876417	4.447507	1.882497	4.04339	18.946703	7.123801	3.381	5.487809	4.844016	5.829737	3.644448	7.372985	5.481426	7.701403	3.979724	2.189542
16.382287	13.197475	17.572452	19.307129	18.7278	4.015159	5.488942	16.829618	7.289896	1.83766	6.089184	2.899295	3.178177	2.4259	7.995771	0.579424
2.66977	1.133635	5.345206	3.041687	8.122018	1.861593	1.479816	1.561366	13.010602	8.719762	5.527003	5.735447	1.107383	2.089095	0.158631	3.494404
2.268059	1.04065	2.630775	1.316594	12.386878	2.364893	2.533161	0.556843	1.601771	8.099419	0.114355	2.424448	10.411977	7.535089	0.64357	0.590435
11.893654	4.09664	2.884916	2.186083	8.383351	1.178779	1.620837	17.204207	0.645773	7.198971	5.832251	1.066583	1.266799	3.836594	4.647399	0.874151
0.254077	0.194231	1.792744	2.47826	5.485587	2.828739	4.259731	2.319283	0.935552	1.61849	0.440668	3.265909	4.541963	3.35211	1.123071	2.703736
0.456437	1.135278	5.837425	5.749185	8.447732	1.716644	0.000695	0.75727	3.841938	0.065565	2.002006	2.182832	0.532997	0.96334	2.209726	0.53595
1.914189	2.974634	1.969717	5.180882	2.394729	1.002537	2.343768	0.515172	0.847983	0.308398	1.265723	5.498054	0.003466	6.808987	0.809264	0.316488
9.984115	3.563599	9.517837	20.977347	3.121964	13.758232	7.632255	5.310072	3.044307	2.349172	2.184265	3.05421	0.854857	1.008284	12.940217	2.105904
1.177555	15.902161	10.902883	11.475891	23.654386	6.928628	20.439778	2.896516	10.512783	18.011991	2.35559	11.463727	0.625796	4.292635	1.490196	15.721878
1.041981	0.370357	1.820753	2.03825	10.059291	3.04267	3.128728	1.249728	1.627366	0.053182	0.790402	3.749983	1.303461	6.056559	0.319788	2.965128
2.880202	8.37975	1.232687	1.661994	26.24109	6.904161	2.530414	2.222519	1.883906	7.146401	6.876485	5.153365	2.317257	3.782137	1.547464	1.406085
4.659762	0.299797	0.719696	5.529791	0.687684	0.72666	1.54622	2.141875	4.308271	0.405995	1.05755	0.596697	0.385023	0.833973	0.060982	1.256732
0.208624	2.762328	1.328865	0.235666	6.149557	4.090493	1.069247	2.743171	0.759745	5.408532	0.198961	4.159713	1.037488	6.486206	0.487613	2.472558
5.086309	18.770365	27.801333	14.067354	4.827019	6.057296	6.675274	3.303696	2.124043	3.547164	5.12536	43.178728	0.422474	0.672501	9.61386	31.111028
0.123445	1.116868	0.294251	1.331223	3.523042	2.838445	4.601055	2.085804	4.25425	1.086998	1.253977	9.915394	0.871671	1.208729	1.077497	4.791349
3.794	1.764127	0.608531	0.127371	0.765677	0.982881	3.035999	1.924633	3.760162	2.128103	4.041481	3.311148	2.920065	7.189935	7.78986	1.815599
2.087058	3.237505	3.613803	4.744834	32.639017	9.559113	4.654572	0.296001	2.012016	16.847972	2.438818	5.148616	3.744764	6.52823	0.11102	0.372096
7.906567	16.556869	9.638994	13.462669	2.494785	7.227852	6.893747	6.819819	3.012028	2.071193	9.031072	1.353331	2.834616	3.128673	3.234662	0.802529
2.667478	0.431601	0.308894	4.005469	0.460687	4.120368	5.430747	2.137194	0.754455	7.74356	2.391905	6.506676	0.519717	1.118229	1.605923	5.221104
0.285867	0.568749	0.567093	0.872975	13.092818	2.383017	0.081861	1.249808	1.61294	1.152174	0.110365	2.744463	0.224395	6.096852	6.160433	3.834911
3.841017	1.682885	0.454113	0.720493	6.377126	3.111055	0.437141	3.816829	2.699852	10.323452	1.734517	0.500779	5.209859	21.990808	1.397627	1.93349
1.309333	15.806346	4.27424	0.868741	18.630314	0.631867	0.081339	0.34233	3.099602	2.63337	1.608678	7.187955	4.437033	19.598039	1.573552	2.154103
0.572565	0.747032	0.598502	1.412356	5.493897	12.049942	0.418749	0.251294	0.878448	3.477456	0.360176	0.072439	0.941243	8.688003	0.948728	0.600943
0.212459	0.75811	3.185458	3.351758	7.014782	2.10373	0.481491	1.854861	0.839608	13.998502	1.752058	10.582252	0.593173	8.843532	0.312284	4.011621
0.869107	0.324626	7.455679	2.87903	18.822336	0.644199	2.69333	0.233446	1.892165	7.372085	3.692441	1.571256	0.865104	2.150831	1.134632	0.707086
2.534376	12.876808	3.757749	2.225436	28.109635	2.394367	0.479816	3.835967	3.743889	5.49568	1.461413	3.224661	1.342078	1.92702	1.418722	0.358541
1.834905	1.249277	1.060281	0.231656	7.160581	1.384497	2.217874	1.050853	0.200602	4.675988	2.912416	3.643727	3.034977	0.698824	3.391392	2.741187
5.779635	3.860378	4.595912	10.534483	10.152482	1.973586	3.418004	10.364448	4.025932	2.114992	1.928897	5.665929	0.014969	1.606392	1.925296	6.992226
1.349414	2.07033	0.154885	3.58552	2.218499	1.645752	1.168855	2.638247	0.629319	1.75124	3.497591	4.910526	0.297289	1.344728	1.276575	6.884362
1.049052	1.24799	0.01797	1.433068	25.044921	6.128621	0.670637	0.310676	0.117913	0.596547	0.162426	8.940987	3.620808	12.311647	4.841107	4.427517
1.644781	4.512136	0.130916	0.119864	3.21599	14.925833	3.553411	0.001332	2.050358	0.511381	0.635945	6.390736	0.142194	1.772969	4.309849	4.698385
1.773181	8.192434	6.58139	3.889306	14.662947	4.766696	11.672195	1.654865	1.59723	1.267278	2.711855	8.297325	1.014785	18.811454	4.4911	5.782555
5.768873	1.331972	0.405656	0.392067	9.578118	7.283611	7.60607	4.575981	0.041305	3.793334	0.581554	7.607468	0.836143	0.872219	0.688576	2.727386
6.716821	6.279264	1.049338	2.700873	0.098612	2.382403	7.066265	6.230344	3.79391	7.401476	3.693048	0.561545	1.854578	0.355671	1.809012	1.780416
0.032801	3.363545	0.368051	0.984418	27.910748	6.878165	2.285528	0.333759	2.520229	2.727487	1.021651	10.613526	1.414105	6.848572	1.16029	4.917465
0.522392	7.627007	0.57916	5.006694	7.338535	2.910109	1.220112	1.057123	0.986729	2.36243	4.321648	16.606942	8.986005	8.478543	3.051151	5.162811
0.383577	9.096891	0.571329	1.671	4.964048	5.167122	1.702773	1.340218	2.243716	0.853731	2.944126	4.767574	4.035136	6.261766	1.049263	2.019118
3.396379	0.852357	0.28422	1.965941	5.59514	9.461053	1.996575	2.518497	4.437535	3.007455	7.390369	4.239674	6.536749	4.452551	0.396702	0.403835
0.230368	1.738641	5.666161	1.426763	4.606161	8.3401	3.971721	0.167713	9.657327	6.68295	0.294037	4.690535	2.16745	3.788564	4.402885	2.401816
3.497232	0.446956	1.107571	1.050211	6.983916	3.842314	0.282289	2.346866	6.136971	0.240395	1.339849	5.322848	0.600482	5.278623	1.443363	5.666388
1.524864	1.344269	2.272828	0.477831	2.894755	0.387157	1.603311	1.149133	0.209706	0.534332	1.750459	0.567328	1.74283	0.708065	0.717964	1.540617
2.667445	0.526355	1.705099	4.914171	7.040815	1.396944	0.497558	4.622828	2.43108	1.013195	2.784288	3.316125	3.015023	1.441061	1.904353	1.736729
4.416497	7.67732	2.108559	1.527657	3.699848	4.182114	3.054868	4.528726	3.247725	2.407058	0.731509	3.732592	1.162449	0.016566	0.177675	0.780691
8.506554	1.019656	0.056978	1.72349	14.539122	0.968221	0.998059	5.706206	0.474098	0.216213	0.08732	7.043952	3.527023	6.432929	1.382942	2.325486
0.973909	8.186135	0.55575	1.380268	20.656251	6.591205	6.299901	0.660551	2.109917	2.281975	1.79726	0.835615	0.796942	1.072903	0.053307	0.24664
1.96284	1.834546	1.544685	2.225147	29.895964	7.229072	0.863076	1.79996	8.667215	0.970459	0.857487	0.426916	3.922795	2.31881	2.296414	1.063907
0.212598	0.90837	2.978452	0.189288	10.619103	6.465501	2.727915	0.827982	3.12394	2.653704	3.434162	12.779963	0.287515	11.713476	1.535925	1.151574
2.7283	11.764035	0.503979	1.89332	11.907096	2.252771	3.083516	0.146464	0.558798	0.173915	1.28726	1.6416	5.209168	17.731976	5.373099	0.468661
3.972329	2.684497	0.701843	1.894911	19.735305	7.209529	4.423527	6.712969	3.830212	6.613781	1.394813	2.51815	2.992873	2.570591	1.330146	1.578288
0.606854	1.499321	0.64526	2.68392	11.523159	5.070789	4.059119	0.552281	0.572989	3.130974	0.297137	4.639457	0.101301	11.241351	2.505623	1.288747
5.802577	6.261286	0.65156	3.181398	8.110666	4.665902	5.827379	7.532615	4.100039	5.061725	2.48827	5.495141	2.180539	0.254509	4.380665	0.560272
4.196655	2.14527	6.346521	10.448335	5.089058	5.574619	0.14451	5.950275	1.599808	0.397515	1.097631	7.134473	1.812122	48.599235	0.845346	0.382052
0.935265	2.564549	2.349145	1.262704	1.254013	13.793463	1.419716	0.00987	1.682327	1.828606	0.61094	1.321216	1.270325	11.205951	1.926621	3.230455
0.160779	6.342418	0.345517	1.359854	7.121859	3.016529	1.001618	1.072495	2.352954	1.300925	0.973946	1.882368	2.290368	5.503346	1.807423	0.237767
1.130486	6.125131	2.771709	1.994732	25.946399	3.18044	0.664845	5.753804	9.992754	4.945542	3.773678	4.93062	2.277866	0.574561	2.121468	1.407476
4.047906	1.915769	2.819287	1.260091	3.618265	3.606658	3.367341	8.994017	0.969182	2.1238	1.282162	3.246318	0.581744	20.868423	1.167889	2.385033
1.157982	0.046534	3.355218	4.020065	2.969013	1.377578	0.583863	2.498947	1.037821	2.470704	0.175601	1.429644	0.475185	0.20404	4.514448	7.68122
9.959343	1.34056	3.459777	9.334192	19.957584	0.556799	0.556546	5.340119	4.499462	1.177758	2.183824	0.921896	0.922816	5.327259	0.237884	0.410737
3.713428	1.92872	2.609188	1.341262	5.92172	11.214144	4.893811	6.538125	1.440729	1.778533	2.135786	0.266134	4.788101	4.018491	4.784011	6.751666
1.648976	1.601889	5.658612	9.758601	5.353876	3.16376	0.204395	3.526858	4.725184	0.356759	3.304251	2.958364	7.315717	2.043054	0.47583	0.399009
1.878895	2.209172	0.871172	0.328255	5.254033	7.306418	4.117191	0.533534	3.91549	3.694114	1.142646	2.398599	4.66697	1.355894	6.697461	5.177765
3.635696	9.801156	5.110611	5.885824	31.101075	5.031156	1.300627	1.847056	3.543387	17.903678	13.921387	11.149643	8.642878	2.318584	1.113217	10.864968
2.350152	4.618983	4.232973	4.228615	9.917954	1.349092	9.460576	1.693879	1.836935	1.50874	5.252078	3.172553	2.716932	5.346975	4.436645	8.5943
1.265374	3.630612	2.721278	5.162472	34.701367	0.63935	0.285227	1.543755	8.654856	0.73872	8.230169	7.701907	4.982115	4.6188	1.779689	1.211265
3.737685	0.928366	0.371111	6.07908	5.012871	1.924866	3.534001	10.330974	0.729353	0.538146	0.252937	1.066777	1.587032	1.321844	5.189156	0.477314
3.77162	0.657421	2.827699	4.948893	1.734826	5.075694	5.856548	2.074472	0.715775	1.711421	0.527091	6.078099	0.048939	0.068521	3.343391	7.922172
0.312895	12.882135	4.886535	9.591841	30.875064	10.351664	0.844139	0.176129	12.041411	3.202635	1.68665	1.462572	0.938069	14.531466	2.04124	3.044501
1.661101	7.633912	1.238932	2.511373	13.198032	15.967893	2.563266	2.545488	3.35047	11.899114	2.329589	5.588056	9.825828	16.759562	5.271553	2.127856
0.185999	5.381031	0.488277	0.841508	9.654598	0.469553	0.31701	0.632288	1.773808	2.493785	1.25536	5.15074	5.633544	15.633608	5.491477	1.323643
2.547258	4.834758	21.695679	17.897277	12.526173	14.147344	7.878959	6.114104	4.617192	0.926062	6.611497	0.753828	0.31714	9.356515	5.199234	0.134176
0.062394	3.478931	3.869859	0.087447	10.671884	1.191566	0.423284	0.255105	3.510968	1.908163	1.694953	3.942324	3.484687	5.970242	3.435706	2.352942
0.781835	13.569769	0.67926	0.195699	17.198408	3.938159	2.453223	0.969804	0.807689	8.472629	0.198617	14.285022	14.674448	2.160903	0.820382	4.121072
10.059149	0.438747	1.669107	3.068885	2.76623	16.020003	7.661684	12.868082	5.312869	4.388544	6.465778	3.415286	1.983577	11.328547	4.000499	2.870716
5.165285	5.420103	0.190645	2.148218	21.048771	4.824951	0.786695	9.485064	11.101037	0.352072	2.783853	7.794567	7.444447	7.793576	1.058065	0.207104
0.726586	1.139096	1.22199	9.486889	1.909537	4.130861	0.187872	1.581125	4.764699	0.741897	0.286248	11.565288	0.738592	5.770269	4.577684	8.292477
5.00632	8.943931	3.016856	2.358205	25.059294	2.021449	0.679295	2.024625	2.682457	2.418713	1.305392	11.837208	7.483948	29.369539	2.719172	8.548654
3.337538	4.235384	2.719212	7.024575	4.867348	4.24407	0.741726	6.546742	1.543703	0.113879	6.911363	2.068097	0.71008	3.930788	0.364098	1.961391
1.343092	1.743265	2.389345	2.682402	8.95566	3.284539	0.566643	1.064186	5.578321	1.540464	0.514125	7.025737	3.021905	2.336554	1.322085	0.966597
1.225095	3.27462	0.179899	1.710451	0.739982	5.552009	3.219753	1.083232	0.563188	2.395424	0.071977	0.733674	1.591256	3.693623	4.130839	3.07156
10.453601	11.195079	8.127873	8.382811	24.706416	6.257794	1.059908	1.585142	4.570411	1.14405	0.473776	7.661019	9.593572	4.567253	1.657415	3.352749
1.682251	11.375617	6.074867	5.118545	37.241082	1.66804	0.715539	1.122451	4.686605	3.317353	4.350167	13.941821	4.288456	0.737365	15.933433	11.048754
0.694656	0.070531	3.0314	3.203052	11.705648	1.45969	1.328335	7.878545	2.954616	1.13228	2.831125	0.313707	2.635515	1.019947	0.7178	0.905137
0.420145	1.475754	0.2133	0.51956	2.621924	0.760046	0.04931	0.808201	0.322273	0.140848	0.974509	2.970989	4.109454	15.662153	0.406453	0.413594
2.949784	5.677033	0.023139	0.091876	4.744584	5.14149	8.504798	4.464557	3.97376	0.748389	2.987282	12.379486	2.030111	12.246947	6.885313	10.582803
0.951686	7.697987	5.243276	1.452564	12.185938	2.631653	5.31244	2.288212	0.468473	2.262329	0.171259	5.908174	2.506198	5.007509	1.680533	2.605195
1.115987	3.112959	9.445792	6.446882	8.221834	2.464556	0.364915	0.067809	0.420861	1.524515	1.039435	2.46591	11.839493	16.142511	0.949651	3.2299
2.867789	1.232393	1.546419	6.316692	43.042878	7.239026	0.697135	1.108251	1.648963	1.227198	0.534855	6.090811	7.554377	10.63367	1.265302	2.523845
1.905303	0.270877	0.120683	0.487421	12.753777	7.402392	2.726974	0.387136	0.693746	0.9636	1.243085	1.086645	3.455029	1.683374	0.629421	1.043394
2.801292	0.703109	4.660786	2.754997	4.5572	4.263621	13.145024	1.069383	3.107048	5.887578	6.84473	18.713873	3.129397	2.606308	15.515695	12.092683
1.79105	6.355523	2.176499	1.554428	14.450385	0.412361	0.161725	1.02392	1.792564	0.109017	1.418644	3.801392	3.026391	0.886817	4.691348	0.774833
0.005854	1.299738	1.739675	0.770095	13.588859	2.27284	0.687682	3.116015	4.953311	7.615783	14.586053	5.331124	8.901332	26.890974	0.714752	2.517837
1.928262	3.36442	0.451502	2.362239	9.605293	8.428648	3.849317	2.395705	0.295991	13.834744	1.248019	0.560037	4.022775	0.791351	1.40796	1.602984
0.688898	0.380611	0.10732	0.143132	13.779521	3.249509	1.989035	0.295787	0.344378	0.574866	0.855749	4.143095	0.399346	1.83488	0.119535	1.757834
5.443891	0.273838	1.850716	0.976567	7.917301	1.963903	0.579144	2.52599	0.470951	0.725282	0.02209	2.497649	0.96662	5.260834	1.467668	0.937195
1.371178	4.495546	6.71117	9.355615	6.227011	1.689187	0.922582	6.029521	5.439607	4.283646	5.252338	0.120421	0.286636	0.103273	0.74862	3.168935
3.383702	8.597174	2.66551	7.079701	18.88652	6.1631	6.479409	5.885751	11.834782	1.534282	11.862519	21.644142	7.114347	2.544367	4.00067	14.929004
2.010649	1.92558	0.366633	0.287524	18.795642	0.425396	0.711365	1.576562	0.383921	5.492824	0.464588	1.301938	3.2218	1.275527	2.624226	2.424036
0.590068	3.205062	0.277902	0.076118	7.908253	6.256833	2.144138	2.932975	1.085882	0.199348	1.341155	2.816078	0.14616	9.861068	4.871999	4.813067
7.236119	7.600852	6.594954	3.272171	9.798655	1.177359	2.663408	4.386936	2.94285	0.619856	0.425339	7.225326	3.236007	3.788356	1.850389	8.642218
2.280328	2.254179	1.76836	0.11214	3.348584	9.65567	1.969473	1.884716	2.431227	0.682341	0.00318	2.752394	1.524951	10.668124	2.658261	0.953145
